{
"type": "FeatureCollection",
"name": "limiti_ticino",
"crs": { "type": "name", "properties": { "name": "urn:ogc:def:crs:OGC:1.3:CRS84" } },
"features": [
{ "type": "Feature", "properties": { "objectid": 3672, "inspire_id": null, "cod_euap": "EUAP0218", "cod_legge": "a14", "dentro": 1, "nome": "Parco naturale del Ticino", "nome_breve": null, "id_localit": 3672, "localita": "Ticino", "ente": "409", "nome_ente": "Ente di gestione delle aree protette del Ticino e del Lago Maggiore", "tipol": "PNAT", "d_tipol": "Parco naturale", "tipo_ente": "G", "d_tipo_ent": "ente strumentale regionale", "patr": "R", "d_patr": "Regionale", "mese_istit": 8, "anno_istit": 1978, "mese_ultmo": null, "anno_ultmo": null, "sup_areapr": 65905434.587499999, "sup_locali": null, "perim_loca": null, "url1": null, "url2": "https://www.regione.piemonte.it/giscartografia/Parchi/carte/06_07_Valle del Ticino.zip", "codice": 236, "url3": "https://www.geoportale.piemonte.it/geonetwork/srv/ita/catalog.search#/metadata/r_piemon:4368c018-6b58-4834-b233-c45360cb1206", "url4": "https://www.regione.piemonte.it/web/temi/ambiente-territorio/biodiversita-aree-naturali/parchi/pianificazione-aree-protette", "tipo_geome": "poligono", "schema": "full", "note": "dati aggiornati il 07-05-2025" }, "geometry": { "type": "MultiPolygon", "coordinates": [ [ [ [ 8.613276379600324, 45.724931953347941 ], [ 8.614475665332687, 45.724796494296349 ], [ 8.61555706659048, 45.725160169588676 ], [ 8.616367155912815, 45.725090886303711 ], [ 8.617936109957851, 45.724925128859752 ], [ 8.619428317652382, 45.724705089540969 ], [ 8.621075511889702, 45.724368534650004 ], [ 8.622207635608085, 45.724183267336848 ], [ 8.624036274050752, 45.723613249125414 ], [ 8.625543438405447, 45.723069150780866 ], [ 8.62674109114749, 45.72268603593205 ], [ 8.627294606738493, 45.722543830323005 ], [ 8.627912429895783, 45.722392830692868 ], [ 8.628722603860542, 45.722242452955236 ], [ 8.629211264426374, 45.722190035161056 ], [ 8.629815515229406, 45.722146990646976 ], [ 8.630612575307946, 45.722095565686402 ], [ 8.631139664550684, 45.722061265458613 ], [ 8.631846299055262, 45.722081546224523 ], [ 8.632552757089657, 45.722128824417766 ], [ 8.633297019411263, 45.722167218797338 ], [ 8.633348360841754, 45.722176384360871 ], [ 8.634706905622753, 45.722419256976742 ], [ 8.634717290622898, 45.722428290968047 ], [ 8.635755223793524, 45.722634122449172 ], [ 8.637783916838401, 45.723018605190383 ], [ 8.639812385016901, 45.723191532686428 ], [ 8.640842413541888, 45.723257780808467 ], [ 8.641888033770211, 45.723085547669875 ], [ 8.643323616405073, 45.722716505712306 ], [ 8.644116851008956, 45.722444455305592 ], [ 8.645183192652821, 45.721975230520052 ], [ 8.645493339147285, 45.72182768027389 ], [ 8.646139514892853, 45.721438149125547 ], [ 8.64706256346193, 45.720761444647458 ], [ 8.647926872718017, 45.719972041746686 ], [ 8.648931734649, 45.719048052282503 ], [ 8.6490695075231, 45.718913463649123 ], [ 8.649281233131852, 45.718702595140492 ], [ 8.649653959782773, 45.718303203375037 ], [ 8.65031789586377, 45.717630177781786 ], [ 8.650359907916528, 45.717589802779905 ], [ 8.65048974951651, 45.717437186537211 ], [ 8.650732815717147, 45.717158905187681 ], [ 8.651213769058412, 45.716656329867575 ], [ 8.651698754143185, 45.716086258789197 ], [ 8.652088664210693, 45.715628406097331 ], [ 8.652528225102886, 45.715062693464148 ], [ 8.653032652141722, 45.714330661291562 ], [ 8.653460143312909, 45.713701902682828 ], [ 8.653545296548074, 45.713567148913278 ], [ 8.653669779971001, 45.713369508694043 ], [ 8.653857529877561, 45.713068550801871 ], [ 8.654029896578482, 45.712790048010433 ], [ 8.65406171033162, 45.712709137118395 ], [ 8.654215004861321, 45.71233156744286 ], [ 8.654389501952423, 45.711900056852755 ], [ 8.654573412990088, 45.711441572012099 ], [ 8.65477521821132, 45.710942637285243 ], [ 8.654970894127613, 45.710461685261627 ], [ 8.655069975322839, 45.710214462257461 ], [ 8.655071670129546, 45.710200966164003 ], [ 8.655095177180321, 45.710034522202534 ], [ 8.655099594152764, 45.709643000415547 ], [ 8.655076652784777, 45.709390908536335 ], [ 8.654963938469265, 45.709048537475454 ], [ 8.654801074847885, 45.708634008296642 ], [ 8.654582319139667, 45.708169805432235 ], [ 8.654024986511402, 45.70727253838794 ], [ 8.653438036269165, 45.706429183520761 ], [ 8.653322557796743, 45.706275819352889 ], [ 8.652893546610207, 45.705734467951771 ], [ 8.652271538572942, 45.704981008495452 ], [ 8.651570809777683, 45.704173300603017 ], [ 8.65095994263325, 45.703442369815072 ], [ 8.650618959437324, 45.702887777268764 ], [ 8.650563751229992, 45.702793099830771 ], [ 8.650411174023709, 45.702540610138009 ], [ 8.650236723639081, 45.702256550401444 ], [ 8.650006191125383, 45.701823805063952 ], [ 8.649818190870096, 45.70145869575633 ], [ 8.649715971232384, 45.70124236269826 ], [ 8.64962992138692, 45.701008077487103 ], [ 8.649490135462941, 45.700638615025817 ], [ 8.649364362613083, 45.700336701546149 ], [ 8.649357230396712, 45.700323178423019 ], [ 8.649277749753287, 45.700129416772754 ], [ 8.649201805182228, 45.699949167152717 ], [ 8.649068748983918, 45.69972373794706 ], [ 8.648949560851239, 45.699525353661862 ], [ 8.648700531519236, 45.699101549467841 ], [ 8.648642854309601, 45.698952858498089 ], [ 8.648495551489647, 45.698439358361604 ], [ 8.648313253673489, 45.697808739526984 ], [ 8.648183216914946, 45.697358297823065 ], [ 8.648068787688857, 45.697042916431123 ], [ 8.647897211734676, 45.696686855073303 ], [ 8.647838972603436, 45.696565164387877 ], [ 8.64736172574144, 45.695479092382456 ], [ 8.647017645386356, 45.694600448814903 ], [ 8.646734307548854, 45.69408652563596 ], [ 8.646399180444719, 45.693509435596972 ], [ 8.646132332980731, 45.693054067283924 ], [ 8.646125190783998, 45.693040543910634 ], [ 8.646052516257987, 45.692918807522254 ], [ 8.645805489278802, 45.692504003558611 ], [ 8.645311982859164, 45.69177790525265 ], [ 8.644693956132118, 45.690880401625343 ], [ 8.644095647720638, 45.690041461391914 ], [ 8.643536347298253, 45.689256644655615 ], [ 8.642689689272897, 45.688160397683234 ], [ 8.642679337948429, 45.688146864046097 ], [ 8.642578972906414, 45.688025038733521 ], [ 8.642411570990435, 45.687844498052897 ], [ 8.642189899573173, 45.687551276633997 ], [ 8.641937045634739, 45.687239955358002 ], [ 8.641708843135751, 45.6869647141922 ], [ 8.641578217545826, 45.686680777877356 ], [ 8.641325635030459, 45.686013922675116 ], [ 8.641098338882976, 45.685410152198202 ], [ 8.64090464867261, 45.684572464807069 ], [ 8.640842031442263, 45.684261738726462 ], [ 8.640737791539728, 45.683743862195492 ], [ 8.640617623829939, 45.683144927772275 ], [ 8.640559307118732, 45.682852216687024 ], [ 8.640542788528137, 45.682487630268838 ], [ 8.640514605855527, 45.68187548370495 ], [ 8.640483645931457, 45.681195821932839 ], [ 8.640464971304937, 45.680790724772187 ], [ 8.640492751507914, 45.680399275052871 ], [ 8.640504448871793, 45.680264299047863 ], [ 8.640523068009433, 45.680052837554001 ], [ 8.640550328709693, 45.679742393832484 ], [ 8.640591932851342, 45.679260978951945 ], [ 8.64064982214699, 45.678806617810139 ], [ 8.640723453492512, 45.678586328394815 ], [ 8.64078908757868, 45.678424519351331 ], [ 8.640854876911007, 45.6782402086099 ], [ 8.640901486043957, 45.678105342256828 ], [ 8.640943555864872, 45.677988463331246 ], [ 8.640975425994863, 45.677898554909412 ], [ 8.640984831767192, 45.677871581892944 ], [ 8.641009142724377, 45.677835654854285 ], [ 8.641108077127198, 45.677673950239736 ], [ 8.641164424290675, 45.677584118649548 ], [ 8.641267401925118, 45.677417926159919 ], [ 8.641299024090939, 45.677368520725409 ], [ 8.641391887977687, 45.6772157976513 ], [ 8.641462419973145, 45.677103508282883 ], [ 8.641571585845721, 45.676973338363688 ], [ 8.641681441718045, 45.676861172220754 ], [ 8.641772290901386, 45.6767714485242 ], [ 8.641856294385461, 45.676686203724017 ], [ 8.641977936758027, 45.67661457810906 ], [ 8.642077817096641, 45.676556385477653 ], [ 8.64219741090079, 45.676489253639581 ], [ 8.642267481554068, 45.676448969198169 ], [ 8.64233999695835, 45.676404191936932 ], [ 8.642429723666236, 45.676363968929195 ], [ 8.642597534060929, 45.676287986708864 ], [ 8.64279067187276, 45.676203082573572 ], [ 8.642992633371602, 45.676118205684048 ], [ 8.643181668927628, 45.676046789357585 ], [ 8.64344591661389, 45.675948604890934 ], [ 8.643726258180473, 45.675841469139826 ], [ 8.643924950019997, 45.675765581262077 ], [ 8.644161848387506, 45.675676310752529 ], [ 8.644254271573386, 45.67565409642863 ], [ 8.64499694454892, 45.675467388496656 ], [ 8.645766306470934, 45.675312261503841 ], [ 8.646104077092307, 45.675259303131043 ], [ 8.646416168397145, 45.675206264286295 ], [ 8.646751108155108, 45.675157795669421 ], [ 8.647198067716367, 45.675096170758856 ], [ 8.647626584395868, 45.675034487216472 ], [ 8.64828951830949, 45.674955522243614 ], [ 8.648947869507635, 45.674903541929318 ], [ 8.649728902006773, 45.674865435313826 ], [ 8.650241041930837, 45.674840001766732 ], [ 8.650836284040711, 45.674805819071828 ], [ 8.651348014427027, 45.674780379310548 ], [ 8.651789100595371, 45.674759222393448 ], [ 8.652128222098129, 45.674746754205735 ], [ 8.652452905144003, 45.674734241089148 ], [ 8.653164463874878, 45.674704900481665 ], [ 8.654143733001776, 45.674662864899538 ], [ 8.655564465201344, 45.674604150998668 ], [ 8.656843472233243, 45.67455849511714 ], [ 8.658025731600373, 45.674521536224319 ], [ 8.659063493886244, 45.674493134838585 ], [ 8.659935508974785, 45.674468731215164 ], [ 8.660508996695023, 45.674447934660066 ], [ 8.660702786736039, 45.674448510357813 ], [ 8.660988404342218, 45.674458359114169 ], [ 8.661268789192379, 45.674472692073316 ], [ 8.661421248797417, 45.674473144003144 ], [ 8.661671216260606, 45.674473884531302 ], [ 8.661725374322646, 45.674474044902368 ], [ 8.661930404610809, 45.674474651798739 ], [ 8.661994970347424, 45.674479343270747 ], [ 8.662452129101872, 45.674521198775622 ], [ 8.663200004891426, 45.67459091244929 ], [ 8.663623032841585, 45.674637163075502 ], [ 8.664254391559183, 45.674733529309904 ], [ 8.664909736186393, 45.674847964132489 ], [ 8.665223171304579, 45.674902888198964 ], [ 8.665418756060394, 45.674939464604783 ], [ 8.665825143335343, 45.67501716135574 ], [ 8.666214226823598, 45.675103806967769 ], [ 8.66684852308013, 45.67524967217863 ], [ 8.667410728407337, 45.675372821864357 ], [ 8.668145277038953, 45.67552797253596 ], [ 8.668684304909963, 45.675637547329387 ], [ 8.668986863260578, 45.67570143037895 ], [ 8.669403933927152, 45.675806147923289 ], [ 8.669901159082382, 45.675929097287437 ], [ 8.670175175390295, 45.676001895574878 ], [ 8.67062467880333, 45.676120203574456 ], [ 8.671158277157483, 45.67626575446895 ], [ 8.671835717067804, 45.676447719570888 ], [ 8.672420216511126, 45.676606912049571 ], [ 8.673156514759995, 45.676811540205264 ], [ 8.67360718093534, 45.676938840636922 ], [ 8.674003755257317, 45.677052483664227 ], [ 8.674239697612723, 45.677120663109505 ], [ 8.674498454933389, 45.677197907929887 ], [ 8.674786881977933, 45.677279737053674 ], [ 8.675080501477947, 45.677366080644674 ], [ 8.675545745604625, 45.67747091272981 ], [ 8.676028203397999, 45.677584792590501 ], [ 8.676359046755929, 45.677617233294761 ], [ 8.676863931512663, 45.677668167149122 ], [ 8.677331985752975, 45.677705493470285 ], [ 8.677613236638702, 45.677710787893488 ], [ 8.677934554978371, 45.677725195440601 ], [ 8.67857735843854, 45.677727005720136 ], [ 8.678758897323799, 45.677696013318155 ], [ 8.679058092098206, 45.677651849921148 ], [ 8.679461299282231, 45.677589975897227 ], [ 8.679831957589379, 45.67753701009616 ], [ 8.680178623125798, 45.67747047464249 ], [ 8.680536171262162, 45.677394967709368 ], [ 8.680741213544614, 45.677323534013773 ], [ 8.680871875775381, 45.677278894780251 ], [ 8.681080932579185, 45.677207471687389 ], [ 8.681249385025987, 45.677149436218791 ], [ 8.681325131427521, 45.677095642377395 ], [ 8.68147776332788, 45.676997058576951 ], [ 8.681596185484089, 45.676916380951397 ], [ 8.681691204733982, 45.676858140147353 ], [ 8.681815314677628, 45.676696470408345 ], [ 8.681928900573487, 45.676548272519732 ], [ 8.68201497801487, 45.676440501820657 ], [ 8.682114021352328, 45.676238258105208 ], [ 8.682166399844446, 45.676130393515351 ], [ 8.68223293564871, 45.676000066127322 ], [ 8.682266054368188, 45.675892147916208 ], [ 8.682311399143449, 45.675748260249257 ], [ 8.682359633081871, 45.675590879302284 ], [ 8.682411113737311, 45.675429006925562 ], [ 8.68242159838473, 45.675348028320542 ], [ 8.68243961353922, 45.675213065477202 ], [ 8.682450058868364, 45.675141087618776 ], [ 8.682467964802665, 45.674740599034493 ], [ 8.682474852937785, 45.674587603519861 ], [ 8.682445271479233, 45.674497512675245 ], [ 8.682309912948643, 45.674096597959178 ], [ 8.682253884533104, 45.673929926172839 ], [ 8.682117254768547, 45.673754029250624 ], [ 8.681878230827113, 45.673451834988001 ], [ 8.681694172006878, 45.673221800279997 ], [ 8.681612904898003, 45.673118063885667 ], [ 8.681525652680866, 45.673009810315115 ], [ 8.681403553510473, 45.672892458638785 ], [ 8.681272670490644, 45.672766081459052 ], [ 8.681116635083855, 45.672617131760127 ], [ 8.680973388126532, 45.672477218421754 ], [ 8.680764285005873, 45.6722786152691 ], [ 8.680520070186502, 45.672043910079132 ], [ 8.680388589369308, 45.671953533662169 ], [ 8.680183134718124, 45.671817945702081 ], [ 8.67979021874303, 45.671560320397639 ], [ 8.679442880606205, 45.671329824226518 ], [ 8.679032415649431, 45.671054145315608 ], [ 8.678702653446068, 45.6708371975527 ], [ 8.67846885799081, 45.670679024603231 ], [ 8.677956954497436, 45.670322048441435 ], [ 8.677505817955693, 45.670005745426607 ], [ 8.67704109483878, 45.669680401335057 ], [ 8.676651112925638, 45.669404771687127 ], [ 8.676301949260269, 45.669147258096196 ], [ 8.675822550791228, 45.668794864800788 ], [ 8.675492547479035, 45.668555404818648 ], [ 8.675126976383732, 45.66829334055528 ], [ 8.674771367290274, 45.668044804778816 ], [ 8.67451043899066, 45.667864044221794 ], [ 8.67386394335629, 45.667412156825087 ], [ 8.673315353964421, 45.667028052297049 ], [ 8.673068025405492, 45.666856328174696 ], [ 8.672858274316591, 45.66670721330852 ], [ 8.671801465526729, 45.665970610881828 ], [ 8.671510602250114, 45.665767255214114 ], [ 8.671312573532951, 45.665604669870142 ], [ 8.670890659510469, 45.665243420145742 ], [ 8.670710568792959, 45.664963874005444 ], [ 8.670532776698764, 45.664567322777565 ], [ 8.670448109159892, 45.664364558807669 ], [ 8.670261380588403, 45.663918476499809 ], [ 8.670079765591586, 45.663490410379119 ], [ 8.670026663762005, 45.663242732807745 ], [ 8.669971264097077, 45.662909540193347 ], [ 8.670009316566761, 45.662099570757654 ], [ 8.670219692335289, 45.661249594778567 ], [ 8.670565223302317, 45.660539521814684 ], [ 8.671605902264957, 45.659210386863073 ], [ 8.672577062529928, 45.658308585118981 ], [ 8.672914600909628, 45.657999021346448 ], [ 8.673371045937415, 45.657658293468266 ], [ 8.67427883407564, 45.656954315409898 ], [ 8.6749623307644, 45.656258693031283 ], [ 8.675463015725496, 45.655823573186261 ], [ 8.676090631289826, 45.655285300795164 ], [ 8.677189859681324, 45.654338817794404 ], [ 8.678526671246647, 45.653289482547102 ], [ 8.679640662633917, 45.652271010003119 ], [ 8.680085618566235, 45.651889718705483 ], [ 8.681096386037757, 45.651028458365964 ], [ 8.68197294561844, 45.65027932669404 ], [ 8.683048957627728, 45.649359724585061 ], [ 8.68338101728872, 45.649077116923976 ], [ 8.683904027708641, 45.648358492961641 ], [ 8.684777936503854, 45.647208791807628 ], [ 8.685740110139248, 45.645973817952857 ], [ 8.686770521583115, 45.644649013750183 ], [ 8.687455544530099, 45.643768800673584 ], [ 8.687909493716763, 45.643189482894201 ], [ 8.688276205571722, 45.642722436658765 ], [ 8.688431248658281, 45.642241310761349 ], [ 8.688591578225855, 45.641746697652337 ], [ 8.688690749334764, 45.641436436389 ], [ 8.688767517513616, 45.641040605298485 ], [ 8.688834795214531, 45.640694253317001 ], [ 8.688918621131004, 45.640257937172834 ], [ 8.688983840786275, 45.639920580369214 ], [ 8.68904073725423, 45.639565199018676 ], [ 8.689043500507362, 45.639065655593889 ], [ 8.689046139221801, 45.638588614084114 ], [ 8.6890482800169, 45.638201580376872 ], [ 8.689049599322386, 45.637963059590646 ], [ 8.688949201275928, 45.637701759590072 ], [ 8.688715974885358, 45.637098062635047 ], [ 8.688642043807116, 45.636908841812378 ], [ 8.688558231606915, 45.636692591232311 ], [ 8.688513947864523, 45.636579958972263 ], [ 8.6883733379555, 45.636413058442841 ], [ 8.688051056267735, 45.636034140118539 ], [ 8.687615268873275, 45.635519896687114 ], [ 8.687413315914345, 45.635280819796783 ], [ 8.687299795720426, 45.635145495262364 ], [ 8.686645731768341, 45.63487817582461 ], [ 8.686033296548866, 45.634624468431092 ], [ 8.685763266246642, 45.634515714893155 ], [ 8.685370848702732, 45.634352618164087 ], [ 8.684817209983686, 45.634126068919052 ], [ 8.684465997734819, 45.633981084597004 ], [ 8.684387188577574, 45.633949363657955 ], [ 8.684016367897682, 45.633867330262341 ], [ 8.68341650955162, 45.633735156092513 ], [ 8.682998435127118, 45.633643987504549 ], [ 8.682467856592087, 45.633525501956996 ], [ 8.681999333242619, 45.633425188549182 ], [ 8.681742633799496, 45.633370468154894 ], [ 8.681439101126825, 45.633374122628226 ], [ 8.680941100928111, 45.633381733808534 ], [ 8.680561764918979, 45.633389674683137 ], [ 8.680198466105448, 45.633397659192767 ], [ 8.67959982131454, 45.633404982743713 ], [ 8.679383988446252, 45.633426879538654 ], [ 8.678624922803445, 45.63365427037003 ], [ 8.677842530618525, 45.633890591298666 ], [ 8.677203538054536, 45.634082307500861 ], [ 8.676492633480102, 45.634296318822351 ], [ 8.675829517609266, 45.634496959937984 ], [ 8.675324117741747, 45.634810557103194 ], [ 8.674225897223129, 45.63550500235155 ], [ 8.673717245644593, 45.635823083543791 ], [ 8.67337683569011, 45.636375667587423 ], [ 8.67298624946784, 45.637004614783962 ], [ 8.672894765984031, 45.637152868088783 ], [ 8.672759060124799, 45.637872553133995 ], [ 8.672669674309395, 45.63834934582588 ], [ 8.672569978722898, 45.638875613914188 ], [ 8.672544334990846, 45.639010554196354 ], [ 8.672435636131311, 45.639221764164908 ], [ 8.672260855971649, 45.639558797318728 ], [ 8.67204346482629, 45.639981216583998 ], [ 8.671917734230538, 45.640223880338908 ], [ 8.671622455170489, 45.640799090621833 ], [ 8.671514183931864, 45.641005800419578 ], [ 8.670959738298039, 45.641395744673034 ], [ 8.670764466361735, 45.641530195809828 ], [ 8.670369655418854, 45.641637068300007 ], [ 8.669790880366365, 45.64179741332547 ], [ 8.669136180437754, 45.641980037835417 ], [ 8.668091870980378, 45.642269538289177 ], [ 8.66749540668069, 45.642434320731823 ], [ 8.66719053980718, 45.642518941684067 ], [ 8.666285016561407, 45.642732322060517 ], [ 8.665364770322011, 45.642923149845487 ], [ 8.664919878223744, 45.643020855858545 ], [ 8.663566220764292, 45.643129388896085 ], [ 8.663221600463059, 45.64315537624055 ], [ 8.66269564880548, 45.643126821830165 ], [ 8.661988928959174, 45.643084228932025 ], [ 8.661558413836058, 45.643055951614429 ], [ 8.661257620857354, 45.642929047348829 ], [ 8.660856054940561, 45.642756838610516 ], [ 8.660531662123059, 45.64262086145164 ], [ 8.660204090113099, 45.64248037345552 ], [ 8.659973699733087, 45.642250164666564 ], [ 8.659602201636453, 45.641880020873295 ], [ 8.659461501018844, 45.641740087378828 ], [ 8.659395702974248, 45.641613878419882 ], [ 8.659182423160306, 45.641208201161866 ], [ 8.658994536397898, 45.640847603856308 ], [ 8.658979753111446, 45.640838558812241 ], [ 8.658983820477689, 45.640829570037369 ], [ 8.658879339114488, 45.640536728329273 ], [ 8.658799048401505, 45.640221456469106 ], [ 8.658691772753352, 45.63979359244771 ], [ 8.658593082911672, 45.639406258084648 ], [ 8.658494478261716, 45.638937915593118 ], [ 8.658425495267167, 45.63860917580385 ], [ 8.658372903311614, 45.638356992791145 ], [ 8.658377628910531, 45.638172488058807 ], [ 8.658432192815214, 45.637704603334356 ], [ 8.658460135643834, 45.637461662002345 ], [ 8.65846944597692, 45.637380681542751 ], [ 8.65878581983254, 45.637048592806963 ], [ 8.659494377390899, 45.636312631246078 ], [ 8.660754867321423, 45.635204767137978 ], [ 8.661399087181488, 45.634689125145592 ], [ 8.662017827042773, 45.634209407802039 ], [ 8.662428299275069, 45.633891088538839 ], [ 8.662906582271315, 45.633496460008885 ], [ 8.66352025585131, 45.632989716696422 ], [ 8.663841642409682, 45.632680130796288 ], [ 8.664137216635472, 45.632397470880079 ], [ 8.664445543138845, 45.632060842063794 ], [ 8.664872645409945, 45.631571545067679 ], [ 8.665488641192773, 45.63079927034493 ], [ 8.665703409172854, 45.63048486638457 ], [ 8.665918586352875, 45.630165962733642 ], [ 8.666166958934227, 45.629793150067293 ], [ 8.666255530495611, 45.629662895318646 ], [ 8.666257854187471, 45.629271361482509 ], [ 8.666259483414121, 45.628996837742179 ], [ 8.666194593094412, 45.628717619174893 ], [ 8.666125428601152, 45.628415885726795 ], [ 8.6660609361223, 45.628136668217699 ], [ 8.66589424169697, 45.627987665385078 ], [ 8.665511472031328, 45.62763550878546 ], [ 8.665148620501139, 45.627305911608026 ], [ 8.664860087902566, 45.627017035526272 ], [ 8.664567295865856, 45.626705643848737 ], [ 8.664286041842878, 45.626407786718261 ], [ 8.664204778299318, 45.626322038965831 ], [ 8.663975477165334, 45.626118843609149 ], [ 8.663783595353902, 45.625893255568712 ], [ 8.663696793015824, 45.62579398973638 ], [ 8.663475475950539, 45.625397296645446 ], [ 8.663191473960692, 45.62489240701246 ], [ 8.663187516235293, 45.624883394402922 ], [ 8.663128404964127, 45.624779709287395 ], [ 8.663052597197646, 45.624585965479341 ], [ 8.662917579771024, 45.624239030908512 ], [ 8.662814660092851, 45.623887690427466 ], [ 8.662722722051294, 45.623441872348323 ], [ 8.66271856187937, 45.623266341665726 ], [ 8.662768652635222, 45.622600419665631 ], [ 8.662949900994091, 45.622056397369931 ], [ 8.663042964385262, 45.621845149675195 ], [ 8.663127091865881, 45.621651877439625 ], [ 8.663353001782697, 45.621346511198233 ], [ 8.663588918708399, 45.62110868106658 ], [ 8.663739349720506, 45.620956107847647 ], [ 8.663799029994104, 45.62089777733943 ], [ 8.664382477098965, 45.620593460667394 ], [ 8.664876526574622, 45.620288878787839 ], [ 8.665257083137409, 45.620127977440021 ], [ 8.665621020363346, 45.619998529498076 ], [ 8.666527285577189, 45.619803157641435 ], [ 8.666939497961552, 45.619777357315712 ], [ 8.667430687514246, 45.619751785442951 ], [ 8.667944215087742, 45.619811785405965 ], [ 8.668477025258703, 45.61986283807002 ], [ 8.669087903708082, 45.619932116307645 ], [ 8.669764183239229, 45.620060086518407 ], [ 8.670104792545136, 45.620146579623984 ], [ 8.670473538767846, 45.62028715856696 ], [ 8.67097065940926, 45.620482111813232 ], [ 8.67205056313005, 45.620957766736424 ], [ 8.673093572422271, 45.6214423067863 ], [ 8.673599689587959, 45.621677778551479 ], [ 8.673817625763213, 45.621768410474949 ], [ 8.674504583310556, 45.621995393467373 ], [ 8.674773104623647, 45.622072666260891 ], [ 8.675090085068627, 45.622159077199342 ], [ 8.675992577534531, 45.622341659297888 ], [ 8.676835826685888, 45.622438557713281 ], [ 8.677576105515474, 45.622458651303845 ], [ 8.67861507183355, 45.622398572259506 ], [ 8.679038707433723, 45.622341257114144 ], [ 8.679664770205445, 45.622144993540623 ], [ 8.680092044780055, 45.622011176655199 ], [ 8.680446634135329, 45.621899657241364 ], [ 8.680938143029952, 45.621748014952125 ], [ 8.681282686718466, 45.621640965354544 ], [ 8.681696703900661, 45.621439598372461 ], [ 8.682338637435789, 45.621126352028526 ], [ 8.682660202063119, 45.620969729158467 ], [ 8.683010305196131, 45.620799683149109 ], [ 8.683178966555145, 45.620674137755188 ], [ 8.683502157786235, 45.620441008958267 ], [ 8.683938061557459, 45.620122682119273 ], [ 8.684330574956237, 45.619822235609391 ], [ 8.684566169879593, 45.619624865485363 ], [ 8.684870613571084, 45.619301671514016 ], [ 8.685208201734193, 45.618929062822602 ], [ 8.685555047456731, 45.618547477640597 ], [ 8.685920416051102, 45.618080433267991 ], [ 8.686232884423559, 45.617680749549685 ], [ 8.686438358424605, 45.617420286092155 ], [ 8.686633356228551, 45.617168794470061 ], [ 8.686894134541818, 45.616836474231576 ], [ 8.687114137587823, 45.616558047432697 ], [ 8.687374055666094, 45.616234724662043 ], [ 8.687665117603393, 45.615933988821361 ], [ 8.687919504820607, 45.615669155862939 ], [ 8.688212158294673, 45.615368422947029 ], [ 8.688426329696783, 45.6151259814593 ], [ 8.68872761997563, 45.614784766445318 ], [ 8.689026579343786, 45.614430042835941 ], [ 8.689371700556418, 45.613989934850338 ], [ 8.689604221575834, 45.613689034760377 ], [ 8.69005224658917, 45.613118690303203 ], [ 8.690348131030843, 45.612736951911302 ], [ 8.690710575687005, 45.612274384305572 ], [ 8.691360667684602, 45.611614571853679 ], [ 8.691804217654269, 45.611197224592082 ], [ 8.692311168202725, 45.610838552615341 ], [ 8.692898524711039, 45.610430589245404 ], [ 8.693666485546157, 45.609901594243702 ], [ 8.694035285828308, 45.609664057027551 ], [ 8.694274643484352, 45.60949817999299 ], [ 8.694352352954272, 45.609430880693566 ], [ 8.693932393674812, 45.609276739914925 ], [ 8.693989494607431, 45.609240889022729 ], [ 8.694433985242451, 45.609012554182812 ], [ 8.695325296936685, 45.608564886469814 ], [ 8.695961966682949, 45.608220045466652 ], [ 8.696055208886024, 45.608170788266051 ], [ 8.696349655724191, 45.607820533567008 ], [ 8.696519441082815, 45.607622963444129 ], [ 8.696586310184465, 45.607411618316391 ], [ 8.696436235872669, 45.607298707525501 ], [ 8.696187443389837, 45.607284544695979 ], [ 8.695956686099432, 45.607270429325894 ], [ 8.695740179664666, 45.607287854834979 ], [ 8.695429924700271, 45.607228521800707 ], [ 8.695148268740491, 45.607065753104635 ], [ 8.694584648716958, 45.606875227328281 ], [ 8.694238158738338, 45.606698781573705 ], [ 8.693992779146173, 45.606572110979243 ], [ 8.693918470201416, 45.606531407544381 ], [ 8.693703019199448, 45.606355311173324 ], [ 8.693564997113315, 45.605796880867004 ], [ 8.693326511464191, 45.605805241875764 ], [ 8.693096369044495, 45.605827126257154 ], [ 8.692973667127577, 45.605840298008793 ], [ 8.692737613697499, 45.605695647821037 ], [ 8.692844973641767, 45.605556421478951 ], [ 8.693272783744707, 45.60492750291597 ], [ 8.693594367722255, 45.604451314359345 ], [ 8.693638415832238, 45.604383925197119 ], [ 8.694369976701418, 45.603751316093124 ], [ 8.694961223711596, 45.603275844718368 ], [ 8.695517685671479, 45.60285878387748 ], [ 8.696074152026032, 45.602437219820018 ], [ 8.696165908968382, 45.602365456088343 ], [ 8.69662336964425, 45.602245158672531 ], [ 8.697237075354817, 45.601909250179361 ], [ 8.697441200820345, 45.601729771443232 ], [ 8.697530169730681, 45.601653498734471 ], [ 8.69780195989004, 45.601483199458855 ], [ 8.69807698983719, 45.601308407605309 ], [ 8.699111084076792, 45.600658565018414 ], [ 8.699463304372051, 45.600434467700254 ], [ 8.700116891439015, 45.599900626989388 ], [ 8.700381653203042, 45.599694299154343 ], [ 8.700625307964456, 45.599537420780301 ], [ 8.70135499186946, 45.599080280639612 ], [ 8.701987781217431, 45.598685889949962 ], [ 8.70271365113193, 45.598264735045369 ], [ 8.703294370991927, 45.597937708922721 ], [ 8.703569739186268, 45.597767405110034 ], [ 8.703884061820977, 45.597579199641366 ], [ 8.704548315750966, 45.5972883875394 ], [ 8.704612565602339, 45.597261550736725 ], [ 8.704834333393961, 45.597073103279982 ], [ 8.705159516159167, 45.596799412984574 ], [ 8.705332183491249, 45.596651342244144 ], [ 8.705417708741249, 45.596539050503132 ], [ 8.70545624400787, 45.596296123260935 ], [ 8.705482165660717, 45.595859642275784 ], [ 8.705484284345888, 45.595684128503279 ], [ 8.705440473427103, 45.595404984957476 ], [ 8.70540455258263, 45.595148364196689 ], [ 8.705381288302013, 45.594923279511953 ], [ 8.705369487464209, 45.594806236235421 ], [ 8.705329821042184, 45.594423591925946 ], [ 8.705278483448435, 45.594126426863355 ], [ 8.705199622090316, 45.593730179853345 ], [ 8.70513686135096, 45.593473489667225 ], [ 8.705064301532994, 45.593176269679461 ], [ 8.705024287231875, 45.593014148533776 ], [ 8.704865036783428, 45.592361165352969 ], [ 8.704602613607996, 45.591293869452045 ], [ 8.704500243209891, 45.590875058483959 ], [ 8.704408477190102, 45.590496779309099 ], [ 8.704178623946591, 45.589560080800652 ], [ 8.704039385123471, 45.588992657363541 ], [ 8.704001730158673, 45.588839542849954 ], [ 8.703955217466385, 45.588695406363115 ], [ 8.703705077069085, 45.588190701967854 ], [ 8.703584694006947, 45.588001368700986 ], [ 8.703412011435541, 45.587775895534854 ], [ 8.703206152492809, 45.587536834410763 ], [ 8.702855359497953, 45.587130877508862 ], [ 8.702615666513609, 45.586851222779849 ], [ 8.702524965312367, 45.586729473121181 ], [ 8.702458235000661, 45.586621287326032 ], [ 8.702348341183649, 45.586494987031088 ], [ 8.701847737874175, 45.586012128007468 ], [ 8.701569454556262, 45.585759373309472 ], [ 8.701393560542909, 45.585614897635509 ], [ 8.701151446998544, 45.585416242457221 ], [ 8.700983513323926, 45.585280787970241 ], [ 8.700777699099284, 45.585113730507281 ], [ 8.700497300962509, 45.584883470126563 ], [ 8.700290709492092, 45.584711909234571 ], [ 8.700057041423731, 45.584508773359396 ], [ 8.699772015991551, 45.584246995507556 ], [ 8.699573866742929, 45.5840709549839 ], [ 8.699282448862471, 45.583804658576021 ], [ 8.699099077481234, 45.583637657120732 ], [ 8.698915299325556, 45.583470654294025 ], [ 8.698759019069763, 45.58333072669982 ], [ 8.698611525258059, 45.583195322572834 ], [ 8.698349232655101, 45.582956103599436 ], [ 8.697975697506925, 45.582617578881369 ], [ 8.697803220232768, 45.582437102600871 ], [ 8.697533748580623, 45.582116853659251 ], [ 8.697164513728072, 45.581652323501793 ], [ 8.6969584526825, 45.581386247294162 ], [ 8.696616721963608, 45.580948791293714 ], [ 8.696264244119153, 45.580497804146752 ], [ 8.696012913987825, 45.580159597718293 ], [ 8.695785876141883, 45.579848458444893 ], [ 8.695542940433338, 45.579514773803631 ], [ 8.695409725388417, 45.579334398442093 ], [ 8.695296285330313, 45.579203581237046 ], [ 8.694996493566483, 45.578865243222388 ], [ 8.694809386391182, 45.578653219691766 ], [ 8.694632064385171, 45.578409718455177 ], [ 8.694433684721369, 45.578134657058257 ], [ 8.694267501922544, 45.577904686550703 ], [ 8.694135902721635, 45.577724313976489 ], [ 8.694029207960162, 45.577530506428559 ], [ 8.693858235939187, 45.577224013839199 ], [ 8.693761351536317, 45.576994228249454 ], [ 8.693631367664739, 45.576665342620998 ], [ 8.693578434018214, 45.576530185394397 ], [ 8.693555890388815, 45.576476118820459 ], [ 8.693571857311571, 45.576192629607739 ], [ 8.693582065666256, 45.576008136128912 ], [ 8.693611065604481, 45.575832694062974 ], [ 8.693683614169537, 45.575675370801605 ], [ 8.693842045136009, 45.57533825731673 ], [ 8.694077089190216, 45.574834829926175 ], [ 8.694411583748117, 45.574381173698931 ], [ 8.694545127954001, 45.574201510449804 ], [ 8.694881704482766, 45.573878373170871 ], [ 8.695163155885675, 45.573604593414096 ], [ 8.695404902543947, 45.573411716287765 ], [ 8.695693160512354, 45.573209961529479 ], [ 8.695928733390092, 45.573048570413953 ], [ 8.696195060599148, 45.572900762135809 ], [ 8.696452986079848, 45.572752930908386 ], [ 8.696735342179062, 45.572605163953895 ], [ 8.697178978976467, 45.57240381779993 ], [ 8.69757926809727, 45.572220357216246 ], [ 8.697920538363531, 45.572063742245206 ], [ 8.698259767052372, 45.571911621370056 ], [ 8.698629748801153, 45.571777582667281 ], [ 8.699233292935014, 45.571630656400522 ], [ 8.699826238751889, 45.571515202679954 ], [ 8.700302556401725, 45.571417442015722 ], [ 8.700628888664953, 45.571355290505309 ], [ 8.701423518415734, 45.571195351725059 ], [ 8.702278273367911, 45.571026563101697 ], [ 8.702983113353612, 45.570879880957627 ], [ 8.703826314284871, 45.570697549162269 ], [ 8.704028396083789, 45.570653067780285 ], [ 8.704585935875654, 45.570411483229087 ], [ 8.704939540865862, 45.570187371438628 ], [ 8.705368619980952, 45.569621414187672 ], [ 8.705653049200359, 45.569145092932565 ], [ 8.705767871092247, 45.568938365074452 ], [ 8.705773149208273, 45.568924877125795 ], [ 8.70588535043121, 45.568682138275406 ], [ 8.705992739206188, 45.568439386918911 ], [ 8.706054596707249, 45.568250524480845 ], [ 8.706233902719809, 45.567580408959621 ], [ 8.706288901651241, 45.567247512228171 ], [ 8.706329151794431, 45.566901075988547 ], [ 8.706335808025996, 45.566775078651141 ], [ 8.706361717256685, 45.566415103955407 ], [ 8.706145774963874, 45.565586453609392 ], [ 8.705980285847573, 45.564915450718161 ], [ 8.705779541621, 45.564172348421913 ], [ 8.705425541576068, 45.563559365624677 ], [ 8.705416710807004, 45.563104790454069 ], [ 8.705594893807785, 45.562340161525597 ], [ 8.705796366528611, 45.561638599482528 ], [ 8.706038046068853, 45.560905636824906 ], [ 8.70632291362303, 45.560105276779204 ], [ 8.70661316287082, 45.559421943303278 ], [ 8.707015497413995, 45.558590379293314 ], [ 8.707091073935352, 45.55837904854075 ], [ 8.707145088384253, 45.558230669775206 ], [ 8.707161782268338, 45.558100197407718 ], [ 8.70723977514405, 45.557501827734818 ], [ 8.707216610655573, 45.556642168334896 ], [ 8.707187165219054, 45.555989516835595 ], [ 8.707274236955687, 45.555566690663419 ], [ 8.707416784088107, 45.555103501766048 ], [ 8.707578465889142, 45.5545773542772 ], [ 8.707650531343276, 45.554113984564964 ], [ 8.707357383370995, 45.55343365448752 ], [ 8.70728520230657, 45.55299241792963 ], [ 8.707262710091431, 45.552389289650584 ], [ 8.707123373970862, 45.552082896629429 ], [ 8.706871747010887, 45.551582692632223 ], [ 8.706551958477199, 45.550641261155477 ], [ 8.706457867104373, 45.550258474450644 ], [ 8.70643005227301, 45.549988371219804 ], [ 8.706462229270397, 45.549650914197663 ], [ 8.706618625986071, 45.549214764583432 ], [ 8.706854409843576, 45.548832824834641 ], [ 8.706970097607623, 45.548450576569763 ], [ 8.707220415275787, 45.547735634004297 ], [ 8.707457331822127, 45.547209678809452 ], [ 8.707792009509999, 45.546512952972527 ], [ 8.708078536703916, 45.545991623802301 ], [ 8.708087841412501, 45.545973645449976 ], [ 8.708423191516376, 45.545375931058132 ], [ 8.708888512975697, 45.544414003692424 ], [ 8.709507359367175, 45.543564978143358 ], [ 8.709936401161839, 45.542724468389679 ], [ 8.710453915231906, 45.542113708501255 ], [ 8.711201865821739, 45.541134485049447 ], [ 8.711531235496185, 45.540676262549297 ], [ 8.712010838960015, 45.539957386758843 ], [ 8.712663613022521, 45.539108428984278 ], [ 8.713136255715517, 45.538335524302994 ], [ 8.713821904979936, 45.537545149231391 ], [ 8.714195313993502, 45.537078028005418 ], [ 8.714443361923774, 45.536705103551071 ], [ 8.714686615759327, 45.536485184919613 ], [ 8.714642569023555, 45.536489575437948 ], [ 8.714805215473589, 45.536381968658823 ], [ 8.715209697829811, 45.536018434024299 ], [ 8.715787022213366, 45.535587819989779 ], [ 8.716595110270019, 45.535031760601342 ], [ 8.717140498047371, 45.534659567454106 ], [ 8.717911836067355, 45.534161914700334 ], [ 8.718521956374854, 45.533807876903317 ], [ 8.719146411402035, 45.533386362935843 ], [ 8.71970045245047, 45.532960172224435 ], [ 8.720194772877694, 45.532385314607446 ], [ 8.720402532629809, 45.532052783111311 ], [ 8.720591592355319, 45.531616692975312 ], [ 8.720642342223105, 45.531148760529284 ], [ 8.720557372829258, 45.53060848738621 ], [ 8.720301442925129, 45.530081297293961 ], [ 8.719762465081565, 45.529499406005577 ], [ 8.719281223474376, 45.52905717093175 ], [ 8.718540426250488, 45.528821319682898 ], [ 8.717893923820432, 45.528459681234047 ], [ 8.717171701566405, 45.528034844000814 ], [ 8.716373311601554, 45.527717826202704 ], [ 8.715786147156356, 45.52733832087857 ], [ 8.715197317868641, 45.526895800695115 ], [ 8.714682254560081, 45.52642645842343 ], [ 8.714052817395499, 45.525785806709436 ], [ 8.713919942813099, 45.525551445498401 ], [ 8.713282488021045, 45.524996279792092 ], [ 8.712873232750505, 45.52458120132156 ], [ 8.712537939400221, 45.524179809150553 ], [ 8.712168412419395, 45.523742325313016 ], [ 8.711941344675536, 45.523386209480364 ], [ 8.711676727427678, 45.522858977480318 ], [ 8.711470465310022, 45.522268884511988 ], [ 8.71141595336328, 45.521895201052104 ], [ 8.711527063856144, 45.521373417703614 ], [ 8.71162346427877, 45.520752584913865 ], [ 8.711774870147119, 45.520253405702164 ], [ 8.712057749895401, 45.519628542237363 ], [ 8.712469350404561, 45.519026504846778 ], [ 8.713329840995566, 45.51843009386149 ], [ 8.714320365486035, 45.51775299162297 ], [ 8.715467389646918, 45.517220288406492 ], [ 8.716533093729341, 45.516781883521531 ], [ 8.71741534187367, 45.51646002942644 ], [ 8.717990042137709, 45.516110406314986 ], [ 8.718724046332008, 45.515666660980457 ], [ 8.719220402746878, 45.515217826449351 ], [ 8.719649274396645, 45.514741820780522 ], [ 8.71983788643762, 45.514143709404543 ], [ 8.719873103140737, 45.513414705405303 ], [ 8.719898794389845, 45.512996216485789 ], [ 8.719879235519876, 45.512582117133725 ], [ 8.719800045162298, 45.511852832347365 ], [ 8.719696997059806, 45.511172995031096 ], [ 8.719709517791978, 45.510101892403718 ], [ 8.719774607199865, 45.509480974683548 ], [ 8.719830838317149, 45.509355096898069 ], [ 8.719914183666143, 45.509166277707557 ], [ 8.720012510249838, 45.50894149067814 ], [ 8.720090619320514, 45.508761659634239 ], [ 8.720429636345274, 45.508645475247235 ], [ 8.720705820977242, 45.508533636805666 ], [ 8.721040547480824, 45.508394937300459 ], [ 8.721154232884162, 45.508381713185742 ], [ 8.721371572924296, 45.508359740712528 ], [ 8.721588923346642, 45.508333267288926 ], [ 8.721825487359482, 45.508306840242227 ], [ 8.722018818352941, 45.508284808067891 ], [ 8.7220592464761, 45.508280405880804 ], [ 8.723023083943888, 45.508174733488268 ], [ 8.723614412157332, 45.508162664074888 ], [ 8.724022077469922, 45.508159149148092 ], [ 8.724378163403623, 45.508151007762258 ], [ 8.724432574811987, 45.507413046782659 ], [ 8.72423705851948, 45.507390072141696 ], [ 8.723819666273334, 45.50733955756472 ], [ 8.72351818886621, 45.50730732433103 ], [ 8.723165199559684, 45.507256963223547 ], [ 8.722788247022482, 45.507197541747921 ], [ 8.722334158959077, 45.507124429867361 ], [ 8.722196501703518, 45.506809055751475 ], [ 8.722023634569876, 45.506412585630841 ], [ 8.721896239833271, 45.506124239469671 ], [ 8.721620330398048, 45.505777023984415 ], [ 8.721461207424431, 45.505596613522826 ], [ 8.721997028796153, 45.505233373093709 ], [ 8.72244858229373, 45.504923932187275 ], [ 8.722755957006237, 45.504731154329114 ], [ 8.723040827110738, 45.504637333506878 ], [ 8.723397137501786, 45.504170138069881 ], [ 8.723742081737576, 45.503734417956068 ], [ 8.724024658444854, 45.503375055729968 ], [ 8.724045189427267, 45.503348101934016 ], [ 8.72418646466009, 45.503168420492507 ], [ 8.724358552646139, 45.502988813227113 ], [ 8.724997810579071, 45.502652811507886 ], [ 8.725796302074492, 45.502636728770959 ], [ 8.726906276496798, 45.502648388948749 ], [ 8.727699522538728, 45.502641281500281 ], [ 8.728113559528078, 45.502637767159761 ], [ 8.729010307727494, 45.502401368014631 ], [ 8.729785287347212, 45.502200678373427 ], [ 8.730576142534478, 45.502022523748259 ], [ 8.731605666486791, 45.501790917860085 ], [ 8.731976061185138, 45.501706276759016 ], [ 8.732784149133407, 45.501690167689617 ], [ 8.733377847164768, 45.501669052134368 ], [ 8.735991204000136, 45.500441966455355 ], [ 8.736711664989778, 45.500083583844166 ], [ 8.737285681476839, 45.499819371901459 ], [ 8.737302525625354, 45.499810409502132 ], [ 8.73790981726674, 45.499528268653833 ], [ 8.738659386230003, 45.499183442191821 ], [ 8.738929151331149, 45.499058043114836 ], [ 8.739511340529974, 45.498838844315216 ], [ 8.740222923252198, 45.498574931178283 ], [ 8.741042921134396, 45.498392269681133 ], [ 8.74200704826155, 45.498178423915 ], [ 8.743180168071985, 45.498005545198744 ], [ 8.744114850739503, 45.497931133103023 ], [ 8.745149425286842, 45.497879439115287 ], [ 8.745843897848633, 45.497853982973822 ], [ 8.746909482865378, 45.497842847169551 ], [ 8.748298465892342, 45.497962931014349 ], [ 8.749049331476742, 45.498027591033733 ], [ 8.749333429197419, 45.498001211391667 ], [ 8.749769530631307, 45.498065175522989 ], [ 8.750229633927457, 45.498124689902568 ], [ 8.750759540980868, 45.498139349056011 ], [ 8.751553891927003, 45.498141079503561 ], [ 8.75220341000867, 45.498151491476023 ], [ 8.752612943924479, 45.4981613802751 ], [ 8.753768754160181, 45.498190880978193 ], [ 8.75475539160696, 45.49821550633802 ], [ 8.75536184254269, 45.498288815858537 ], [ 8.756292778179777, 45.498430323446669 ], [ 8.75730406317212, 45.498585495893415 ], [ 8.7579973122411, 45.498658975797227 ], [ 8.758775921636085, 45.498602115267154 ], [ 8.759684372716503, 45.498203479361351 ], [ 8.760520012432305, 45.497710171604879 ], [ 8.761276949210526, 45.497194190390189 ], [ 8.761833337065607, 45.496713790718474 ], [ 8.762542865820231, 45.496049183312039 ], [ 8.763032925382875, 45.49545162492992 ], [ 8.76394403958454, 45.494206852791251 ], [ 8.764404867856012, 45.493321191210889 ], [ 8.764748900909822, 45.492822336546119 ], [ 8.765090332451528, 45.492368481196856 ], [ 8.765611539735971, 45.49167196277034 ], [ 8.766045130976091, 45.491078775704281 ], [ 8.766674100349466, 45.490233953920608 ], [ 8.767710501748338, 45.489016409916836 ], [ 8.768547927783588, 45.488135996604719 ], [ 8.769265790837949, 45.487444359866558 ], [ 8.770010420347194, 45.48685178516353 ], [ 8.770857327438838, 45.4861784003322 ], [ 8.771311076354765, 45.485814762710824 ], [ 8.772323584976569, 45.485123695984917 ], [ 8.773057364139584, 45.484729105098758 ], [ 8.773529668243681, 45.484518515179651 ], [ 8.774461338720815, 45.484331334121066 ], [ 8.775742089993553, 45.484144831317863 ], [ 8.777373688513858, 45.484121019386727 ], [ 8.778162839289967, 45.484176561645917 ], [ 8.779436240992887, 45.484435560648919 ], [ 8.780333278883914, 45.484716325203941 ], [ 8.781190814988733, 45.485082518063528 ], [ 8.781973386378295, 45.485394554443701 ], [ 8.782590413568851, 45.485809783819384 ], [ 8.783503149449798, 45.486387591516653 ], [ 8.784595211646339, 45.486925224953907 ], [ 8.785194433156255, 45.487088374178846 ], [ 8.785643120032162, 45.487089217043653 ], [ 8.786268476280355, 45.486901364542703 ], [ 8.786882213169871, 45.486609973620396 ], [ 8.787327876709202, 45.486349770644168 ], [ 8.787679495922715, 45.486107393470995 ], [ 8.788115638883687, 45.485824666804625 ], [ 8.788401902995259, 45.485627171936457 ], [ 8.78855322824341, 45.485474432439915 ], [ 8.78870589374699, 45.485177676658573 ], [ 8.788951119385011, 45.484831585325637 ], [ 8.789151824271682, 45.484413401986181 ], [ 8.789272299532985, 45.48406257899962 ], [ 8.789475462670644, 45.483626397245239 ], [ 8.789479394343145, 45.483320364957244 ], [ 8.789489368632541, 45.482897328662091 ], [ 8.789469790235414, 45.482357222733533 ], [ 8.789442244774406, 45.481592072925942 ], [ 8.78941937469204, 45.480970950297376 ], [ 8.789444024759456, 45.480255402937864 ], [ 8.789509104943045, 45.47953092882252 ], [ 8.789595403267597, 45.478905506533692 ], [ 8.789740713302997, 45.478212683965914 ], [ 8.78991128105913, 45.477398391760303 ], [ 8.790017102738014, 45.476894520663691 ], [ 8.790102589307402, 45.476485124385874 ], [ 8.790229063985709, 45.475909281563574 ], [ 8.790444012918449, 45.475198583250723 ], [ 8.790711501374766, 45.47443847424632 ], [ 8.791043179579617, 45.473399445422316 ], [ 8.791349270436184, 45.472360368710923 ], [ 8.791530343164782, 45.471717114888953 ], [ 8.791611514150103, 45.471280705688528 ], [ 8.791667777640862, 45.470659726724243 ], [ 8.791702350509079, 45.470281740075507 ], [ 8.791719004676112, 45.470101746768833 ], [ 8.791768021922341, 45.469818298836159 ], [ 8.791840301769636, 45.469404376081911 ], [ 8.791884434018689, 45.469035407900265 ], [ 8.791893187496196, 45.468720382344706 ], [ 8.791884669634785, 45.468427828271487 ], [ 8.791857675788005, 45.468270258320935 ], [ 8.791766138019359, 45.468049562406627 ], [ 8.79162677893828, 45.467788273841357 ], [ 8.791423703802279, 45.467463860452163 ], [ 8.791157319759217, 45.467067321444048 ], [ 8.790889636788002, 45.466702283571529 ], [ 8.790641836083942, 45.466364285059861 ], [ 8.7904348498434, 45.466125373969888 ], [ 8.789938738607081, 45.46559339246712 ], [ 8.789768734958935, 45.465408555289599 ], [ 8.789632561295383, 45.465264285523212 ], [ 8.789450999198445, 45.465070425382919 ], [ 8.789242012898622, 45.464727994678441 ], [ 8.78913927579883, 45.464511776453143 ], [ 8.789025065568902, 45.464160519039403 ], [ 8.789003838860955, 45.463849938655144 ], [ 8.789042358265382, 45.463489962037336 ], [ 8.789101271223263, 45.463233536779079 ], [ 8.789202154988264, 45.463085203281487 ], [ 8.789383970098848, 45.462887512369555 ], [ 8.789707072462734, 45.462532560433822 ], [ 8.789882800253539, 45.462357360492341 ], [ 8.790288442487768, 45.462056565858852 ], [ 8.79070434777864, 45.461787292764093 ], [ 8.791116705885447, 45.461504509859701 ], [ 8.79149739517244, 45.461244170645884 ], [ 8.791719748690406, 45.461105057729732 ], [ 8.792300376547333, 45.460822577215765 ], [ 8.792856565464433, 45.460553551219355 ], [ 8.793294617306445, 45.460342816578269 ], [ 8.793523683012838, 45.460226215273863 ], [ 8.793632620196783, 45.460055389343601 ], [ 8.793751586340818, 45.459659551408286 ], [ 8.793976963439052, 45.459124386679818 ], [ 8.794039863021897, 45.458975980287981 ], [ 8.794346304265991, 45.458792007781533 ], [ 8.794694609182484, 45.458635113304325 ], [ 8.79501167367167, 45.458496164106357 ], [ 8.795471937937814, 45.458325966311264 ], [ 8.796168204979907, 45.458106681419295 ], [ 8.796598293084555, 45.457990432440788 ], [ 8.796806326450342, 45.457936795474133 ], [ 8.797168675091145, 45.457874431044843 ], [ 8.797780482155677, 45.457794504955316 ], [ 8.798095636261783, 45.457741055227729 ], [ 8.79842041879267, 45.457674119816893 ], [ 8.798735308771306, 45.457580162441111 ], [ 8.798981237823552, 45.457436576236894 ], [ 8.799140035465667, 45.457288335716392 ], [ 8.799372058825453, 45.457117720597495 ], [ 8.799431449279638, 45.456937800805669 ], [ 8.799752269403236, 45.456411793181523 ], [ 8.800046136002374, 45.455930743460335 ], [ 8.800407144306591, 45.455337295193502 ], [ 8.800730566524305, 45.454856295261131 ], [ 8.801069238345836, 45.454361819118517 ], [ 8.801320067797725, 45.453952700663692 ], [ 8.801626416639383, 45.453435663540283 ], [ 8.801927401223667, 45.452968122907002 ], [ 8.80223441143017, 45.452491590663421 ], [ 8.802481146178545, 45.452104965466646 ], [ 8.802646232679376, 45.451866718683135 ], [ 8.802944460697349, 45.451498183825244 ], [ 8.803287933976749, 45.451102722450543 ], [ 8.803706935836658, 45.450707389833276 ], [ 8.804204317180572, 45.450294187598999 ], [ 8.804344009782334, 45.450231418454948 ], [ 8.804513219783368, 45.450182201482107 ], [ 8.804683662701596, 45.450011469957936 ], [ 8.804780718839369, 45.449912622501799 ], [ 8.804886989978568, 45.4498047894864 ], [ 8.805322580865239, 45.449576001690936 ], [ 8.805965559606916, 45.449235049491712 ], [ 8.806329471191551, 45.449046641527929 ], [ 8.806546466776467, 45.448929993414652 ], [ 8.806649758066088, 45.448876160998296 ], [ 8.806942605557193, 45.448665127713483 ], [ 8.807308770309273, 45.448400210066303 ], [ 8.807599218053074, 45.448189171032439 ], [ 8.807974769019966, 45.447982774960018 ], [ 8.808198983707765, 45.447857134602856 ], [ 8.808611760724409, 45.447628295877593 ], [ 8.808963834686038, 45.447390352926057 ], [ 8.809420904988583, 45.447062571906557 ], [ 8.809557508080895, 45.446963786315791 ], [ 8.809825260774653, 45.446721199456405 ], [ 8.81010264364185, 45.446469626748318 ], [ 8.810399935431144, 45.446236088846462 ], [ 8.810736072567678, 45.445975610866213 ], [ 8.811012495333035, 45.445769040436403 ], [ 8.811084203471713, 45.445715151721863 ], [ 8.811175784639049, 45.445575784202006 ], [ 8.811291048888291, 45.445400450842811 ], [ 8.811356117420669, 45.445301544870354 ], [ 8.811418093883837, 45.44517112947343 ], [ 8.811458333018688, 45.44508568427883 ], [ 8.811451491699829, 45.444860642400073 ], [ 8.811443222780646, 45.444586091423275 ], [ 8.811342086290097, 45.444356393210775 ], [ 8.811135056506753, 45.443887987399116 ], [ 8.811107298253296, 45.443824932922801 ], [ 8.811059716998816, 45.443473806432578 ], [ 8.811008239342735, 45.443095669774976 ], [ 8.811008885497273, 45.44290214447269 ], [ 8.811009095871752, 45.442839136233317 ], [ 8.811010117680748, 45.442533096203555 ], [ 8.811011169525797, 45.442218054979222 ], [ 8.811420544255242, 45.441557141281855 ], [ 8.81159981791526, 45.44135941007238 ], [ 8.81170808923174, 45.441242572619856 ], [ 8.8118613302764, 45.440941283931465 ], [ 8.812044550849, 45.440635543740918 ], [ 8.81215638976159, 45.440406196336859 ], [ 8.812348025138528, 45.439969951615588 ], [ 8.812440813406031, 45.439704567681005 ], [ 8.812574423056571, 45.439295230930348 ], [ 8.812605950383297, 45.439065751225847 ], [ 8.812652623211488, 45.438723780929955 ], [ 8.812672700139824, 45.438575293505643 ], [ 8.812673608559749, 45.438300757365312 ], [ 8.812674382940161, 45.43806672654668 ], [ 8.812674636100924, 45.437990216469267 ], [ 8.812675172202709, 45.437828195125455 ], [ 8.812619124349455, 45.437621074792915 ], [ 8.812553259797381, 45.437359930903675 ], [ 8.812432491153583, 45.43703118755105 ], [ 8.812272628956068, 45.436679876717491 ], [ 8.812113202097544, 45.43632406573596 ], [ 8.811957285550577, 45.436112280089588 ], [ 8.811630192582539, 45.435832702778676 ], [ 8.81143457693249, 45.43566585711644 ], [ 8.811215861666073, 45.435476469842925 ], [ 8.811142151058181, 45.43541333932545 ], [ 8.810877779692982, 45.435259880855448 ], [ 8.810447464916038, 45.435025135361023 ], [ 8.810120415143457, 45.434858069238672 ], [ 8.809811700778223, 45.43470003394507 ], [ 8.809585964924953, 45.434582641748023 ], [ 8.809325374901752, 45.434375178524633 ], [ 8.808994261281756, 45.434109088728448 ], [ 8.808873140567878, 45.434009872479969 ], [ 8.808775803382636, 45.433847687232671 ], [ 8.808715030732971, 45.433744071203996 ], [ 8.80865881886278, 45.433590955953193 ], [ 8.80861331676935, 45.433460361719767 ], [ 8.808526223561403, 45.433221682850707 ], [ 8.808515575604387, 45.433064143263124 ], [ 8.808525320298497, 45.432897636613511 ], [ 8.808536744886812, 45.432708629666926 ], [ 8.808616389568247, 45.432551241386719 ], [ 8.80870043055333, 45.432389359787805 ], [ 8.808733406164107, 45.432326406305364 ], [ 8.808772017529868, 45.432249960382499 ], [ 8.808901376671958, 45.432155663815252 ], [ 8.809190115951372, 45.431949117901766 ], [ 8.809436742733974, 45.431792007845765 ], [ 8.809702799928722, 45.431679935848024 ], [ 8.8101811756624, 45.431631224968264 ], [ 8.810676155553971, 45.431632046451909 ], [ 8.811073281829914, 45.431628203361633 ], [ 8.811499372823762, 45.431682914782868 ], [ 8.812107852086712, 45.431796432863649 ], [ 8.8127642333006, 45.431919027474841 ], [ 8.813356345388305, 45.432028011447983 ], [ 8.813600295318574, 45.432073416020749 ], [ 8.813906940408216, 45.432127923474674 ], [ 8.814196989049211, 45.432249912436625 ], [ 8.81468254006532, 45.432448728575395 ], [ 8.815224745890189, 45.432674638032935 ], [ 8.815603386721129, 45.432828271036925 ], [ 8.816039559773076, 45.432981995452081 ], [ 8.816874393325355, 45.433275877276238 ], [ 8.817171285298938, 45.433384367768895 ], [ 8.817517303250311, 45.433497436601257 ], [ 8.818003823258358, 45.433651233918901 ], [ 8.818607199260365, 45.433746706723134 ], [ 8.819339549391808, 45.433864883501222 ], [ 8.819831516226328, 45.433942171091914 ], [ 8.820454206613309, 45.433992658393983 ], [ 8.821081288818087, 45.43404764980059 ], [ 8.821720775995297, 45.434098156505684 ], [ 8.822402972019425, 45.434157727282113 ], [ 8.82275811584776, 45.434167280146788 ], [ 8.823338639056646, 45.43416367884172 ], [ 8.82375063623242, 45.434137311574069 ], [ 8.824416863520849, 45.434066327694055 ], [ 8.824615486901228, 45.433918112366406 ], [ 8.824842846892865, 45.433778942000018 ], [ 8.825121427711178, 45.433612845884277 ], [ 8.825426953568632, 45.433388282197633 ], [ 8.82567324351986, 45.433199632264476 ], [ 8.825892580385597, 45.432938930775521 ], [ 8.826059865019324, 45.432714154572203 ], [ 8.826198873134986, 45.432462331364668 ], [ 8.826266759065723, 45.432340917853836 ], [ 8.826269025719387, 45.432124891457462 ], [ 8.826270269503567, 45.43198087344873 ], [ 8.826248899824316, 45.431782813575602 ], [ 8.826156592852669, 45.43153063828413 ], [ 8.826063810812338, 45.431300965295932 ], [ 8.825892899039316, 45.431017165688573 ], [ 8.825791451045157, 45.430877491706092 ], [ 8.8256005988487, 45.430710677424571 ], [ 8.825373096919149, 45.430512302433414 ], [ 8.825091209468299, 45.430331846209477 ], [ 8.824802143918342, 45.43014687765119 ], [ 8.824598808525741, 45.430016047514989 ], [ 8.82445163667032, 45.429939310826427 ], [ 8.824189946031902, 45.429817391505836 ], [ 8.82382294464648, 45.429645802341952 ], [ 8.823496225337806, 45.429496777365443 ], [ 8.823158739472023, 45.429338733534244 ], [ 8.82289699809812, 45.429234813656386 ], [ 8.822456919569717, 45.429058606133587 ], [ 8.822103417353386, 45.428914036149308 ], [ 8.821639397219123, 45.428728786927849 ], [ 8.821347744174844, 45.428611314904103 ], [ 8.820979124431691, 45.428453215909109 ], [ 8.820618899959094, 45.428290628279584 ], [ 8.82035525490074, 45.428159695818401 ], [ 8.820201687651354, 45.428087444195192 ], [ 8.820123117175287, 45.428046814866875 ], [ 8.820250996634224, 45.427655461779885 ], [ 8.820355440301963, 45.427471100445366 ], [ 8.820432115638752, 45.427354204744113 ], [ 8.820502765653293, 45.427246300772154 ], [ 8.820643091987192, 45.427084498672443 ], [ 8.820825864164664, 45.426891258602822 ], [ 8.821047843020246, 45.426680077160192 ], [ 8.821221264083821, 45.426536328682978 ], [ 8.821491401143636, 45.426379229246898 ], [ 8.821906217594753, 45.426199851704013 ], [ 8.822326928939855, 45.426051986205238 ], [ 8.822646447566887, 45.425939967092766 ], [ 8.822784397166064, 45.425899675559315 ], [ 8.822867556308593, 45.425877301413685 ], [ 8.823033283497333, 45.42576504262211 ], [ 8.82316125093846, 45.425594216984976 ], [ 8.823310897962765, 45.425387419719421 ], [ 8.823470554093324, 45.425171636464761 ], [ 8.823654280418371, 45.424924385749478 ], [ 8.823884125492883, 45.424614197056428 ], [ 8.824024545136302, 45.42442088647681 ], [ 8.824168245626492, 45.4241960763718 ], [ 8.82426634872728, 45.423989198448119 ], [ 8.824309798233978, 45.423764233868603 ], [ 8.824359331885697, 45.423503273590178 ], [ 8.824405764837742, 45.423215304738527 ], [ 8.824427560223723, 45.422886792323986 ], [ 8.824442645791109, 45.422657283419859 ], [ 8.824459418490717, 45.422400773320192 ], [ 8.824417897971225, 45.422135172355453 ], [ 8.824365157552485, 45.421883056001541 ], [ 8.824264964235034, 45.421603862834424 ], [ 8.824158436856592, 45.4213066572934 ], [ 8.824064580551365, 45.421045476199879 ], [ 8.823997654385964, 45.420860847238849 ], [ 8.823912920803624, 45.420622183211279 ], [ 8.823856539940056, 45.420383562836605 ], [ 8.823800552236824, 45.420149443661884 ], [ 8.823777858713255, 45.419996387186615 ], [ 8.823786752047116, 45.419834378172887 ], [ 8.823802837817393, 45.419672380248819 ], [ 8.823822359956408, 45.419559894567868 ], [ 8.823884828350021, 45.419379965627229 ], [ 8.823941258757088, 45.419213529236458 ], [ 8.824006879777581, 45.419047106973942 ], [ 8.824106113038372, 45.418862733904078 ], [ 8.82425228800974, 45.418610923489744 ], [ 8.824372538879228, 45.418471588837065 ], [ 8.824582984611316, 45.418228878050613 ], [ 8.824788601977106, 45.41799516072593 ], [ 8.824977804567171, 45.417774919770459 ], [ 8.825134533099353, 45.417595134483292 ], [ 8.825361708599292, 45.417365949735888 ], [ 8.825558722827333, 45.417199727340893 ], [ 8.825670846747453, 45.417105385212729 ], [ 8.825871516372505, 45.416921165314108 ], [ 8.826215186339299, 45.416602143691179 ], [ 8.826491154034862, 45.416346027075924 ], [ 8.826789324284388, 45.416013432665729 ], [ 8.826948219313874, 45.415775139868479 ], [ 8.827127307347711, 45.415460366608663 ], [ 8.827265820341729, 45.415222042497462 ], [ 8.827378280299348, 45.415015183286073 ], [ 8.827567928537988, 45.414641916989112 ], [ 8.827686655102417, 45.414345054196005 ], [ 8.827740581890497, 45.414079598011512 ], [ 8.827757213873705, 45.413863592556069 ], [ 8.827780075378165, 45.41356658502626 ], [ 8.827795469342295, 45.413364079589172 ], [ 8.827772754007746, 45.41321552432936 ], [ 8.8276981853806, 45.412918369834856 ], [ 8.827556360805213, 45.41267062076912 ], [ 8.827396114501299, 45.41244084623041 ], [ 8.827170559381939, 45.412147963732444 ], [ 8.826978816756126, 45.41190013837506 ], [ 8.826619193960303, 45.411440527991168 ], [ 8.826298115245381, 45.411048484636716 ], [ 8.826065745147762, 45.410769091437331 ], [ 8.825708054316449, 45.410331984230162 ], [ 8.825504339543022, 45.409958120148616 ], [ 8.825367946858544, 45.409638366300769 ], [ 8.825285152960268, 45.409422208984658 ], [ 8.825223473306943, 45.409219585829611 ], [ 8.825273830801237, 45.408949624468761 ], [ 8.825379558732193, 45.408720253497755 ], [ 8.825561197307543, 45.408481997092444 ], [ 8.825708515217922, 45.408365205322283 ], [ 8.825886978202481, 45.408248460839012 ], [ 8.826077824349124, 45.408131734930464 ], [ 8.826308271806973, 45.407992565722012 ], [ 8.826795504820501, 45.407849285073816 ], [ 8.827217969159236, 45.407732908235381 ], [ 8.827982525344838, 45.407527032701076 ], [ 8.828420115803819, 45.407424176112606 ], [ 8.82911697689504, 45.407285700888487 ], [ 8.829738754148677, 45.407147109514405 ], [ 8.830580331241018, 45.40695483327751 ], [ 8.831098214028422, 45.406838583557651 ], [ 8.831542577807115, 45.406735725010385 ], [ 8.83210451329607, 45.406574529264425 ], [ 8.832296771017994, 45.406516303353399 ], [ 8.832858050609198, 45.407115711410256 ], [ 8.833383281843286, 45.406810435132442 ], [ 8.833876496739119, 45.406523112432275 ], [ 8.83422413368638, 45.406312087317232 ], [ 8.834492586138783, 45.406141452208374 ], [ 8.834932243736795, 45.40586754922775 ], [ 8.835307492846983, 45.405634057477663 ], [ 8.835784793172051, 45.405319699673356 ], [ 8.836156169154014, 45.405041193112588 ], [ 8.836479914591459, 45.404798622301087 ], [ 8.836850888784074, 45.404520112881109 ], [ 8.837420254147425, 45.404124868054232 ], [ 8.837955960851955, 45.40376557777067 ], [ 8.838314843224895, 45.403518550902142 ], [ 8.838879047075402, 45.403105288849481 ], [ 8.839344457684151, 45.402745892810131 ], [ 8.839620183883866, 45.402530249322879 ], [ 8.839650600213222, 45.402507788800179 ], [ 8.839997159749057, 45.402238236064939 ], [ 8.84063422263875, 45.401748556309428 ], [ 8.84097372155369, 45.401429483617832 ], [ 8.841462620282542, 45.400939592796249 ], [ 8.841981542459481, 45.400422737498147 ], [ 8.842370743071786, 45.400031718973871 ], [ 8.842579352712971, 45.399820476247157 ], [ 8.842718990710967, 45.399717153719749 ], [ 8.842839820236177, 45.399627307085055 ], [ 8.84237857069086, 45.39951415532866 ], [ 8.841823150165984, 45.399378368098986 ], [ 8.841466118633011, 45.399260856279597 ], [ 8.841356049702954, 45.399215696980129 ], [ 8.841398930039253, 45.399017728021427 ], [ 8.841519176355389, 45.398563329460202 ], [ 8.84177058371778, 45.397753561247825 ], [ 8.841991551518479, 45.397119275594896 ], [ 8.842276702946476, 45.396516582639059 ], [ 8.842529313052722, 45.395985854456164 ], [ 8.842622489845693, 45.395787954255098 ], [ 8.842718872487579, 45.395585557734904 ], [ 8.842808039207217, 45.395396653148445 ], [ 8.842882827405271, 45.395203228057895 ], [ 8.842977335068849, 45.394955822208203 ], [ 8.842540711138193, 45.394901213328929 ], [ 8.842461555827343, 45.394797589204508 ], [ 8.841997027850685, 45.394724937150663 ], [ 8.841265542066557, 45.39460690601441 ], [ 8.839990934726144, 45.394398097616694 ], [ 8.83912658470631, 45.394252862664267 ], [ 8.838475328617731, 45.394143927921796 ], [ 8.837727494464167, 45.394021350343365 ], [ 8.837318865507973, 45.393953259306016 ], [ 8.836920620678027, 45.3938851816322 ], [ 8.836758844499769, 45.393772434242116 ], [ 8.836604690593846, 45.393650696220135 ], [ 8.836241217295045, 45.393294624156091 ], [ 8.835870572484151, 45.392934039955485 ], [ 8.835621749028999, 45.392690646886912 ], [ 8.835419914900253, 45.392492327512826 ], [ 8.835235195253311, 45.392312035077069 ], [ 8.834733262736595, 45.392212295567532 ], [ 8.834234514196426, 45.392112558471318 ], [ 8.833876216087797, 45.392040027472611 ], [ 8.8335458470294, 45.391976537360058 ], [ 8.833268316297701, 45.39186361624229 ], [ 8.832733210643427, 45.391637801201909 ], [ 8.832333309427915, 45.391461689385764 ], [ 8.831858036454751, 45.391258461312468 ], [ 8.831449240303685, 45.391122839183232 ], [ 8.830807123800231, 45.39091035909339 ], [ 8.829967189254225, 45.390634571917836 ], [ 8.829676012973064, 45.390553126313698 ], [ 8.829001511646862, 45.390358590375321 ], [ 8.828650501712803, 45.390259049942436 ], [ 8.827659326321207, 45.389974017470401 ], [ 8.827248892014451, 45.389856380426281 ], [ 8.827130428745923, 45.389820195957313 ], [ 8.826942917046155, 45.390044944773273 ], [ 8.826740183755044, 45.390283172149218 ], [ 8.826529022468083, 45.390534888320175 ], [ 8.826248556555516, 45.390867510467302 ], [ 8.826023779137445, 45.391263225899607 ], [ 8.825856003375261, 45.391555512742478 ], [ 8.825687015820366, 45.391852298128349 ], [ 8.82556861475287, 45.392059147442168 ], [ 8.824308066533691, 45.391859186717369 ], [ 8.823744239425963, 45.391768304996276 ], [ 8.823170668440623, 45.392501024996001 ], [ 8.823163846202819, 45.392510015740527 ], [ 8.823014004846575, 45.392806826762666 ], [ 8.822884659542156, 45.39306316348182 ], [ 8.822793460688947, 45.393243048137002 ], [ 8.822407689546964, 45.393152435941161 ], [ 8.822092523183823, 45.393079935044398 ], [ 8.821898614016126, 45.393039126981236 ], [ 8.821489150717513, 45.392993481263325 ], [ 8.821064187242552, 45.392920805879314 ], [ 8.821060149402744, 45.392934301512263 ], [ 8.820956806384798, 45.392916136957759 ], [ 8.82066944788532, 45.392762663963708 ], [ 8.820529897256939, 45.392577918007305 ], [ 8.819948690404775, 45.392806536620533 ], [ 8.819716054126282, 45.392896182731732 ], [ 8.819616114222221, 45.392936530822567 ], [ 8.819390108324134, 45.392949675641098 ], [ 8.819277887919592, 45.392958499447211 ], [ 8.818889152883768, 45.392921878508041 ], [ 8.818569853100026, 45.392894367863079 ], [ 8.818500813231321, 45.392885256873889 ], [ 8.818050774920231, 45.393042063725503 ], [ 8.81768864676623, 45.393172005231897 ], [ 8.817433575808042, 45.393284114141281 ], [ 8.81695223403716, 45.393490373792595 ], [ 8.816546027100967, 45.393669748194327 ], [ 8.816436327024228, 45.39376408564781 ], [ 8.816207314839593, 45.39396174607203 ], [ 8.816091954179429, 45.39407857734129 ], [ 8.81591788873696, 45.394325832799687 ], [ 8.815753421272241, 45.394564102161446 ], [ 8.815591722223887, 45.394811377048768 ], [ 8.815506999505297, 45.394959761728572 ], [ 8.815430094337, 45.395157666136392 ], [ 8.815330640076255, 45.395414042493435 ], [ 8.8153146367726, 45.395549036144082 ], [ 8.815313757153888, 45.395819073762489 ], [ 8.815312818880185, 45.396107113874635 ], [ 8.815312305755752, 45.396264635804791 ], [ 8.815210269878168, 45.396453498082337 ], [ 8.814914382552203, 45.396709556059619 ], [ 8.814670033920061, 45.396956695594525 ], [ 8.814422011988817, 45.397221831225998 ], [ 8.814241718299478, 45.397415066083447 ], [ 8.814019740498781, 45.397653239277695 ], [ 8.813887507046504, 45.397797044665403 ], [ 8.813719112293894, 45.398620388871329 ], [ 8.81365910722983, 45.399016348037911 ], [ 8.813653793666685, 45.399056845201635 ], [ 8.813648453686239, 45.399101842969692 ], [ 8.813616428420195, 45.399367328941473 ], [ 8.813562673925345, 45.399808304679148 ], [ 8.813550389674964, 45.400145833174498 ], [ 8.813549205453887, 45.400505883002531 ], [ 8.813548361682715, 45.40076241849107 ], [ 8.813344584040086, 45.401045626406017 ], [ 8.813019134679543, 45.400932577952389 ], [ 8.812601502936353, 45.400805875428432 ], [ 8.811629581809942, 45.401060813574091 ], [ 8.811151967051503, 45.401199544956008 ], [ 8.811002473505118, 45.401244304159214 ], [ 8.810798197311934, 45.401676028001411 ], [ 8.810628975765175, 45.401770261137351 ], [ 8.810594477837268, 45.401936727832926 ], [ 8.810536347407123, 45.402125658544051 ], [ 8.810435418003049, 45.402458538850723 ], [ 8.810301654809409, 45.402813867749423 ], [ 8.810194958036689, 45.403196245317574 ], [ 8.8100308671841, 45.403785556961438 ], [ 8.809907181421913, 45.404230914954802 ], [ 8.809727732128612, 45.404874208216839 ], [ 8.809520922456514, 45.4055759638591 ], [ 8.80929544093549, 45.406246183371714 ], [ 8.808729851297951, 45.406879828211324 ], [ 8.808447251016895, 45.40719439956009 ], [ 8.807870014400079, 45.407841522428036 ], [ 8.807088743607743, 45.40871332992041 ], [ 8.806256120327625, 45.409643553160841 ], [ 8.805689239062628, 45.410281681017494 ], [ 8.805317986101352, 45.410704108925167 ], [ 8.805087058220245, 45.410964752145901 ], [ 8.804687535747563, 45.4118236916093 ], [ 8.804178016648105, 45.412956979891135 ], [ 8.80396988863229, 45.413433690400829 ], [ 8.803816602633162, 45.413757473061359 ], [ 8.803621889478331, 45.414166696368746 ], [ 8.80362899892015, 45.414535760740016 ], [ 8.80364333661646, 45.415008352128943 ], [ 8.803690843350198, 45.415589015727697 ], [ 8.803793586529057, 45.41636780205787 ], [ 8.803844661120655, 45.416844957001707 ], [ 8.803890657478474, 45.417403114568458 ], [ 8.803956265694371, 45.418294352563613 ], [ 8.803981187263121, 45.418825469984476 ], [ 8.803993259831975, 45.419262052029573 ], [ 8.803909401970277, 45.419486939699425 ], [ 8.803707795455713, 45.420035670485269 ], [ 8.803585215991466, 45.420368506487605 ], [ 8.803510217409304, 45.420570905899339 ], [ 8.803408083165859, 45.420881273694732 ], [ 8.803379490071364, 45.421178266104363 ], [ 8.803346743187882, 45.421520257643216 ], [ 8.803346415537478, 45.421731786698977 ], [ 8.803395663667903, 45.422042414946347 ], [ 8.803442670117402, 45.42219551725865 ], [ 8.803601181610691, 45.422560340914188 ], [ 8.803759913430447, 45.42286215589592 ], [ 8.803901112268932, 45.423150438654957 ], [ 8.804029999216999, 45.423420697587339 ], [ 8.804148561053776, 45.423672936143902 ], [ 8.804206889687379, 45.423785551854039 ], [ 8.8043379337117, 45.424010807823088 ], [ 8.804495980428923, 45.42428111613448 ], [ 8.80462538816122, 45.424519870837159 ], [ 8.80474713507588, 45.424776614799079 ], [ 8.804852606567529, 45.425001826422267 ], [ 8.804987572018442, 45.42548362405077 ], [ 8.805053074255726, 45.425717768469369 ], [ 8.805108424405216, 45.426001402413959 ], [ 8.805144550065748, 45.426181489113297 ], [ 8.805050936457285, 45.426338851308671 ], [ 8.804970539280047, 45.426370218450437 ], [ 8.804537237243112, 45.42656300473417 ], [ 8.804194320552284, 45.426728940586528 ], [ 8.803792982514707, 45.426921778823768 ], [ 8.803445246367078, 45.427092204764307 ], [ 8.80306630508298, 45.427276077722254 ], [ 8.802772607862465, 45.427415090380514 ], [ 8.802406259623064, 45.427765506022496 ], [ 8.802105240867169, 45.428053024918853 ], [ 8.802098027490098, 45.428062013671685 ], [ 8.80193705749261, 45.428282265293987 ], [ 8.80172578165498, 45.428497928745159 ], [ 8.801481210606202, 45.42874953893314 ], [ 8.801355311655387, 45.428879838167177 ], [ 8.80118540842018, 45.429140578781606 ], [ 8.800988545291913, 45.429459780275636 ], [ 8.800835799481188, 45.42972505085919 ], [ 8.800768273199381, 45.429841949317414 ], [ 8.800664799118456, 45.430183816183273 ], [ 8.800587472705748, 45.430476221730949 ], [ 8.800537009819978, 45.430737169763304 ], [ 8.800447219391131, 45.430935040342639 ], [ 8.800369912437896, 45.431105928926222 ], [ 8.800303560471768, 45.431231830379097 ], [ 8.800153734602844, 45.431461100093721 ], [ 8.800001878991907, 45.431586851735688 ], [ 8.799746660844137, 45.431793433209862 ], [ 8.799580842376653, 45.431910158560854 ], [ 8.799531513259911, 45.431964079462212 ], [ 8.799479945996127, 45.432085505742521 ], [ 8.799431211315573, 45.432197935727032 ], [ 8.799376826748386, 45.432323857630635 ], [ 8.799338561586707, 45.432413802850512 ], [ 8.799134933846863, 45.432602471060243 ], [ 8.79913408768908, 45.43284100250937 ], [ 8.799125743982573, 45.433165032565306 ], [ 8.799117966626117, 45.433444057389551 ], [ 8.799108720627896, 45.433799590167432 ], [ 8.799086051867635, 45.434105592489701 ], [ 8.799069982646039, 45.43424508345344 ], [ 8.798979594580832, 45.434496959147296 ], [ 8.798899285436987, 45.434721848784356 ], [ 8.798839297815093, 45.434964776624646 ], [ 8.798784920559939, 45.435198713067287 ], [ 8.798762233828938, 45.435401200974724 ], [ 8.798728413387112, 45.435698182254733 ], [ 8.798717094596391, 45.435959198211826 ], [ 8.798716742590559, 45.436058211206415 ], [ 8.798748152426503, 45.436328303673989 ], [ 8.798775477364583, 45.436508376555466 ], [ 8.798839111259516, 45.436702015228704 ], [ 8.798927398051523, 45.436931702204525 ], [ 8.799107398068234, 45.437323572682949 ], [ 8.799316906214766, 45.437733497167386 ], [ 8.799462839943864, 45.438044296064149 ], [ 8.799563130930448, 45.438269502951421 ], [ 8.799562716638563, 45.438386518267009 ], [ 8.799518510479352, 45.438570965980674 ], [ 8.799449865924881, 45.438773373233168 ], [ 8.799371926683467, 45.439007268427709 ], [ 8.799316996603164, 45.439173694741726 ], [ 8.799237436243782, 45.439412087596125 ], [ 8.799169196480833, 45.439614495361596 ], [ 8.799109416732882, 45.439794414878946 ], [ 8.799110621518219, 45.439906932393313 ], [ 8.799113159146282, 45.440203977489666 ], [ 8.799115301586824, 45.440501021875477 ], [ 8.799114614826138, 45.440694547122561 ], [ 8.799035450897145, 45.440820425094707 ], [ 8.798848528735796, 45.441022623751451 ], [ 8.798588079455177, 45.441229193084695 ], [ 8.798342973928627, 45.441386282145452 ], [ 8.798065030332145, 45.441565815700024 ], [ 8.797734206417921, 45.441781259861351 ], [ 8.797283633556971, 45.442073001040605 ], [ 8.79705856268748, 45.442216621034213 ], [ 8.796974047481573, 45.442270478214581 ], [ 8.796721733062476, 45.442432051568595 ], [ 8.796444174414601, 45.442611581831706 ], [ 8.796159414009136, 45.442795599176712 ], [ 8.795848199676128, 45.442997570982257 ], [ 8.795590271247802, 45.443163632395979 ], [ 8.795319917183827, 45.443338672183984 ], [ 8.795004611900609, 45.443567638018983 ], [ 8.794753764391187, 45.443760713911516 ], [ 8.794480093763326, 45.443967250022467 ], [ 8.794257964339828, 45.444173878317244 ], [ 8.794094736022879, 45.444335606241033 ], [ 8.794003439824102, 45.444497463673024 ], [ 8.793828090708866, 45.444807689542593 ], [ 8.793691335730172, 45.445050475663734 ], [ 8.793470998955957, 45.445531642926028 ], [ 8.793412963294299, 45.445666556317484 ], [ 8.793376795891184, 45.445941028179426 ], [ 8.793343511913397, 45.446193002179299 ], [ 8.793351658639924, 45.446260526080017 ], [ 8.793368298106063, 45.446409076335229 ], [ 8.793382234608826, 45.446530618031609 ], [ 8.79343569181631, 45.446994277584182 ], [ 8.793490610039186, 45.447385929957612 ], [ 8.793559271506881, 45.447732601020682 ], [ 8.793574186664586, 45.447809138338734 ], [ 8.794012252225066, 45.448336500449457 ], [ 8.794266540512673, 45.448629498318581 ], [ 8.794414178638528, 45.448800787270571 ], [ 8.794491284092238, 45.448917941846588 ], [ 8.794480005283445, 45.449052939812432 ], [ 8.794279743764239, 45.449174095749143 ], [ 8.794043605334897, 45.449272683607859 ], [ 8.793860309819273, 45.449344362702519 ], [ 8.79370897949946, 45.44942059984362 ], [ 8.793489483453602, 45.449555221472806 ], [ 8.793278391723504, 45.449689857887122 ], [ 8.793001280554934, 45.449842376719964 ], [ 8.792712247705643, 45.44997687081139 ], [ 8.792280559926816, 45.449998589646334 ], [ 8.79203831812625, 45.450016151306428 ], [ 8.791677031801454, 45.450019993581108 ], [ 8.7912849555052, 45.450028279065386 ], [ 8.790971130214057, 45.45005920946533 ], [ 8.790568393635809, 45.450139482705666 ], [ 8.79014307095373, 45.45027822093121 ], [ 8.789874787730055, 45.450417246559851 ], [ 8.78959282379723, 45.450583250000051 ], [ 8.789364991444447, 45.450807860465567 ], [ 8.789095699513206, 45.451113404851455 ], [ 8.788991917589478, 45.451293237459872 ], [ 8.788891348953966, 45.451468575300389 ], [ 8.788841884012115, 45.451657509347918 ], [ 8.788822839172076, 45.451729483844204 ], [ 8.788578925784707, 45.451868551445685 ], [ 8.788255676360665, 45.452065979364413 ], [ 8.787877462845005, 45.452317311577062 ], [ 8.787762861761177, 45.452398109609021 ], [ 8.787605455110171, 45.45259584369137 ], [ 8.787454068714625, 45.452784587540982 ], [ 8.787341387495397, 45.452991405670751 ], [ 8.787190322130495, 45.453310667308642 ], [ 8.787047722434966, 45.453607441486831 ], [ 8.786988295864576, 45.453679340362065 ], [ 8.786804954869488, 45.453760009205809 ], [ 8.786717266255835, 45.453800350951902 ], [ 8.786405383367581, 45.453840273625012 ], [ 8.786104684760266, 45.453880216389983 ], [ 8.785853074583223, 45.453938252821445 ], [ 8.785484190657661, 45.454041074566774 ], [ 8.78519212079094, 45.454126037178533 ], [ 8.784895116871006, 45.454242493982449 ], [ 8.784515182624762, 45.454412800849227 ], [ 8.784384019039479, 45.454538570259039 ], [ 8.784431176772475, 45.454538659264983 ], [ 8.784360354410259, 45.454561028608175 ], [ 8.784260876724783, 45.454655353457163 ], [ 8.784108447828423, 45.454799084795908 ], [ 8.783847336789494, 45.455041623604792 ], [ 8.783632321987826, 45.455248244301586 ], [ 8.783495033710425, 45.455509019177647 ], [ 8.783314652887379, 45.455855223601546 ], [ 8.783248611872587, 45.455985615796571 ], [ 8.783189635301632, 45.456147525580583 ], [ 8.783118928230683, 45.456345417880492 ], [ 8.783086213478255, 45.45643536781693 ], [ 8.782941947075555, 45.456637620888948 ], [ 8.782834663560449, 45.456785936858843 ], [ 8.782685175072201, 45.456997180870658 ], [ 8.782564589552129, 45.45717247488323 ], [ 8.78242631905419, 45.457374738691321 ], [ 8.782278792732241, 45.457594987090779 ], [ 8.782134468479573, 45.457810740796916 ], [ 8.782065334657196, 45.45790962215311 ], [ 8.781971122087146, 45.458089466426948 ], [ 8.781946141682095, 45.458138925359243 ], [ 8.781742565807788, 45.45827805520377 ], [ 8.781366955358569, 45.458457360944202 ], [ 8.78116512656376, 45.458555987686047 ], [ 8.780996540023166, 45.458636675404541 ], [ 8.780708776661415, 45.458838650366609 ], [ 8.780481498107036, 45.459004736044925 ], [ 8.780340420001707, 45.459103478053279 ], [ 8.780026983622312, 45.45932790491166 ], [ 8.779836206703083, 45.459462555376597 ], [ 8.779728247553111, 45.459574862251436 ], [ 8.779554257394119, 45.459808557813183 ], [ 8.779434540294581, 45.459965847711715 ], [ 8.779200787908978, 45.460149920708055 ], [ 8.778996290228436, 45.460316047426332 ], [ 8.778730057324184, 45.460527060198523 ], [ 8.778586524167901, 45.460639297057369 ], [ 8.778450176504052, 45.460751547670561 ], [ 8.778257327679, 45.46100320702682 ], [ 8.778007402777668, 45.461335765918513 ], [ 8.777908192470488, 45.461560603008913 ], [ 8.777802698390799, 45.461857437357871 ], [ 8.777694288261017, 45.461978742583192 ], [ 8.777548731609432, 45.462095474769932 ], [ 8.777216222745919, 45.462283851869664 ], [ 8.776931431089112, 45.46243181580742 ], [ 8.776604689159342, 45.462575196398539 ], [ 8.776377183886718, 45.462691766783259 ], [ 8.77610319073141, 45.462839749785388 ], [ 8.775983820279354, 45.462902524113098 ], [ 8.775903301549558, 45.462947372152605 ], [ 8.775749595625175, 45.463100090819751 ], [ 8.775534502701916, 45.46331119642845 ], [ 8.775319551189815, 45.463486297124753 ], [ 8.775034473751262, 45.463706265293752 ], [ 8.77475699385257, 45.463921747127714 ], [ 8.774362256325368, 45.464173001489876 ], [ 8.77397680986037, 45.464397269282671 ], [ 8.77379173822421, 45.464594929172755 ], [ 8.773509493115164, 45.464900410429678 ], [ 8.773424393607439, 45.46499025358424 ], [ 8.773258125240423, 45.46538147550563 ], [ 8.773091416639968, 45.46578619807007 ], [ 8.773024626340288, 45.465993092760229 ], [ 8.77292824911517, 45.466298941683597 ], [ 8.772842818914635, 45.466568807521064 ], [ 8.772752695991388, 45.466712647295914 ], [ 8.772706436553129, 45.466784564771551 ], [ 8.772503132678613, 45.466842667780206 ], [ 8.772154511758004, 45.466850974119922 ], [ 8.771807909117378, 45.466854782832975 ], [ 8.771336942455187, 45.466867342796675 ], [ 8.770965953269208, 45.466871100134846 ], [ 8.77078524076348, 45.466875238245443 ], [ 8.770430843087659, 45.466928533678001 ], [ 8.770164421386923, 45.466973003870613 ], [ 8.769927225212905, 45.467008531121245 ], [ 8.769794834765429, 45.467026266766567 ], [ 8.769410131501685, 45.467156008056207 ], [ 8.769108715990283, 45.467254412269597 ], [ 8.768748037634314, 45.467375198695642 ], [ 8.768549086633145, 45.467442304661624 ], [ 8.768311877261548, 45.467576841598152 ], [ 8.76808549571445, 45.467702398835179 ], [ 8.767896366169115, 45.467810028945344 ], [ 8.767638903883835, 45.468007531633511 ], [ 8.767327330995458, 45.468240928276657 ], [ 8.766981533033322, 45.468532761961342 ], [ 8.766777685710215, 45.468716870263421 ], [ 8.766526481604604, 45.468945887341469 ], [ 8.766401696342829, 45.469058147043839 ], [ 8.76621471759236, 45.469318798895834 ], [ 8.765858962801182, 45.469790632443924 ], [ 8.76558285170265, 45.470145612925734 ], [ 8.765233613681321, 45.470585953690147 ], [ 8.765014974224689, 45.47086454079988 ], [ 8.764861498244175, 45.471237774050749 ], [ 8.764741549723782, 45.471530065491379 ], [ 8.764704647811154, 45.472038556236726 ], [ 8.76469658506082, 45.472151054390366 ], [ 8.76427583830656, 45.472384217597842 ], [ 8.764028539588912, 45.47253222647381 ], [ 8.763837623626339, 45.47268035139394 ], [ 8.763396168281259, 45.473079990345738 ], [ 8.763047404269933, 45.473398809268886 ], [ 8.762905336824582, 45.473529031571275 ], [ 8.7627276320924, 45.47347915610117 ], [ 8.762514621607465, 45.473649735835778 ], [ 8.762217778958549, 45.473883148937603 ], [ 8.761891695656466, 45.474130002076919 ], [ 8.761542995751059, 45.474336301765312 ], [ 8.761377494660245, 45.474425967927232 ], [ 8.761030745880641, 45.474546758935126 ], [ 8.76072257476444, 45.474717136177404 ], [ 8.760274135321666, 45.47496372829459 ], [ 8.760080570150851, 45.475071336020079 ], [ 8.759928087877439, 45.475107020356745 ], [ 8.759643575419965, 45.47507041734066 ], [ 8.75923678751113, 45.475020054191567 ], [ 8.759150078880758, 45.47500636963472 ], [ 8.7589138976274, 45.47479434375235 ], [ 8.757852769272372, 45.474801100417025 ], [ 8.757022326090844, 45.47480833815392 ], [ 8.756254247103413, 45.474815702946358 ], [ 8.755771258457838, 45.474819171887475 ], [ 8.755349447804347, 45.47482276983208 ], [ 8.755020601105988, 45.474867070927445 ], [ 8.754851059750743, 45.474965720137227 ], [ 8.753845590185266, 45.475868176009193 ], [ 8.752871788844335, 45.476748188472726 ], [ 8.752182628950145, 45.477354274619174 ], [ 8.751872356495873, 45.477628136827462 ], [ 8.750895809859244, 45.478481122701197 ], [ 8.750238714047912, 45.479060263347058 ], [ 8.749673141774741, 45.479554089653604 ], [ 8.749125198588487, 45.48003895066843 ], [ 8.748651150038189, 45.480451962293131 ], [ 8.748211983011849, 45.480838045311977 ], [ 8.747673651521943, 45.481313919275756 ], [ 8.747012499861953, 45.481893032119814 ], [ 8.746289103326699, 45.482526009833592 ], [ 8.745759981328906, 45.482992893930465 ], [ 8.745280256206678, 45.483410379302043 ], [ 8.744469319872826, 45.484115159383855 ], [ 8.744053405093794, 45.484478775278994 ], [ 8.74259886687784, 45.485744670558375 ], [ 8.741533707959604, 45.486673885331214 ], [ 8.740883663156112, 45.4872439861388 ], [ 8.740452019153821, 45.487625555356637 ], [ 8.739005302362921, 45.488895922537395 ], [ 8.738204630453318, 45.489596180351789 ], [ 8.737564532866275, 45.490161784203892 ], [ 8.736917232605386, 45.490727367825514 ], [ 8.736691946991959, 45.490924874082133 ], [ 8.735809597243716, 45.491377394917947 ], [ 8.735227915048894, 45.49167308608704 ], [ 8.734071722460275, 45.492264476190527 ], [ 8.733093133895768, 45.492761757596746 ], [ 8.732280483661361, 45.493178409275977 ], [ 8.731736815646006, 45.493460669942728 ], [ 8.730373187687048, 45.494177551140112 ], [ 8.728891362740171, 45.494930140088677 ], [ 8.727979640884303, 45.495391531563222 ], [ 8.727435512827761, 45.495678271127943 ], [ 8.726618809929363, 45.496090372079365 ], [ 8.725549828567914, 45.496641379024794 ], [ 8.724315243550498, 45.497272986638023 ], [ 8.723716155388207, 45.497586579161812 ], [ 8.723444626799488, 45.497657931230144 ], [ 8.723174066501681, 45.497612270165455 ], [ 8.722797732203359, 45.497359325574585 ], [ 8.722140325777591, 45.496921172967497 ], [ 8.721672256139724, 45.496618495172704 ], [ 8.721304380209318, 45.496356565082671 ], [ 8.721070009293987, 45.496193972449106 ], [ 8.720747196255385, 45.495959154003415 ], [ 8.720295318506581, 45.495620505519625 ], [ 8.720013499161277, 45.495426290497832 ], [ 8.71991344691663, 45.495358536632288 ], [ 8.71970441314596, 45.495250010160269 ], [ 8.719503395736377, 45.495137002415937 ], [ 8.719181152003021, 45.494951687197705 ], [ 8.719005688701229, 45.494847742535718 ], [ 8.71903660316524, 45.49514485637313 ], [ 8.719072879871872, 45.495491489669313 ], [ 8.719110288303941, 45.495851627431698 ], [ 8.719135095353389, 45.496090218738921 ], [ 8.717942333507336, 45.497545464851839 ], [ 8.717428025181336, 45.498174273611639 ], [ 8.717419556760097, 45.498187754373269 ], [ 8.717228806865364, 45.498421311981126 ], [ 8.716902409985593, 45.498821054244445 ], [ 8.716647671000596, 45.499130961933382 ], [ 8.715749852682347, 45.498863197723722 ], [ 8.715296475876956, 45.498664043571303 ], [ 8.715172690326872, 45.49862322985593 ], [ 8.714272452250428, 45.499152048814288 ], [ 8.712921896294244, 45.498721108520549 ], [ 8.712114407754804, 45.498471544973306 ], [ 8.711686392625555, 45.498321946662855 ], [ 8.710553998017369, 45.497941035008111 ], [ 8.710325182352266, 45.497868445857478 ], [ 8.713236070529266, 45.501048691742035 ], [ 8.713891227681973, 45.501765924827325 ], [ 8.713291364392983, 45.502133467300908 ], [ 8.713031386451229, 45.502285833757973 ], [ 8.712641479778675, 45.502500880777959 ], [ 8.712464578611421, 45.502599448094188 ], [ 8.712119468366531, 45.502972125897848 ], [ 8.711897425053023, 45.503214596672827 ], [ 8.711658088948253, 45.503475025620574 ], [ 8.711499465673736, 45.503596140391217 ], [ 8.708781908608918, 45.502401095052328 ], [ 8.70787115967225, 45.502002719658847 ], [ 8.707278511298297, 45.501740169594427 ], [ 8.707120060710363, 45.501672254933482 ], [ 8.706225023992072, 45.501561942976871 ], [ 8.706207317453741, 45.501044332146883 ], [ 8.705002141503522, 45.50073518751632 ], [ 8.701158419665743, 45.500689191913274 ], [ 8.701407820687967, 45.501558453718687 ], [ 8.699907393888969, 45.501563522946427 ], [ 8.699198966227049, 45.501566160211382 ], [ 8.698072373403789, 45.501527183462976 ], [ 8.697158130209706, 45.501497759908936 ], [ 8.696894546984703, 45.502388173129425 ], [ 8.696780613668693, 45.502747916099217 ], [ 8.696710251491698, 45.502963756499753 ], [ 8.696620805614831, 45.503233552962449 ], [ 8.698525079505373, 45.503643645529571 ], [ 8.697719278309091, 45.506067320560113 ], [ 8.693993088971515, 45.505157286504399 ], [ 8.693756109877018, 45.506515821828636 ], [ 8.693701615789351, 45.506826214608623 ], [ 8.693531508289231, 45.507802380544071 ], [ 8.693460076882666, 45.508211740069903 ], [ 8.694238058022876, 45.50838034595651 ], [ 8.693714035537104, 45.510143162225347 ], [ 8.693549378251278, 45.510700790130663 ], [ 8.69346056128798, 45.510997588803448 ], [ 8.693329167121606, 45.511397785972171 ], [ 8.692990958156191, 45.51223398156899 ], [ 8.692937840484209, 45.512364355012025 ], [ 8.692618674916041, 45.513448131263956 ], [ 8.692364821566828, 45.51341144342711 ], [ 8.692277153606344, 45.513933272032119 ], [ 8.692158172163465, 45.514549527845531 ], [ 8.692066778283493, 45.515021840017248 ], [ 8.692056906081028, 45.515071319531231 ], [ 8.691942034783155, 45.515665083294493 ], [ 8.691789696925532, 45.516452269703677 ], [ 8.691647659684129, 45.517185476943602 ], [ 8.691565698284977, 45.517612808408657 ], [ 8.691452471980984, 45.51819757474852 ], [ 8.691383013996472, 45.518606937562204 ], [ 8.69129877836264, 45.519232286951571 ], [ 8.691223698292241, 45.519790152660462 ], [ 8.691164915522501, 45.520222046847621 ], [ 8.691123209381571, 45.520532472226691 ], [ 8.689854805817335, 45.520308508390649 ], [ 8.688388148069912, 45.520047985390292 ], [ 8.687055796254684, 45.519814814884064 ], [ 8.685697094579615, 45.519572555222467 ], [ 8.684628229373985, 45.51938058603205 ], [ 8.683163132160722, 45.519705072176194 ], [ 8.682314988437598, 45.520463310052001 ], [ 8.683131706617088, 45.521311682340858 ], [ 8.684001153924658, 45.52189466199755 ], [ 8.684274816228962, 45.5220439369049 ], [ 8.685353661379859, 45.52260948254974 ], [ 8.686205102507429, 45.523057379176066 ], [ 8.686903461590505, 45.523401337281676 ], [ 8.687754693837801, 45.523817717870173 ], [ 8.68839884760002, 45.524197523004752 ], [ 8.688758099395013, 45.524432530991234 ], [ 8.689142567810226, 45.524739615252749 ], [ 8.689421645194079, 45.525001406218827 ], [ 8.689505607522401, 45.525087144901789 ], [ 8.689727991558271, 45.525326278245998 ], [ 8.689935286056796, 45.525542867446248 ], [ 8.69045025750564, 45.525917809627948 ], [ 8.691157766587045, 45.526428286620202 ], [ 8.691729824474422, 45.526830380586958 ], [ 8.691854212225634, 45.526916226601806 ], [ 8.692293966388139, 45.52721894869471 ], [ 8.694707060277459, 45.528850120710942 ], [ 8.693826871686367, 45.53057597439706 ], [ 8.692905308591435, 45.532391720429487 ], [ 8.692838184792546, 45.532666073093829 ], [ 8.692956260262001, 45.533030934506584 ], [ 8.693519590998275, 45.533360986899687 ], [ 8.693849180821912, 45.533618401616351 ], [ 8.694227520384903, 45.534407009817592 ], [ 8.694588570507753, 45.534993046079961 ], [ 8.69511949656626, 45.536065593038344 ], [ 8.695720236171702, 45.53718332870298 ], [ 8.69587126294701, 45.537678790213803 ], [ 8.695762036208892, 45.53841208718945 ], [ 8.695374121211366, 45.538721590543467 ], [ 8.694963010002589, 45.539319065053213 ], [ 8.694857346952189, 45.539687826941723 ], [ 8.694833860869505, 45.540182823309948 ], [ 8.694793182879858, 45.541042317163992 ], [ 8.694715846931413, 45.542684806086477 ], [ 8.694656673945813, 45.544223830754525 ], [ 8.694600054320293, 45.545735858606776 ], [ 8.694617554633339, 45.546865539003754 ], [ 8.69367779448061, 45.546755010100156 ], [ 8.693603030316618, 45.548064464244746 ], [ 8.693191896985923, 45.548283886778655 ], [ 8.692446245119847, 45.548619421479145 ], [ 8.691607953470504, 45.548909695933041 ], [ 8.691499981037715, 45.549035419240347 ], [ 8.691412112635495, 45.549071186150599 ], [ 8.690845231920953, 45.549290179364235 ], [ 8.690407529679854, 45.549460014096056 ], [ 8.689786899882378, 45.549696858480878 ], [ 8.689531536717425, 45.549759172147915 ], [ 8.689153036683336, 45.549789646529675 ], [ 8.688892020922594, 45.549860944443616 ], [ 8.688554818751451, 45.549954536720122 ], [ 8.688205979275267, 45.550052596766562 ], [ 8.687862715533647, 45.550155171510966 ], [ 8.687489797450462, 45.550262164629785 ], [ 8.687038958943596, 45.5504139483728 ], [ 8.686676732018871, 45.550543470767487 ], [ 8.686402623358877, 45.550664232890753 ], [ 8.685898454762, 45.550685350369974 ], [ 8.6853554181977, 45.550715359631042 ], [ 8.684927643495444, 45.550750184804777 ], [ 8.684732582338961, 45.550767648749641 ], [ 8.684617427349135, 45.550812336171006 ], [ 8.684367465521445, 45.550910657424978 ], [ 8.684176063369138, 45.55105864586114 ], [ 8.684027301729335, 45.551170747696588 ], [ 8.683748407475647, 45.551214981216944 ], [ 8.683414618931666, 45.551268062993614 ], [ 8.683280804447703, 45.551285694179114 ], [ 8.682942236492996, 45.551190243883504 ], [ 8.682870921089831, 45.551199046981736 ], [ 8.682442349271927, 45.551233860633189 ], [ 8.682162355362717, 45.551260085109995 ], [ 8.681956751236587, 45.551228009165428 ], [ 8.681586783836334, 45.551163971126712 ], [ 8.681273370021637, 45.551154096037536 ], [ 8.680886306261563, 45.551139513841861 ], [ 8.680569448847105, 45.551170131958905 ], [ 8.680094684167347, 45.551231810796423 ], [ 8.679714371088675, 45.551086728205185 ], [ 8.679499516160654, 45.551203139343777 ], [ 8.67906991774818, 45.551417958601284 ], [ 8.678676478756934, 45.551610375311043 ], [ 8.678005741354086, 45.551914522570023 ], [ 8.677717596645314, 45.552035224261665 ], [ 8.677366263253782, 45.552142245192918 ], [ 8.677084702110038, 45.55223146018313 ], [ 8.676921340781211, 45.552303006722845 ], [ 8.676562393508551, 45.552482012084766 ], [ 8.676162773745933, 45.552701405766818 ], [ 8.675725235281865, 45.552970196209209 ], [ 8.675232180584873, 45.553283832414024 ], [ 8.674921149892858, 45.553480970913078 ], [ 8.674699130074785, 45.553588351532866 ], [ 8.674396420846971, 45.55373150597039 ], [ 8.67419767519884, 45.553829950894318 ], [ 8.673706533388808, 45.554017571186492 ], [ 8.673781114196769, 45.554067289981404 ], [ 8.673923092692092, 45.554162206393841 ], [ 8.674116518453886, 45.554293273616189 ], [ 8.674380150363971, 45.554469545909477 ], [ 8.67460790338666, 45.554618712239346 ], [ 8.674785369322969, 45.554740731804657 ], [ 8.674925411426438, 45.554826640395554 ], [ 8.675120937206463, 45.554939709774814 ], [ 8.675447357919742, 45.555129659713259 ], [ 8.675804507778453, 45.555337698026776 ], [ 8.676053515418664, 45.555482421244072 ], [ 8.676222732865748, 45.55557741201514 ], [ 8.676447915087921, 45.555758071035086 ], [ 8.676641989352769, 45.555916138929391 ], [ 8.676887118914395, 45.556110355108949 ], [ 8.677306791016454, 45.556449080726388 ], [ 8.67747099706024, 45.556580059670075 ], [ 8.677639184911527, 45.556715550135294 ], [ 8.677853248323846, 45.556882673398796 ], [ 8.67801946029855, 45.557013657200692 ], [ 8.678194182086836, 45.557198671017041 ], [ 8.678389591180782, 45.557406245422349 ], [ 8.678518616370294, 45.557600131115493 ], [ 8.678625322983077, 45.557775951776343 ], [ 8.678624040221644, 45.558000974332423 ], [ 8.678581471973155, 45.55830238961439 ], [ 8.678525962712005, 45.558558763219843 ], [ 8.67841902899667, 45.559053519725111 ], [ 8.678266962036071, 45.560020703771791 ], [ 8.678064648034058, 45.561230773979197 ], [ 8.677957557488234, 45.561892048627456 ], [ 8.677880875701252, 45.562278877145722 ], [ 8.677772420525271, 45.562827634667286 ], [ 8.677699886154251, 45.563187471584897 ], [ 8.677646282716834, 45.563457351478043 ], [ 8.677570414488391, 45.563839681459328 ], [ 8.677451611733538, 45.564446916056262 ], [ 8.677343230505153, 45.56512168766568 ], [ 8.677284653078662, 45.565490564630593 ], [ 8.67729937808334, 45.565787640362664 ], [ 8.67731516265269, 45.566107221654498 ], [ 8.677352816332482, 45.566804908075099 ], [ 8.677390348529457, 45.567385580644824 ], [ 8.67743888702854, 45.567930280098523 ], [ 8.677462601105757, 45.568195877457853 ], [ 8.677640550755394, 45.569920076800834 ], [ 8.677653038913776, 45.570887722428246 ], [ 8.67765276728972, 45.571495290891306 ], [ 8.677615596022953, 45.573862455118352 ], [ 8.677571620808299, 45.576157591005924 ], [ 8.677558397944875, 45.576859633028441 ], [ 8.677522702801349, 45.577147564796974 ], [ 8.676811500777262, 45.580331913795376 ], [ 8.67666707322385, 45.581069587974518 ], [ 8.676003031557748, 45.584326071272095 ], [ 8.675459473489488, 45.586682791157152 ], [ 8.675064187506567, 45.588675388915988 ], [ 8.674691731479047, 45.590389018777849 ], [ 8.674195094123091, 45.592925883588777 ], [ 8.67401203255711, 45.593681444580241 ], [ 8.673642213006785, 45.595341071121794 ], [ 8.673598295178136, 45.595453457991802 ], [ 8.673315805475287, 45.595871196411359 ], [ 8.672777323512131, 45.596625738096812 ], [ 8.672383601650633, 45.597151167278582 ], [ 8.671849885444049, 45.597977725961172 ], [ 8.671027690501278, 45.599073481123305 ], [ 8.671051029397479, 45.599262568943523 ], [ 8.671099173116453, 45.59966325122344 ], [ 8.671164892629264, 45.600280007568408 ], [ 8.671229991167566, 45.600797751253197 ], [ 8.67129575000925, 45.601270491862472 ], [ 8.67141781932464, 45.601981920272642 ], [ 8.671458959981774, 45.602279070835522 ], [ 8.67148318473177, 45.60245465954398 ], [ 8.671456167882198, 45.602963136992834 ], [ 8.671428491457311, 45.603516617366857 ], [ 8.671408185780482, 45.603975608655318 ], [ 8.671360519465418, 45.604452523142811 ], [ 8.671329989157803, 45.605424540339335 ], [ 8.671372742727904, 45.60578920267821 ], [ 8.671419173436698, 45.60600535953774 ], [ 8.67158669855197, 45.606482892692597 ], [ 8.671468831284541, 45.60649155475852 ], [ 8.670474770949776, 45.606596703335761 ], [ 8.670250977472655, 45.606762575520406 ], [ 8.669976058036088, 45.606968803938429 ], [ 8.669852899547177, 45.607058457773789 ], [ 8.669581039330323, 45.607152181959982 ], [ 8.667681951611318, 45.607412201944037 ], [ 8.6653785592655, 45.607725012612157 ], [ 8.664089918758794, 45.607626720582957 ], [ 8.663744215387389, 45.608674316271681 ], [ 8.664210485880275, 45.60871169162278 ], [ 8.664197386714767, 45.608824165201241 ], [ 8.66414626737369, 45.609265062267433 ], [ 8.664091741402952, 45.609737452637773 ], [ 8.664088505463464, 45.610011972550346 ], [ 8.66411683566743, 45.610367593940843 ], [ 8.664161227726639, 45.610921283715044 ], [ 8.664203025680299, 45.611438961943705 ], [ 8.663566319678647, 45.61148209344141 ], [ 8.66346956126009, 45.612314397401889 ], [ 8.663216472820675, 45.613218248076087 ], [ 8.662996325911575, 45.613703650658756 ], [ 8.662472324769288, 45.614264663570182 ], [ 8.661538840162034, 45.61433390939029 ], [ 8.661256960887981, 45.614220561937778 ], [ 8.659354260033215, 45.613440821772677 ], [ 8.659151173552591, 45.614083784572941 ], [ 8.658862616436284, 45.615005521413067 ], [ 8.65862016748021, 45.615792380836957 ], [ 8.657716197787488, 45.617000304359053 ], [ 8.657222043238866, 45.616859307930241 ], [ 8.656407754985828, 45.61682985889005 ], [ 8.656136100322135, 45.616878546776327 ], [ 8.652406688832032, 45.615998668200952 ], [ 8.647689877011208, 45.61491310536401 ], [ 8.647073390437175, 45.615815798613738 ], [ 8.646822623718679, 45.616431589071823 ], [ 8.646588166761182, 45.617002424601118 ], [ 8.646844392213408, 45.617624282757134 ], [ 8.645503621699371, 45.618007171068058 ], [ 8.644845255838502, 45.618864717095335 ], [ 8.644774593347952, 45.619328046353928 ], [ 8.644572864213643, 45.619534440760305 ], [ 8.644142824443859, 45.619969648057833 ], [ 8.643839252595017, 45.62018022433638 ], [ 8.643580375486666, 45.620359435932748 ], [ 8.643474988484508, 45.620921666351791 ], [ 8.643728564209878, 45.621075473548153 ], [ 8.643655776758099, 45.621237263582984 ], [ 8.643598469530104, 45.621363098074049 ], [ 8.643559443795692, 45.621511491942265 ], [ 8.643647053907433, 45.621601774728219 ], [ 8.643782889130357, 45.621737212560859 ], [ 8.64380874954262, 45.621831803131812 ], [ 8.643746594949977, 45.622025129666255 ], [ 8.643676654157506, 45.622245434712219 ], [ 8.643541191993833, 45.622240511644016 ], [ 8.643234975946005, 45.622235055290489 ], [ 8.643029540160603, 45.622265916854353 ], [ 8.642771565453272, 45.62230111424509 ], [ 8.642632496131746, 45.622359185439095 ], [ 8.642563208318556, 45.622475980962818 ], [ 8.642476501666916, 45.622619724765592 ], [ 8.642397506854762, 45.622749991221895 ], [ 8.642347115753035, 45.622920851425043 ], [ 8.642284415324625, 45.623136677779875 ], [ 8.642323526414852, 45.623226809682372 ], [ 8.64239347252331, 45.623384545176826 ], [ 8.642385550463736, 45.623497032176431 ], [ 8.642374066446694, 45.623663513684043 ], [ 8.642352936418446, 45.623960478663392 ], [ 8.641971799282159, 45.62407179660925 ], [ 8.641937060797607, 45.624238205174919 ], [ 8.641896115817481, 45.624436097568335 ], [ 8.64191925217475, 45.624643191759333 ], [ 8.641587047188244, 45.624750161302401 ], [ 8.641254433688411, 45.624983141776404 ], [ 8.64127074951155, 45.625694267341366 ], [ 8.641283311358894, 45.626238863650173 ], [ 8.641391264252572, 45.626221200692576 ], [ 8.641719898581055, 45.626172726654566 ], [ 8.642351934446848, 45.626071196279284 ], [ 8.642829066446106, 45.625996181027574 ], [ 8.643112089295714, 45.625997065540062 ], [ 8.643515255662791, 45.626016326197828 ], [ 8.643740295594757, 45.626057532434324 ], [ 8.643945429084336, 45.626139180414746 ], [ 8.643822196275943, 45.626291812239387 ], [ 8.643478395471602, 45.626709283491671 ], [ 8.643156802332751, 45.627099820235244 ], [ 8.642561667992625, 45.627827035661973 ], [ 8.642474245798711, 45.627957275685446 ], [ 8.642360964884313, 45.628307957630476 ], [ 8.642229129671644, 45.628676583207749 ], [ 8.642081431285742, 45.629144169195435 ], [ 8.641742851005338, 45.630560754986902 ], [ 8.641412918425443, 45.631626330272546 ], [ 8.641181948181728, 45.632575203196843 ], [ 8.641119628846397, 45.632791029746322 ], [ 8.64087802053691, 45.633393332719571 ], [ 8.640679957090354, 45.633581729418559 ], [ 8.639977961065282, 45.634263589780353 ], [ 8.63960938874742, 45.634653967969271 ], [ 8.638929934811239, 45.635317891025615 ], [ 8.638537870625104, 45.635744195135196 ], [ 8.638262993951257, 45.636026854208581 ], [ 8.638262056020054, 45.63604935354892 ], [ 8.638174579266581, 45.636121083919186 ], [ 8.637718479631761, 45.636713699406478 ], [ 8.637600352908125, 45.636938347815878 ], [ 8.63754222508085, 45.637496220586208 ], [ 8.637433650599274, 45.638539982892006 ], [ 8.637393964456743, 45.639408445663776 ], [ 8.637305266401862, 45.640042728840257 ], [ 8.637286370622949, 45.640299194999947 ], [ 8.637274423943746, 45.640659193753372 ], [ 8.63722849808936, 45.641064089169674 ], [ 8.637141114716249, 45.641743380785833 ], [ 8.637139342556587, 45.642017903061451 ], [ 8.637108030539766, 45.642395842007048 ], [ 8.637039288599212, 45.642980683012972 ], [ 8.636993893483373, 45.6435520967364 ], [ 8.637062415522671, 45.643745834055146 ], [ 8.637170434361115, 45.644034206344628 ], [ 8.637434702934836, 45.64465610820352 ], [ 8.637721869308272, 45.645210575174779 ], [ 8.637942394938319, 45.645652318831097 ], [ 8.638266349773138, 45.646098890021719 ], [ 8.638548991131897, 45.646486823655486 ], [ 8.638738834628594, 45.646712446825589 ], [ 8.638972723817838, 45.647010216126112 ], [ 8.639318416807519, 45.647447852013173 ], [ 8.639673711129101, 45.647890017555902 ], [ 8.639796444976128, 45.648011916817595 ], [ 8.640021733964899, 45.648215147284688 ], [ 8.640426883377813, 45.648576459367995 ], [ 8.640754296650623, 45.648865518340621 ], [ 8.641135168446207, 45.649136742491372 ], [ 8.641520540080668, 45.649394478124471 ], [ 8.642002501093442, 45.649724522382726 ], [ 8.642317410671582, 45.649964032671605 ], [ 8.642697807204712, 45.650185745111401 ], [ 8.642892408238556, 45.650298864840778 ], [ 8.643286869997969, 45.650579125127621 ], [ 8.643890185256906, 45.651004049657132 ], [ 8.644322194276786, 45.651311426065796 ], [ 8.644603429532122, 45.651487818843052 ], [ 8.645015351396911, 45.651736624268722 ], [ 8.645310031165508, 45.651944560213742 ], [ 8.646038718788319, 45.652464371893721 ], [ 8.646628537346523, 45.652871238203794 ], [ 8.646780243111328, 45.653047224846091 ], [ 8.646861275504495, 45.653173487912049 ], [ 8.646494450129804, 45.653338870019404 ], [ 8.646471775712486, 45.653500815992743 ], [ 8.646027011078123, 45.653494938350654 ], [ 8.646007730659232, 45.653625391606951 ], [ 8.646337140285247, 45.653797428856087 ], [ 8.646229612598457, 45.653995115640399 ], [ 8.645925161707076, 45.653998672911619 ], [ 8.645328405419939, 45.654244346455343 ], [ 8.645159094662002, 45.654315827863549 ], [ 8.645029545869736, 45.654378431677529 ], [ 8.6448519609682, 45.654553397210542 ], [ 8.644840537374609, 45.654584864829197 ], [ 8.644836967422044, 45.654769372069559 ], [ 8.644879462315071, 45.655026029655673 ], [ 8.644776622161212, 45.655178725132927 ], [ 8.644338658553854, 45.655172862067666 ], [ 8.644061606060429, 45.655473529152935 ], [ 8.644186500947436, 45.655829453482497 ], [ 8.644566649336312, 45.656667719789354 ], [ 8.644772345748727, 45.657122904561078 ], [ 8.64502285669805, 45.657533223731221 ], [ 8.645288893475612, 45.657961592307274 ], [ 8.645170125210683, 45.65834826171821 ], [ 8.645013418728842, 45.658581798001201 ], [ 8.645346877918417, 45.658879862968412 ], [ 8.645519986593838, 45.659033415318191 ], [ 8.646133495348723, 45.659066820387615 ], [ 8.646673948335588, 45.659108997131668 ], [ 8.647277963032167, 45.659758927450369 ], [ 8.647196198685663, 45.660451743198102 ], [ 8.647126972250318, 45.660744058164191 ], [ 8.646964359761688, 45.661022583205579 ], [ 8.646793501338323, 45.66121107366714 ], [ 8.646759473229729, 45.661327979952112 ], [ 8.646654462501456, 45.661696691447951 ], [ 8.645788412138115, 45.661694009569821 ], [ 8.645803673478447, 45.661946081618119 ], [ 8.645158336190175, 45.661993583891778 ], [ 8.645154462810881, 45.662034075834534 ], [ 8.645135850731718, 45.662250039210669 ], [ 8.645106805989125, 45.662465970167716 ], [ 8.645000382622348, 45.662803172597009 ], [ 8.644889357496419, 45.662978344739358 ], [ 8.64470862919238, 45.663265811032822 ], [ 8.645046991278587, 45.663235359725256 ], [ 8.645392576507364, 45.663204929835743 ], [ 8.645650680783493, 45.663178728037849 ], [ 8.64586812601822, 45.663174901833393 ], [ 8.646303764932219, 45.663176251381167 ], [ 8.646759379063282, 45.66319116235379 ], [ 8.647224944538443, 45.663219603559931 ], [ 8.647665489660659, 45.663270467910209 ], [ 8.648063891583643, 45.663325701185265 ], [ 8.648428139171097, 45.663389828851145 ], [ 8.648742299226932, 45.663444800485742 ], [ 8.648833329667099, 45.663449580772522 ], [ 8.649197054817492, 45.66346869997642 ], [ 8.649840542861163, 45.663461673194107 ], [ 8.650420944432023, 45.663409445362348 ], [ 8.650906657216984, 45.663356925283992 ], [ 8.651355408079645, 45.663250285063029 ], [ 8.651926585308708, 45.663130514822043 ], [ 8.652232983984879, 45.663014436470981 ], [ 8.65260856678745, 45.662867064604377 ], [ 8.653070508401312, 45.662701952016306 ], [ 8.653622441260687, 45.662514608229962 ], [ 8.65405776040709, 45.662371913126606 ], [ 8.654238626677394, 45.662250948749545 ], [ 8.654672829861649, 45.662027239974428 ], [ 8.655000358132179, 45.661866213631768 ], [ 8.655173598974001, 45.661808230918595 ], [ 8.65542295318772, 45.661768479301912 ], [ 8.655475489945914, 45.661705631565113 ], [ 8.65572333818125, 45.661517360173811 ], [ 8.656020589162525, 45.661320236112452 ], [ 8.656216306959918, 45.66119481285655 ], [ 8.656509363706705, 45.660961671353832 ], [ 8.656879685629727, 45.660620750554898 ], [ 8.657260871050312, 45.66027536068453 ], [ 8.657670225350133, 45.659912052160472 ], [ 8.658044041070218, 45.659589139768386 ], [ 8.658407420553214, 45.659266194931377 ], [ 8.658745754016886, 45.658970176772314 ], [ 8.658840709502357, 45.659186481666289 ], [ 8.658960954708263, 45.659465868177392 ], [ 8.65919078368495, 45.659997606316644 ], [ 8.659434491200578, 45.660556387971567 ], [ 8.65957134705703, 45.660876327268269 ], [ 8.65973947752234, 45.661263866163416 ], [ 8.659957111219297, 45.661759562736933 ], [ 8.660212441146451, 45.662322877591848 ], [ 8.660403196376922, 45.662818493277328 ], [ 8.660600498102506, 45.663359132452364 ], [ 8.660878720896603, 45.664120533015677 ], [ 8.661016430786686, 45.664498978626625 ], [ 8.661047566563365, 45.664526073643501 ], [ 8.661023927110721, 45.66452150306602 ], [ 8.661092584409548, 45.664710725208167 ], [ 8.661170120196035, 45.664958479342481 ], [ 8.661312528426977, 45.665291934087463 ], [ 8.661425259623028, 45.665557794111123 ], [ 8.661571619515591, 45.665900261085277 ], [ 8.661756332400012, 45.666337350605673 ], [ 8.661908648626069, 45.66669333604834 ], [ 8.662010545789133, 45.667026669927289 ], [ 8.662140586881572, 45.667283579498324 ], [ 8.662199605248857, 45.667409766258331 ], [ 8.662264363570596, 45.667580974323307 ], [ 8.662376355283643, 45.667905336791691 ], [ 8.662508825181792, 45.668292765737448 ], [ 8.662577410905303, 45.668495487958204 ], [ 8.662474729139689, 45.668625697291247 ], [ 8.662198353986554, 45.668750892647502 ], [ 8.661861613103156, 45.668907411732171 ], [ 8.661470020730912, 45.669045765555417 ], [ 8.66114692986207, 45.669134816437136 ], [ 8.660634917094578, 45.66921430449819 ], [ 8.660331298729961, 45.669267407427228 ], [ 8.660178569271972, 45.66931195759404 ], [ 8.659515759622789, 45.669517004188329 ], [ 8.659187788230158, 45.669615035848039 ], [ 8.658824428885945, 45.669726462195683 ], [ 8.658459060688262, 45.669837881380104 ], [ 8.657798550579214, 45.669925913556618 ], [ 8.657782051223425, 45.669934865004912 ], [ 8.657352150255425, 45.669969579925933 ], [ 8.656691377649272, 45.67003510273706 ], [ 8.656435502077409, 45.670020832237583 ], [ 8.656097435795852, 45.669997312913438 ], [ 8.65535831545292, 45.669950081267224 ], [ 8.654755937274759, 45.669912259018488 ], [ 8.654731853350601, 45.669979692762752 ], [ 8.654671050226298, 45.670146025086858 ], [ 8.654622076605179, 45.6702808900923 ], [ 8.654529837218311, 45.670537135987026 ], [ 8.654460059317104, 45.670725943216063 ], [ 8.654427818075513, 45.670815854386682 ], [ 8.65444760397401, 45.67086091857815 ], [ 8.654538111617937, 45.671081713578332 ], [ 8.654561051932181, 45.671135788154906 ], [ 8.654246974495065, 45.671125837194282 ], [ 8.653696263366305, 45.671101667023663 ], [ 8.653183234836437, 45.67108210903212 ], [ 8.652914489210929, 45.671072292013356 ], [ 8.652938078541636, 45.671540408822295 ], [ 8.652977467446377, 45.671918564908928 ], [ 8.652767867895539, 45.671944930657524 ], [ 8.652537030589642, 45.671966730998108 ], [ 8.652331557101277, 45.671975106760584 ], [ 8.651969560085115, 45.671992006305175 ], [ 8.651711898712891, 45.672004722393126 ], [ 8.651652414265142, 45.672022542768296 ], [ 8.651461451352443, 45.67208496641134 ], [ 8.65131470179657, 45.672134023384764 ], [ 8.651217556177084, 45.672205733783663 ], [ 8.651092625262521, 45.672295360979327 ], [ 8.650990245598447, 45.672371555631322 ], [ 8.65085245849901, 45.672398137221528 ], [ 8.65041136709887, 45.672486797010883 ], [ 8.649934542872783, 45.672579846044179 ], [ 8.649728557650013, 45.672606217288838 ], [ 8.649186489096582, 45.67260905448267 ], [ 8.648604713744451, 45.672611766981817 ], [ 8.647732188423836, 45.672591078218019 ], [ 8.647521182703787, 45.672585926970463 ], [ 8.647386391304142, 45.67251800452577 ], [ 8.647105281151008, 45.672368622250438 ], [ 8.646966940865948, 45.672291687479152 ], [ 8.646769992869102, 45.672156065713303 ], [ 8.646483118697109, 45.671966160172921 ], [ 8.646349657250191, 45.671880238877833 ], [ 8.646101907772596, 45.671847968658369 ], [ 8.645804811802332, 45.671815544923433 ], [ 8.645636044963659, 45.67179251940297 ], [ 8.645546061404902, 45.671810241994173 ], [ 8.643725144412482, 45.672097106168245 ], [ 8.642538461608469, 45.672268916244334 ], [ 8.642457900371104, 45.672381174984089 ], [ 8.642604257216506, 45.672395134227216 ], [ 8.642799127455961, 45.672413745408527 ], [ 8.643019646621964, 45.672436936838032 ], [ 8.643266648730252, 45.672460210538077 ], [ 8.643454306398482, 45.672478798079979 ], [ 8.643645967538887, 45.672497397801223 ], [ 8.64382393932358, 45.672524955389761 ], [ 8.643993795640359, 45.672565988711803 ], [ 8.644134102302981, 45.672584427574243 ], [ 8.644262007332205, 45.672598327215645 ], [ 8.644442429416122, 45.672616890603528 ], [ 8.644667572969041, 45.672608590211105 ], [ 8.644760653878732, 45.672608879677789 ], [ 8.644777211271014, 45.672653935491994 ], [ 8.644935584473808, 45.672735435605418 ], [ 8.644975585991109, 45.672753561651312 ], [ 8.645027575745985, 45.67278072579839 ], [ 8.645117571317527, 45.672826009717689 ], [ 8.645279540369321, 45.672907520521463 ], [ 8.645454852156277, 45.673101583322364 ], [ 8.6454808334801, 45.673308683851609 ], [ 8.645378160140611, 45.673429876875865 ], [ 8.64520744707518, 45.673523855932473 ], [ 8.644969517879764, 45.673523116791188 ], [ 8.644663654714966, 45.67360767409658 ], [ 8.643885498182309, 45.673825772345175 ], [ 8.643079535489894, 45.674061780146971 ], [ 8.642197618769302, 45.674315546129087 ], [ 8.641473980717501, 45.674538299090379 ], [ 8.640702454346767, 45.674783399021265 ], [ 8.64019988048498, 45.674943832878256 ], [ 8.639926750085971, 45.675050982721039 ], [ 8.639618459053658, 45.675198524883065 ], [ 8.639071914892346, 45.675457824539393 ], [ 8.63882735852942, 45.675551560720152 ], [ 8.63855397057576, 45.675636204301945 ], [ 8.63829654413178, 45.675734399055997 ], [ 8.638051489708795, 45.675841633286851 ], [ 8.637857000763553, 45.676012033314386 ], [ 8.637539863090089, 45.676159541800949 ], [ 8.637196018213237, 45.676342968036721 ], [ 8.636624672505336, 45.676710187494223 ], [ 8.635875453555689, 45.677157845028269 ], [ 8.635055562424498, 45.677609772313581 ], [ 8.634787537788553, 45.677793433428754 ], [ 8.634133682970514, 45.678133373978234 ], [ 8.634206443608591, 45.67817411082644 ], [ 8.634452646657421, 45.678323413004911 ], [ 8.634570172172877, 45.678391295415231 ], [ 8.634738822609695, 45.678558350598102 ], [ 8.635687242082138, 45.679015922155727 ], [ 8.635550124501991, 45.679245006661745 ], [ 8.635343661039146, 45.679586380369109 ], [ 8.634256979810054, 45.679533401981637 ], [ 8.634193908164336, 45.67978972442895 ], [ 8.634122990402279, 45.680082025122019 ], [ 8.634116394184527, 45.680109006561473 ], [ 8.634082181328045, 45.680248410233212 ], [ 8.634353767024757, 45.680321286602464 ], [ 8.634895532077314, 45.680561541874241 ], [ 8.634538172618166, 45.681951031052265 ], [ 8.634402831147066, 45.681905593771191 ], [ 8.633996359588345, 45.682885385082102 ], [ 8.633660676411436, 45.683716887782644 ], [ 8.633297645146703, 45.684615807957925 ], [ 8.633452022219357, 45.684634305058303 ], [ 8.633684574294175, 45.684666553904314 ], [ 8.634044648060014, 45.684712712096072 ], [ 8.634290279001659, 45.684830509651682 ], [ 8.634289663199491, 45.684925016575974 ], [ 8.634268230691459, 45.685073461942942 ], [ 8.634211954832308, 45.685271300404708 ], [ 8.634097329261591, 45.68568047185164 ], [ 8.634045991056007, 45.685860324333397 ], [ 8.633758149004322, 45.685998915066676 ], [ 8.633199237891805, 45.686717189589054 ], [ 8.633312131193273, 45.68682106169603 ], [ 8.633406685036167, 45.686906873155806 ], [ 8.633529284297877, 45.687060280829392 ], [ 8.633657966384904, 45.687083195639794 ], [ 8.63418553216624, 45.687170394114681 ], [ 8.634461314069815, 45.687220781462536 ], [ 8.634761446245253, 45.687167736292345 ], [ 8.634866498563049, 45.687244579257104 ], [ 8.63498871846692, 45.687334978239569 ], [ 8.635176735200494, 45.687551599019152 ], [ 8.635267160037504, 45.687655397428031 ], [ 8.635403426172008, 45.687745840801668 ], [ 8.63549550558138, 45.687656126189786 ], [ 8.635664256976137, 45.687751173312733 ], [ 8.635691265426404, 45.687917775026015 ], [ 8.635709022102885, 45.68802584175404 ], [ 8.635727187464632, 45.688133909780326 ], [ 8.635844956727924, 45.688228794062432 ], [ 8.63599922778625, 45.688328294945684 ], [ 8.636155740892091, 45.688391799392761 ], [ 8.63617440935545, 45.688544873150128 ], [ 8.636011036742063, 45.688611859076282 ], [ 8.636036593099677, 45.68869294806607 ], [ 8.636139105123226, 45.688913795201131 ], [ 8.636309205066519, 45.689233866656181 ], [ 8.636397014235694, 45.689432164633331 ], [ 8.636308668983537, 45.689440884272344 ], [ 8.636074922284955, 45.689467142452209 ], [ 8.63558092578033, 45.689519572842102 ], [ 8.635472656949897, 45.689505726182254 ], [ 8.63522605033987, 45.689473436133262 ], [ 8.634920747304971, 45.689454459261583 ], [ 8.634707642109582, 45.689453778082466 ], [ 8.634704021327618, 45.689516772384842 ], [ 8.634699944991871, 45.689588766069569 ], [ 8.634828548696479, 45.68974669189398 ], [ 8.634955657823621, 45.689949616989779 ], [ 8.635036102812318, 45.690107388683231 ], [ 8.634869396470519, 45.690192363987279 ], [ 8.634761084107069, 45.690246022806541 ], [ 8.634758063877534, 45.690340521956898 ], [ 8.634753080938362, 45.690489019861154 ], [ 8.63477148261541, 45.690682596710374 ], [ 8.634809658359107, 45.690799729638016 ], [ 8.635004503160314, 45.690768849357028 ], [ 8.635179009578264, 45.690719902124002 ], [ 8.635363177085567, 45.690666485040119 ], [ 8.635605300244032, 45.690649255876515 ], [ 8.635736968776799, 45.690645175340649 ], [ 8.635952728998902, 45.690546853839592 ], [ 8.636186982548169, 45.690628607586149 ], [ 8.636376571807501, 45.690543703199324 ], [ 8.636492157343342, 45.690544071022593 ], [ 8.63663061480786, 45.690544511476375 ], [ 8.636754600788416, 45.690549406170895 ], [ 8.637048211925151, 45.690577341832189 ], [ 8.63742512610022, 45.690817060829907 ], [ 8.637359282896451, 45.69106887530355 ], [ 8.636671126014186, 45.691417721556114 ], [ 8.635843222810081, 45.691464590273114 ], [ 8.635066334463911, 45.691507115536645 ], [ 8.634421383716214, 45.691563559032318 ], [ 8.633237909883906, 45.691730781825868 ], [ 8.633416346253627, 45.692001379595268 ], [ 8.633775625885217, 45.692484076545568 ], [ 8.634141671663134, 45.692975794826332 ], [ 8.634466731253392, 45.693413375761963 ], [ 8.634480263112351, 45.693431420723442 ], [ 8.634805736626667, 45.693869001983138 ], [ 8.635103345005188, 45.694270489956935 ], [ 8.635445542402547, 45.694730624820515 ], [ 8.635771427929294, 45.695168204542064 ], [ 8.636205926502184, 45.695754642898926 ], [ 8.636695091792525, 45.696332252563799 ], [ 8.637021112781303, 45.696751827369162 ], [ 8.637119016463936, 45.696819644590249 ], [ 8.637331100983863, 45.69691932713696 ], [ 8.637644885210815, 45.697059835614489 ], [ 8.637772398692174, 45.69720425321556 ], [ 8.637935750172469, 45.697393788387416 ], [ 8.638138093466006, 45.697637451787912 ], [ 8.638235127026638, 45.697777271900279 ], [ 8.638319305893745, 45.697795540073137 ], [ 8.638560676110581, 45.697899813439825 ], [ 8.638880804278072, 45.69805383980664 ], [ 8.639205727824995, 45.698212380828878 ], [ 8.639486226937837, 45.69834827868408 ], [ 8.639655240750342, 45.698470323033625 ], [ 8.639992486437894, 45.698772913874357 ], [ 8.640242487417277, 45.699034725300145 ], [ 8.640413850726409, 45.699291788277158 ], [ 8.640518402637269, 45.699449631719737 ], [ 8.640692806751849, 45.699733706298062 ], [ 8.64091049479917, 45.700089923232589 ], [ 8.641197757500526, 45.70055436812153 ], [ 8.641486226571233, 45.700640781516071 ], [ 8.641875869981083, 45.700786016709579 ], [ 8.642005478891637, 45.700795423729986 ], [ 8.642351263795588, 45.700832509999039 ], [ 8.642713854091632, 45.700878648599129 ], [ 8.643007718866832, 45.700938072555147 ], [ 8.64314761316761, 45.700970012471828 ], [ 8.643319380126078, 45.701038055012901 ], [ 8.643423553363847, 45.701069883065642 ], [ 8.643691177716178, 45.701151725414078 ], [ 8.644058857192464, 45.701283383415209 ], [ 8.644277110736384, 45.701365070562836 ], [ 8.644317462236534, 45.70152271055828 ], [ 8.644360162487278, 45.701689358666897 ], [ 8.644423355506078, 45.701725558641634 ], [ 8.644595221391068, 45.701843104074285 ], [ 8.644745330683794, 45.701911077085882 ], [ 8.644934683582123, 45.702055678837716 ], [ 8.645221858265968, 45.702286091866476 ], [ 8.645376848043858, 45.70240808411419 ], [ 8.645363658430437, 45.702588059556938 ], [ 8.645338638387864, 45.702799501133647 ], [ 8.645327647206873, 45.703141498113595 ], [ 8.645324615491457, 45.70324049770084 ], [ 8.645319602250803, 45.703397996450448 ], [ 8.645655866096906, 45.703547553360089 ], [ 8.646098801820722, 45.703778447110075 ], [ 8.64629062775998, 45.703725036251136 ], [ 8.646581401440764, 45.703640428337089 ], [ 8.64686494554854, 45.703555797336037 ], [ 8.646995850058063, 45.703614707189793 ], [ 8.647382102325977, 45.703795916313972 ], [ 8.647881679288352, 45.704022477535148 ], [ 8.647803148697436, 45.704382268132477 ], [ 8.647706467302131, 45.704818509617731 ], [ 8.647937459640067, 45.705048742450451 ], [ 8.648116204912219, 45.705224809010865 ], [ 8.648470856104522, 45.705581432946843 ], [ 8.648932838723242, 45.706046395381875 ], [ 8.649226476467208, 45.706339823729429 ], [ 8.649229775540249, 45.706389338329785 ], [ 8.649230496923972, 45.706402841763996 ], [ 8.649244341906911, 45.706627904588899 ], [ 8.649253104299971, 45.706767444083034 ], [ 8.64930442711697, 45.706970119907318 ], [ 8.649359258173918, 45.707190808091774 ], [ 8.64944868175103, 45.707335095489761 ], [ 8.649601692731542, 45.707583087179543 ], [ 8.650040160528672, 45.708088476495284 ], [ 8.650015632993345, 45.708223413514219 ], [ 8.649959632950258, 45.70851126786804 ], [ 8.650324460655176, 45.708593392337015 ], [ 8.650780321024746, 45.708693795548129 ], [ 8.651253813885535, 45.708798751167194 ], [ 8.651438697183124, 45.708830818203737 ], [ 8.651735365864177, 45.708962234646165 ], [ 8.651903939710056, 45.709034754851317 ], [ 8.652369622298268, 45.709234190531355 ], [ 8.652543390518385, 45.70931122599837 ], [ 8.652622238195573, 45.709414975056895 ], [ 8.65258921863269, 45.709626393642381 ], [ 8.652572490426948, 45.709734352466306 ], [ 8.652537722094891, 45.709837756018956 ], [ 8.652528753082604, 45.709860230760164 ], [ 8.652482542130691, 45.709995102317706 ], [ 8.652380039439896, 45.710080298153819 ], [ 8.65187061086931, 45.710006740559336 ], [ 8.651222469226639, 45.710351294843605 ], [ 8.65149267327852, 45.710352119392034 ], [ 8.651762865662688, 45.710352943265839 ], [ 8.651923033062383, 45.71035793175183 ], [ 8.651928898072395, 45.710447957685808 ], [ 8.651955410886844, 45.71057404974551 ], [ 8.652037437036944, 45.710619303627148 ], [ 8.652135466816603, 45.710673606984109 ], [ 8.65228310749869, 45.71075506367476 ], [ 8.652402770876638, 45.710818433446157 ], [ 8.652462820291944, 45.710976130227323 ], [ 8.6524347881784, 45.711093055425202 ], [ 8.652314326639621, 45.711160194940739 ], [ 8.652162031265105, 45.711245239024272 ], [ 8.652086541916431, 45.711375520843895 ], [ 8.652079274220068, 45.711447505151881 ], [ 8.652201416917098, 45.711497381469222 ], [ 8.652256927148454, 45.711547054865619 ], [ 8.652363481711584, 45.711650888389876 ], [ 8.652294031869499, 45.711907199973972 ], [ 8.652192002612324, 45.712109407505665 ], [ 8.65211533705525, 45.712235185342223 ], [ 8.652024945280814, 45.712374422524285 ], [ 8.651932135316528, 45.712513652264406 ], [ 8.651894034348985, 45.71257204140263 ], [ 8.651155761970708, 45.712362771117405 ], [ 8.65097313011389, 45.712740247069057 ], [ 8.650872269583514, 45.712946957365197 ], [ 8.650818179702441, 45.713059302094734 ], [ 8.650895328664577, 45.713113542672403 ], [ 8.65106802085138, 45.713235581052508 ], [ 8.651124499138763, 45.713321261148479 ], [ 8.651119412019058, 45.713429255237024 ], [ 8.650943952054858, 45.713622236544317 ], [ 8.65084141712185, 45.71377493685852 ], [ 8.650804124820782, 45.713896333699893 ], [ 8.65059656522631, 45.714021710337846 ], [ 8.650480811269484, 45.714169869490114 ], [ 8.650286370842442, 45.714380793296421 ], [ 8.650109289188393, 45.71451076272605 ], [ 8.649874385344068, 45.714577549094386 ], [ 8.649364390780258, 45.714715497453042 ], [ 8.649145128303065, 45.714593313524972 ], [ 8.648978795508221, 45.714673809807238 ], [ 8.648631228603433, 45.714906762211903 ], [ 8.64827633035579, 45.715090186584867 ], [ 8.647806569464665, 45.715214750633308 ], [ 8.647449995210206, 45.715218151284965 ], [ 8.64706792221652, 45.715189969261331 ], [ 8.647496039442229, 45.71594285763657 ], [ 8.646836086914337, 45.715981323130151 ], [ 8.646828062831846, 45.716107309495314 ], [ 8.646419406648072, 45.7162815610764 ], [ 8.64578089252252, 45.716612612725314 ], [ 8.644819487157276, 45.717077669389248 ], [ 8.644814870195489, 45.717172163395325 ], [ 8.644811148314641, 45.717505181268784 ], [ 8.644822005536295, 45.717694231724721 ], [ 8.644548632194232, 45.718062414138345 ], [ 8.644593457019919, 45.718211066696199 ], [ 8.644956281586113, 45.718428213841499 ], [ 8.644636094898226, 45.71876924855102 ], [ 8.644627615699877, 45.71877822297067 ], [ 8.644348256197325, 45.719074379871941 ], [ 8.645073521947294, 45.719445667754151 ], [ 8.64448880578427, 45.720150411971929 ], [ 8.644166085690216, 45.720509438961678 ], [ 8.644164768219559, 45.720527436439994 ], [ 8.644149103247761, 45.720527387650314 ], [ 8.644034001709873, 45.720630538185411 ], [ 8.643907167424681, 45.720747153220891 ], [ 8.643769295081366, 45.720832230931514 ], [ 8.643627784081751, 45.720921797520006 ], [ 8.643593847204594, 45.720953194424474 ], [ 8.643571728592821, 45.720957625818379 ], [ 8.64342045700606, 45.721002157747677 ], [ 8.64328541930433, 45.721019737792957 ], [ 8.643118486157379, 45.721001214892389 ], [ 8.642881546018083, 45.720941969390466 ], [ 8.642982363275733, 45.721126800669062 ], [ 8.642917708481308, 45.72125260967082 ], [ 8.642612581215912, 45.721242654823747 ], [ 8.642298622695249, 45.721232671512858 ], [ 8.642203889434896, 45.721227874484448 ], [ 8.641836315657891, 45.721312230276993 ], [ 8.641693124629709, 45.721347784458544 ], [ 8.641240114114686, 45.721292358120571 ], [ 8.640734121779929, 45.721232263000182 ], [ 8.640425558614417, 45.721195289138329 ], [ 8.640347313967492, 45.721186042067764 ], [ 8.640266680118028, 45.721172287026008 ], [ 8.640227249535453, 45.721185664051987 ], [ 8.639391892806378, 45.721201032067384 ], [ 8.639077974739067, 45.720934517517065 ], [ 8.637414642325421, 45.720569219273962 ], [ 8.63755847272229, 45.720124136476535 ], [ 8.636675480867494, 45.719932315296838 ], [ 8.636572410802302, 45.720098502129076 ], [ 8.632246615196042, 45.720008153320151 ], [ 8.628121662708008, 45.719909293833574 ], [ 8.623830397348334, 45.719823239136282 ], [ 8.623123673500896, 45.719820910068556 ], [ 8.623096158951766, 45.720090843068938 ], [ 8.623081070135477, 45.720423822584159 ], [ 8.623067070543918, 45.720594791432781 ], [ 8.622962941063047, 45.720792465246888 ], [ 8.622846142730118, 45.72096309476715 ], [ 8.622498531777312, 45.721060955434822 ], [ 8.622189590433397, 45.721140941343798 ], [ 8.622099277582889, 45.721194647398939 ], [ 8.621957565162591, 45.721248183318821 ], [ 8.621790699313575, 45.721220628687462 ], [ 8.621598376997927, 45.721156986341505 ], [ 8.621418418623891, 45.721165390963769 ], [ 8.621007224098552, 45.721164027690271 ], [ 8.620685917489766, 45.721171962191292 ], [ 8.620325268764987, 45.721296775327943 ], [ 8.620119183060787, 45.721368096605666 ], [ 8.619900063844394, 45.721466376520247 ], [ 8.619809931429064, 45.721493078993852 ], [ 8.619591483097471, 45.721492351859673 ], [ 8.619373034774251, 45.721491624307845 ], [ 8.619167375209091, 45.721499939757663 ], [ 8.618704533828797, 45.721534399190027 ], [ 8.618061609068398, 45.721595257243386 ], [ 8.61743153287096, 45.721656154702345 ], [ 8.616878370463896, 45.72174430899819 ], [ 8.616415156157011, 45.721832762640858 ], [ 8.616054802007898, 45.721912559327357 ], [ 8.615874655391423, 45.721947956951809 ], [ 8.615797432002925, 45.721965698869823 ], [ 8.615205466795024, 45.722089717725609 ], [ 8.614253077914631, 45.722302525065103 ], [ 8.613519568426966, 45.722453059559498 ], [ 8.613441536663675, 45.722587807397929 ], [ 8.61324654876336, 45.722911175875304 ], [ 8.612717948564685, 45.723161407329449 ], [ 8.612176804712332, 45.723366589813956 ], [ 8.612149173327678, 45.723645520408866 ], [ 8.612080436245774, 45.724293343645954 ], [ 8.612011385988197, 45.724986169627769 ], [ 8.611956929712507, 45.725427023110264 ], [ 8.611982693610086, 45.725418109828013 ], [ 8.613276379600324, 45.724931953347941 ] ] ] ] } }
]
}
