{
"type": "FeatureCollection",
"name": "limiti_comuni_ticino",
"crs": { "type": "name", "properties": { "name": "urn:ogc:def:crs:OGC:1.3:CRS84" } },
"features": [
{ "type": "Feature", "properties": { "ISTAT": "003043", "ISOLA": "00", "tabcomuni_": "003043", "TOPONIMO": "Castelletto sopra Ticino", "FK_CMON": 0, "FK_OLD_CM": 0, "USSL": "13", "OLD_ISTAT": "3043", "PROV": "003", "DATA_IN": 19600000, "DATA_FINE": 99999999 }, "geometry": { "type": "MultiPolygon", "coordinates": [ [ [ [ 8.57510302756091, 45.717977432412447 ], [ 8.575346173625547, 45.719805469895867 ], [ 8.577193463878118, 45.720208355091309 ], [ 8.577402172027186, 45.719795098817031 ], [ 8.577751676092143, 45.719454368887604 ], [ 8.578215329394338, 45.719312074613029 ], [ 8.578832156422843, 45.719305354203172 ], [ 8.579449185718566, 45.719271629245227 ], [ 8.579860021468157, 45.71931814720157 ], [ 8.580654449418832, 45.719618093530677 ], [ 8.581423187247166, 45.719917940008742 ], [ 8.58201277975243, 45.720118117472524 ], [ 8.582486129105128, 45.72039887213657 ], [ 8.582972399551061, 45.720670671438533 ], [ 8.583538244047819, 45.720609735215952 ], [ 8.583973390299256, 45.720845340880054 ], [ 8.58430574364893, 45.721080570127931 ], [ 8.584521319969772, 45.721468383973189 ], [ 8.584774315930236, 45.722009344739988 ], [ 8.584757735243633, 45.722513320766609 ], [ 8.584869454500106, 45.723044765933011 ], [ 8.584994492085714, 45.723513254884814 ], [ 8.58526061805826, 45.724018259590572 ], [ 8.593356713823523, 45.729303800727486 ], [ 8.594351224220066, 45.728623295123214 ], [ 8.594853920632607, 45.72841806799795 ], [ 8.595934269320955, 45.72830489396015 ], [ 8.596834826261391, 45.728173072723031 ], [ 8.59844451397972, 45.727719721322153 ], [ 8.599770683050091, 45.727373359883927 ], [ 8.600748450490274, 45.727223777524401 ], [ 8.602562864946242, 45.726888093194418 ], [ 8.604403277173153, 45.72650746701725 ], [ 8.606681032250462, 45.726065316447382 ], [ 8.609046509906596, 45.725938443928477 ], [ 8.610306067563556, 45.725915754846397 ], [ 8.611501246036806, 45.725910833775693 ], [ 8.612581078951761, 45.725860505005024 ], [ 8.613583247566797, 45.725890908598167 ], [ 8.614406126299745, 45.725830690590328 ], [ 8.615357880651469, 45.725716897719799 ], [ 8.616656229446864, 45.725658266925073 ], [ 8.617632941104928, 45.725652546791714 ], [ 8.6188164871445, 45.725467497221082 ], [ 8.619936016668817, 45.725246219355959 ], [ 8.621057240959832, 45.724772917979742 ], [ 8.622667123630128, 45.724247220346072 ], [ 8.623774609389372, 45.723899855826382 ], [ 8.625125813927085, 45.72361628691759 ], [ 8.626283952791963, 45.723377072420064 ], [ 8.627223031657312, 45.723227136460537 ], [ 8.628123256771252, 45.723122069277551 ], [ 8.629254006111795, 45.723134753539135 ], [ 8.630796552330857, 45.723058754730793 ], [ 8.631966442391953, 45.7229815324011 ], [ 8.633121653058124, 45.723183271065345 ], [ 8.634560338617401, 45.7232688988192 ], [ 8.635870585490006, 45.723345097539664 ], [ 8.63823443470644, 45.723442631657527 ], [ 8.640328668979697, 45.723503263729228 ], [ 8.642412871771457, 45.723122793960179 ], [ 8.644588195602699, 45.722553556596807 ], [ 8.646032454599332, 45.721756993114319 ], [ 8.647361932295036, 45.720816045634109 ], [ 8.648799575394797, 45.719011352591473 ], [ 8.649408104378974, 45.718275172052429 ], [ 8.650274942539113, 45.717323765229835 ], [ 8.651371850420299, 45.716562069638407 ], [ 8.652262706492161, 45.715871740186742 ], [ 8.652870375885858, 45.715261547469069 ], [ 8.653117669613307, 45.714749262448755 ], [ 8.653417130449435, 45.714111126153838 ], [ 8.653601398029801, 45.713400633569563 ], [ 8.653925874853199, 45.712870579860031 ], [ 8.65437848937913, 45.71239491788107 ], [ 8.654714747216307, 45.712035910319322 ], [ 8.655015449528856, 45.711190757806122 ], [ 8.654944902855048, 45.710128464739483 ], [ 8.65473254349576, 45.709146747968134 ], [ 8.654390836297999, 45.70830864928908 ], [ 8.654252963553052, 45.707750189073273 ], [ 8.653999586022278, 45.707173376664294 ], [ 8.653709286747018, 45.706335431729244 ], [ 8.653441962155702, 45.705938589188925 ], [ 8.65293106624642, 45.705459998362393 ], [ 8.652393370962004, 45.705161337124686 ], [ 8.651484602659725, 45.704627521451698 ], [ 8.650691071256603, 45.704157056546165 ], [ 8.650066681692634, 45.703345079540739 ], [ 8.649661919661824, 45.702335759249969 ], [ 8.649372834791366, 45.701317792599426 ], [ 8.64919671847287, 45.700723205208867 ], [ 8.649084773984836, 45.70013781577758 ], [ 8.648820779925941, 45.699218932202747 ], [ 8.648736729817081, 45.698282601217777 ], [ 8.648497705157739, 45.697480802579726 ], [ 8.648154409910624, 45.696921700253867 ], [ 8.647967565946228, 45.695994051648078 ], [ 8.647317900610737, 45.695136976952888 ], [ 8.646847384833649, 45.69438846206755 ], [ 8.646351762067154, 45.693549860251004 ], [ 8.645702433417698, 45.692647773562626 ], [ 8.645256621231727, 45.692061341251474 ], [ 8.644710240869802, 45.691132566963439 ], [ 8.644240477616092, 45.690276034731042 ], [ 8.643412512727391, 45.689202363399247 ], [ 8.642876740895286, 45.68863364140735 ], [ 8.64204670147976, 45.687892979623278 ], [ 8.641703470433404, 45.687342857937708 ], [ 8.641361166420815, 45.686648726718978 ], [ 8.64077476399131, 45.685971826776601 ], [ 8.640201736439854, 45.685213959555298 ], [ 8.639832336912907, 45.684744755820752 ], [ 8.638251338465736, 45.684973767719349 ], [ 8.637402582711644, 45.685160085854868 ], [ 8.636669103701745, 45.685391768744672 ], [ 8.636102267426345, 45.685668982600838 ], [ 8.635767568344365, 45.685793923547678 ], [ 8.636189357968691, 45.686101294755616 ], [ 8.636751770692193, 45.686508120435732 ], [ 8.637043406143002, 45.687085094900347 ], [ 8.637359742838598, 45.687815159201485 ], [ 8.63738263533236, 45.688247266024469 ], [ 8.637674576680796, 45.688779236146758 ], [ 8.638083208244453, 45.689140562628303 ], [ 8.638530082522022, 45.689547012441885 ], [ 8.638682569447401, 45.689799515677485 ], [ 8.638193160435753, 45.690013980155868 ], [ 8.637729955951526, 45.6901475194733 ], [ 8.637227464909559, 45.690397941037226 ], [ 8.636736996387352, 45.690774408548577 ], [ 8.636259422505107, 45.691141914372878 ], [ 8.635589958544646, 45.691391795723092 ], [ 8.634420493419755, 45.69150506005893 ], [ 8.633597900542343, 45.691601426550228 ], [ 8.633109692517349, 45.691626858285865 ], [ 8.632596328545301, 45.691571200534788 ], [ 8.63141519330197, 45.691504382440883 ], [ 8.630911774347584, 45.691889783673226 ], [ 8.630215405727323, 45.692319560381797 ], [ 8.629839987516341, 45.692768376903409 ], [ 8.629618920504749, 45.693181690994003 ], [ 8.629564695369629, 45.693613548344658 ], [ 8.628929417620331, 45.69451155186519 ], [ 8.62854353740223, 45.695081839286658 ], [ 8.626871953669895, 45.692947714748698 ], [ 8.624661615094105, 45.695055622144423 ], [ 8.623976495976704, 45.695710414967458 ], [ 8.623315780161805, 45.696554298812806 ], [ 8.62268266970511, 45.697110247920889 ], [ 8.622150967788839, 45.697864544861751 ], [ 8.621388596966774, 45.698537067100922 ], [ 8.62054810537391, 45.699362335862872 ], [ 8.61983597686268, 45.700197027159717 ], [ 8.619460423599868, 45.700645808440271 ], [ 8.618994948846879, 45.701094287933934 ], [ 8.618594610284736, 45.701407973164677 ], [ 8.617949043796866, 45.70189184836557 ], [ 8.617625704362366, 45.702214788874414 ], [ 8.617147233811243, 45.702681218477636 ], [ 8.616325310967978, 45.702651453008706 ], [ 8.615786481207147, 45.70255063066049 ], [ 8.61527389955503, 45.702368888204312 ], [ 8.614825486001926, 45.702196360961203 ], [ 8.614157962814922, 45.702131098754705 ], [ 8.613670337154867, 45.702057441772617 ], [ 8.612835331706663, 45.702063609596912 ], [ 8.612295456707729, 45.702115778859941 ], [ 8.611575808756008, 45.702158332487159 ], [ 8.611189451857477, 45.702301026339427 ], [ 8.61102021642229, 45.702624473608665 ], [ 8.610708055241293, 45.703181450363402 ], [ 8.610564880393312, 45.703450981806462 ], [ 8.610110281448069, 45.704169482417385 ], [ 8.609877117900645, 45.704447705819355 ], [ 8.609720964751791, 45.704735193086151 ], [ 8.609115201713868, 45.705021139358266 ], [ 8.608470392073963, 45.705378953731675 ], [ 8.607889867724522, 45.705727984894928 ], [ 8.607862036832957, 45.706033912209882 ], [ 8.607742771749884, 45.70655554116906 ], [ 8.607597685704839, 45.707095082429689 ], [ 8.606977905259482, 45.70754298113782 ], [ 8.606628966808545, 45.707838799878651 ], [ 8.606318690968173, 45.708116749711046 ], [ 8.60612238967485, 45.708629110045763 ], [ 8.605785844159433, 45.708987973677573 ], [ 8.605665731094286, 45.709626605987559 ], [ 8.605496884838219, 45.709887041282059 ], [ 8.603134810304498, 45.709626823942763 ], [ 8.603156811945944, 45.710148939459309 ], [ 8.602986615076333, 45.710598380385584 ], [ 8.602882181017302, 45.710832034056189 ], [ 8.602634895674326, 45.711281205841523 ], [ 8.602272234396684, 45.711693971915437 ], [ 8.601741591247491, 45.712241160103289 ], [ 8.601443219560336, 45.712645147378709 ], [ 8.600133783361009, 45.712496551325415 ], [ 8.59979730506768, 45.712837395948583 ], [ 8.59944784639057, 45.713196195283473 ], [ 8.598949034237286, 45.712879418292822 ], [ 8.598437444455266, 45.712553593435608 ], [ 8.598105017421577, 45.712327405349107 ], [ 8.597669102743547, 45.712199858454738 ], [ 8.597103874468109, 45.712188861640691 ], [ 8.596539228926082, 45.712096858088643 ], [ 8.596025651306144, 45.712050036051338 ], [ 8.595665142147226, 45.712156766028215 ], [ 8.595049693821803, 45.71198356891977 ], [ 8.594434444461839, 45.71178336719759 ], [ 8.593922174260587, 45.711556527000937 ], [ 8.593398169573137, 45.711176631289078 ], [ 8.593041512439635, 45.710752327292546 ], [ 8.592734812052747, 45.71052621535366 ], [ 8.591964635900281, 45.710433454778155 ], [ 8.591604588030341, 45.710477168938866 ], [ 8.591089914411196, 45.710583332160709 ], [ 8.590497827192364, 45.710734218373041 ], [ 8.589572300667943, 45.7108028956103 ], [ 8.589111184154104, 45.710612220631027 ], [ 8.588728670799934, 45.71021481196447 ], [ 8.588112736668094, 45.710113581051679 ], [ 8.587624680051594, 45.710093815450669 ], [ 8.586698961841233, 45.710189470736537 ], [ 8.586461366819039, 45.70930654350412 ], [ 8.584536665618815, 45.708984522561991 ], [ 8.583926726606991, 45.709810359989724 ], [ 8.583566476312875, 45.709881050092626 ], [ 8.583039548056423, 45.709906126267057 ], [ 8.582602347716254, 45.709958530545734 ], [ 8.582113624366906, 45.710028745656537 ], [ 8.581213726657653, 45.710106449790857 ], [ 8.580761457351427, 45.710455813743749 ], [ 8.580424807438563, 45.710805601423964 ], [ 8.580204182998209, 45.7111018113443 ], [ 8.579403064408512, 45.71171090420458 ], [ 8.576721297039393, 45.712961072894757 ], [ 8.576544984750765, 45.715894634045519 ], [ 8.575295239460727, 45.716349028464073 ], [ 8.57510302756091, 45.717977432412447 ] ] ] ] } },
{ "type": "Feature", "properties": { "ISTAT": "003154", "ISOLA": "00", "tabcomuni_": "003154", "TOPONIMO": "Varallo Pombia", "FK_CMON": 0, "FK_OLD_CM": 0, "USSL": "13", "OLD_ISTAT": "3154", "PROV": "003", "DATA_IN": 19600000, "DATA_FINE": 99999999 }, "geometry": { "type": "MultiPolygon", "coordinates": [ [ [ [ 8.63141519330197, 45.691504382440883 ], [ 8.632596328545301, 45.691571200534788 ], [ 8.633109692517349, 45.691626858285865 ], [ 8.633597900542343, 45.691601426550228 ], [ 8.634420493419755, 45.69150506005893 ], [ 8.635589958544646, 45.691391795723092 ], [ 8.636259422505107, 45.691141914372878 ], [ 8.636736996387352, 45.690774408548577 ], [ 8.637227464909559, 45.690397941037226 ], [ 8.637729955951526, 45.6901475194733 ], [ 8.638193160435753, 45.690013980155868 ], [ 8.638682569447401, 45.689799515677485 ], [ 8.638530082522022, 45.689547012441885 ], [ 8.638083208244453, 45.689140562628303 ], [ 8.637674576680796, 45.688779236146758 ], [ 8.63738263533236, 45.688247266024469 ], [ 8.637359742838598, 45.687815159201485 ], [ 8.637043406143002, 45.687085094900347 ], [ 8.636751770692193, 45.686508120435732 ], [ 8.636189357968691, 45.686101294755616 ], [ 8.635767568344365, 45.685793923547678 ], [ 8.636102267426345, 45.685668982600838 ], [ 8.636669103701745, 45.685391768744672 ], [ 8.637402582711644, 45.685160085854868 ], [ 8.638251338465736, 45.684973767719349 ], [ 8.639832336912907, 45.684744755820752 ], [ 8.639680725143393, 45.684357245954907 ], [ 8.639579728846758, 45.684086905212993 ], [ 8.639751633474637, 45.683313387146661 ], [ 8.639845968224945, 45.682620630095414 ], [ 8.639966790401413, 45.681801946494431 ], [ 8.640062389695828, 45.680911177243409 ], [ 8.640197372254104, 45.679885521278344 ], [ 8.640343921109855, 45.679057917363131 ], [ 8.640541709944971, 45.678248476186397 ], [ 8.640712546211539, 45.677636965546569 ], [ 8.641039698971584, 45.67667491864546 ], [ 8.641632214578737, 45.67637975908594 ], [ 8.642879763482432, 45.676050647689479 ], [ 8.644564405406092, 45.675632879208237 ], [ 8.645696367687437, 45.675303376497553 ], [ 8.647096977504091, 45.675127707043423 ], [ 8.648806563534908, 45.674817961901404 ], [ 8.650245108332779, 45.674732378008841 ], [ 8.651450029799211, 45.675051094654179 ], [ 8.652733671233884, 45.675100016567391 ], [ 8.654376591523778, 45.67518601704198 ], [ 8.655736777316635, 45.675316143873843 ], [ 8.65723968595421, 45.675203664122193 ], [ 8.658215961608505, 45.675125589432959 ], [ 8.660117148204039, 45.674969261850265 ], [ 8.661850601864638, 45.674947416035252 ], [ 8.66272436996427, 45.674832995697329 ], [ 8.663494234014019, 45.674916278010286 ], [ 8.665497468790274, 45.674868170917286 ], [ 8.666241123745069, 45.675041365101073 ], [ 8.667267353651932, 45.675197378342958 ], [ 8.668012136802846, 45.675181548943598 ], [ 8.668679299438409, 45.675264497089984 ], [ 8.669218124234542, 45.675338068173943 ], [ 8.669858234888618, 45.675654949901542 ], [ 8.670728617309196, 45.676116505267352 ], [ 8.672227364158381, 45.676714873947766 ], [ 8.673637887912573, 45.677033947722073 ], [ 8.674919717209351, 45.677406641388522 ], [ 8.675868975618201, 45.677562357731325 ], [ 8.67758971597307, 45.677531236259696 ], [ 8.679529142415371, 45.677428698269296 ], [ 8.680700585066077, 45.676900943744236 ], [ 8.681359804972915, 45.676128726262768 ], [ 8.681645747418296, 45.675517475786386 ], [ 8.681866977136128, 45.674996051198775 ], [ 8.68144905876793, 45.673977800856974 ], [ 8.680799443091272, 45.673066908846359 ], [ 8.680072816831906, 45.672155796823276 ], [ 8.679089137657343, 45.671297960867967 ], [ 8.678208090548106, 45.670458407666821 ], [ 8.677273853829078, 45.669942723580661 ], [ 8.676265826176138, 45.668868776273001 ], [ 8.675627733224118, 45.668209907629823 ], [ 8.674684841832127, 45.666983118808012 ], [ 8.672403201036948, 45.666391534368699 ], [ 8.671245018462768, 45.664678043207907 ], [ 8.670215274720093, 45.662964916887539 ], [ 8.669960571079477, 45.660434954964025 ], [ 8.670599558673398, 45.658726650777268 ], [ 8.672404980147954, 45.65728272398141 ], [ 8.674117123180967, 45.656414553197394 ], [ 8.672532564303605, 45.655212904347366 ], [ 8.67073412393937, 45.655477748151867 ], [ 8.671255414736203, 45.654129130997681 ], [ 8.67022865876862, 45.654126165440516 ], [ 8.669063375001958, 45.653672748032093 ], [ 8.668039765363829, 45.653138724091313 ], [ 8.664818323239896, 45.653138299078066 ], [ 8.66199263034733, 45.653489988735863 ], [ 8.660708603299346, 45.653585183485383 ], [ 8.65967967746284, 45.653942148932877 ], [ 8.658393994395247, 45.654307336793117 ], [ 8.657110547072886, 45.654303483895063 ], [ 8.656214503252949, 45.656010937713681 ], [ 8.654535848918337, 45.655564824114045 ], [ 8.654668622872242, 45.654845162335548 ], [ 8.652733938026358, 45.654299237738996 ], [ 8.651967215806309, 45.653756851752782 ], [ 8.646693323198459, 45.6535786166177 ], [ 8.645800947268672, 45.654655943503052 ], [ 8.644123277449182, 45.656099847088598 ], [ 8.642318888737238, 45.657273304174502 ], [ 8.64064744285889, 45.657718087567496 ], [ 8.63987559789747, 45.657985675768309 ], [ 8.639496962210707, 45.658983566388677 ], [ 8.63807983562908, 45.659789147046361 ], [ 8.636667268294621, 45.659883662645605 ], [ 8.636405892487831, 45.660602891871349 ], [ 8.633196275744414, 45.660691619046887 ], [ 8.63305978527154, 45.659971117490116 ], [ 8.628818832018672, 45.658796288855982 ], [ 8.625731065169283, 45.659875288683978 ], [ 8.619434166844384, 45.659053375900932 ], [ 8.619186000475878, 45.657792438991827 ], [ 8.617387782921377, 45.657975435396047 ], [ 8.617379239672882, 45.657345352555019 ], [ 8.613653901177518, 45.657791830485976 ], [ 8.612757298367839, 45.65751876594301 ], [ 8.612375349859422, 45.657067429614131 ], [ 8.612111408161674, 45.656256462568372 ], [ 8.612503283970849, 45.655267709775735 ], [ 8.612639140543299, 45.654179077496075 ], [ 8.611993912609364, 45.652826767339064 ], [ 8.611225360947724, 45.650753970540372 ], [ 8.610580829810928, 45.649311646412237 ], [ 8.610203512764812, 45.648203261031192 ], [ 8.610412585560926, 45.647663928301945 ], [ 8.609535570755549, 45.648290984036429 ], [ 8.60908065325704, 45.649117497697581 ], [ 8.608664974848526, 45.649836134656042 ], [ 8.608106233183307, 45.650824301831456 ], [ 8.60770235767022, 45.651686987976838 ], [ 8.607284754761656, 45.652675636106288 ], [ 8.606982582348831, 45.653673681127152 ], [ 8.606939041186461, 45.654393592925878 ], [ 8.606957404494057, 45.655437745762072 ], [ 8.606960855040322, 45.656778872391286 ], [ 8.6067110664985, 45.657624083368873 ], [ 8.606988527510739, 45.658327099824909 ], [ 8.607732033182559, 45.658464671477795 ], [ 8.608756729731764, 45.658774218028626 ], [ 8.60882960488539, 45.659368518639575 ], [ 8.608966973367036, 45.659918036513105 ], [ 8.609375712080579, 45.660207461995022 ], [ 8.609963656424972, 45.66056950528499 ], [ 8.610525811677467, 45.660949458996043 ], [ 8.610738969110811, 45.661679248795572 ], [ 8.611662296488079, 45.661808407998535 ], [ 8.61162878127509, 45.662942389976109 ], [ 8.610807502359053, 45.662903586460139 ], [ 8.610140760857941, 45.662793299469833 ], [ 8.609664126874765, 45.66303468926143 ], [ 8.608943596151164, 45.663275240777089 ], [ 8.608964631036205, 45.663941369116131 ], [ 8.608870260920638, 45.664589100015242 ], [ 8.607972379341989, 45.66448700792899 ], [ 8.607865851354493, 45.665035687764409 ], [ 8.607377673249376, 45.665088012232488 ], [ 8.607437067634967, 45.665772276565193 ], [ 8.607901268101417, 45.666282415843362 ], [ 8.60836708158501, 45.666792558734393 ], [ 8.60894163692441, 45.666839534659374 ], [ 8.609521809548715, 45.666886526934285 ], [ 8.6093487919183, 45.667768006625813 ], [ 8.608370696513747, 45.668115679729532 ], [ 8.607547898188422, 45.668283864376832 ], [ 8.607224441382348, 45.668642779958027 ], [ 8.606823827930368, 45.669019430010508 ], [ 8.606410308230002, 45.669405034811007 ], [ 8.606111188466608, 45.669953046606722 ], [ 8.606108285702266, 45.670367070350096 ], [ 8.606579764590922, 45.670872739377408 ], [ 8.607219471308213, 45.671189970739476 ], [ 8.607629981217354, 45.671236387956519 ], [ 8.607999527567221, 45.671633691415686 ], [ 8.608407970900096, 45.671977122875866 ], [ 8.608442031921557, 45.672616291762594 ], [ 8.608173834115323, 45.674253503023102 ], [ 8.609343743985724, 45.674032499664989 ], [ 8.610142379912203, 45.673657202903335 ], [ 8.611029068928369, 45.673543222141582 ], [ 8.611876864940468, 45.673483106467337 ], [ 8.612389112018084, 45.673673864555596 ], [ 8.613016230290553, 45.673964018344783 ], [ 8.613680200412796, 45.674497313222211 ], [ 8.614613557961833, 45.675067518090096 ], [ 8.615124471741527, 45.675456275349354 ], [ 8.615673417785224, 45.675917164329235 ], [ 8.616440950767752, 45.676333782663512 ], [ 8.617194121728135, 45.676975365699462 ], [ 8.617627051888251, 45.677507861337382 ], [ 8.618226296058054, 45.678130919605969 ], [ 8.618275575221924, 45.678437109182127 ], [ 8.617977685351303, 45.678814141623377 ], [ 8.617241817389418, 45.679396720144545 ], [ 8.616826756687345, 45.680007374758141 ], [ 8.616632063302992, 45.680312744643309 ], [ 8.616641216736248, 45.680852818532124 ], [ 8.616948466925679, 45.680988862111576 ], [ 8.617511977380868, 45.681206771409435 ], [ 8.618101969223588, 45.681307757312602 ], [ 8.618640295150982, 45.681453570927282 ], [ 8.619639667447496, 45.681780935584179 ], [ 8.620408282850786, 45.682053519035755 ], [ 8.621625302786464, 45.682480598698589 ], [ 8.622239785912621, 45.682761658819508 ], [ 8.621247514305052, 45.683280407769367 ], [ 8.621964187464457, 45.683642815244433 ], [ 8.621947952187037, 45.684146801364797 ], [ 8.621969331472505, 45.684785922866141 ], [ 8.621936132506375, 45.685901900968808 ], [ 8.623296136556293, 45.686086417533481 ], [ 8.622334287503092, 45.687802370343491 ], [ 8.624620895913909, 45.687701914566333 ], [ 8.624860474065857, 45.686442604019383 ], [ 8.625862310533618, 45.68641889444681 ], [ 8.625792101436881, 45.687318734906704 ], [ 8.625994873842618, 45.687724432246426 ], [ 8.626647183734981, 45.688122601736723 ], [ 8.627237144800235, 45.688241541694339 ], [ 8.627671748234384, 45.688548986105843 ], [ 8.628209512179872, 45.68879376042171 ], [ 8.62857866250272, 45.689290002675911 ], [ 8.628834200996812, 45.689488850551008 ], [ 8.629691141083498, 45.690022679247868 ], [ 8.630203539118671, 45.690222358196038 ], [ 8.630792108534846, 45.690557292143545 ], [ 8.631252375525838, 45.690873806650785 ], [ 8.631597475750686, 45.691126942211106 ], [ 8.63141519330197, 45.691504382440883 ] ] ] ] } },
{ "type": "Feature", "properties": { "ISTAT": "003121", "ISOLA": "00", "tabcomuni_": "003121", "TOPONIMO": "Pombia", "FK_CMON": 0, "FK_OLD_CM": 0, "USSL": "13", "OLD_ISTAT": "3121", "PROV": "003", "DATA_IN": 19600000, "DATA_FINE": 99999999 }, "geometry": { "type": "MultiPolygon", "coordinates": [ [ [ [ 8.674117123180967, 45.656414553197394 ], [ 8.675753087767054, 45.655393125935049 ], [ 8.677427341344581, 45.654398785637909 ], [ 8.678704650482, 45.653232286749144 ], [ 8.680508663069313, 45.651968241483608 ], [ 8.682688329165718, 45.650075155618957 ], [ 8.684106141067788, 45.648989993096919 ], [ 8.685270211394167, 45.647373063306127 ], [ 8.686678585032094, 45.645657783412993 ], [ 8.687202406384914, 45.643769046028389 ], [ 8.68796854490404, 45.642141993286685 ], [ 8.688352642244045, 45.639982841372593 ], [ 8.688617792855858, 45.638444421014242 ], [ 8.687843105590906, 45.637002167164297 ], [ 8.687323560707275, 45.635830633241881 ], [ 8.683729339451084, 45.633849535442145 ], [ 8.681679114658172, 45.633393788740371 ], [ 8.679227559153952, 45.633575937631413 ], [ 8.676916081390363, 45.63393844771069 ], [ 8.675383613471235, 45.634924189201222 ], [ 8.673832987085726, 45.636818942867976 ], [ 8.672551705349591, 45.638714448170738 ], [ 8.671516815355528, 45.64015160561479 ], [ 8.670238547434005, 45.64150704208317 ], [ 8.668823310043113, 45.642141999633068 ], [ 8.666894820039714, 45.642766440474844 ], [ 8.664442809063591, 45.642948268718754 ], [ 8.662133015870578, 45.642950449247031 ], [ 8.660339272263915, 45.642495079328761 ], [ 8.658793184633986, 45.641410364886859 ], [ 8.657763696119932, 45.639787131418281 ], [ 8.657645800735443, 45.638076620234678 ], [ 8.658285506141381, 45.636269371657427 ], [ 8.660298463291673, 45.634385209541577 ], [ 8.65713201304791, 45.631855500471531 ], [ 8.655203140840817, 45.63257875398088 ], [ 8.655078159001086, 45.632038325893774 ], [ 8.651472490104087, 45.632126374990726 ], [ 8.650838259775057, 45.633024518754716 ], [ 8.648394950548871, 45.633926097394514 ], [ 8.64646934828542, 45.634100162021348 ], [ 8.645441769011516, 45.634285989914808 ], [ 8.645308927047292, 45.635005643096072 ], [ 8.644282523473205, 45.635002446765576 ], [ 8.644021362838318, 45.635721698043277 ], [ 8.641198085880244, 45.635811860952536 ], [ 8.641323516579037, 45.636262296579112 ], [ 8.63875681540198, 45.636353205565122 ], [ 8.638496735419912, 45.636892430782751 ], [ 8.635660561091255, 45.636982415686781 ], [ 8.6346347075272, 45.636889126125098 ], [ 8.634382196451579, 45.636258259776191 ], [ 8.630007593339162, 45.63616314657461 ], [ 8.629620628721579, 45.638421094956229 ], [ 8.628337548486215, 45.638416921373796 ], [ 8.62794964550354, 45.638865697293625 ], [ 8.615097779684913, 45.638138992869614 ], [ 8.612531574639018, 45.638139305776036 ], [ 8.609583012039382, 45.637769220226545 ], [ 8.609060959696953, 45.63903654500394 ], [ 8.606998573059025, 45.640379577632103 ], [ 8.606490529822619, 45.641466922179738 ], [ 8.606612732929655, 45.64234042054813 ], [ 8.610343503397093, 45.642821267668388 ], [ 8.609827107542229, 45.643269542011723 ], [ 8.610331931355617, 45.646340537151012 ], [ 8.610412585560926, 45.647663928301945 ], [ 8.610203512764812, 45.648203261031192 ], [ 8.610580829810928, 45.649311646412237 ], [ 8.611225360947724, 45.650753970540372 ], [ 8.611993912609364, 45.652826767339064 ], [ 8.612639140543299, 45.654179077496075 ], [ 8.612503283970849, 45.655267709775735 ], [ 8.612111408161674, 45.656256462568372 ], [ 8.612375349859422, 45.657067429614131 ], [ 8.612757298367839, 45.65751876594301 ], [ 8.613653901177518, 45.657791830485976 ], [ 8.617379239672882, 45.657345352555019 ], [ 8.617387782921377, 45.657975435396047 ], [ 8.619186000475878, 45.657792438991827 ], [ 8.619434166844384, 45.659053375900932 ], [ 8.625731065169283, 45.659875288683978 ], [ 8.628818832018672, 45.658796288855982 ], [ 8.63305978527154, 45.659971117490116 ], [ 8.633196275744414, 45.660691619046887 ], [ 8.636405892487831, 45.660602891871349 ], [ 8.636667268294621, 45.659883662645605 ], [ 8.63807983562908, 45.659789147046361 ], [ 8.639496962210707, 45.658983566388677 ], [ 8.63987559789747, 45.657985675768309 ], [ 8.64064744285889, 45.657718087567496 ], [ 8.642318888737238, 45.657273304174502 ], [ 8.644123277449182, 45.656099847088598 ], [ 8.645800947268672, 45.654655943503052 ], [ 8.646693323198459, 45.6535786166177 ], [ 8.651967215806309, 45.653756851752782 ], [ 8.652733938026358, 45.654299237738996 ], [ 8.654668622872242, 45.654845162335548 ], [ 8.654535848918337, 45.655564824114045 ], [ 8.656214503252949, 45.656010937713681 ], [ 8.657110547072886, 45.654303483895063 ], [ 8.658393994395247, 45.654307336793117 ], [ 8.65967967746284, 45.653942148932877 ], [ 8.660708603299346, 45.653585183485383 ], [ 8.66199263034733, 45.653489988735863 ], [ 8.664818323239896, 45.653138299078066 ], [ 8.668039765363829, 45.653138724091313 ], [ 8.669063375001958, 45.653672748032093 ], [ 8.67022865876862, 45.654126165440516 ], [ 8.671255414736203, 45.654129130997681 ], [ 8.67073412393937, 45.655477748151867 ], [ 8.672532564303605, 45.655212904347366 ], [ 8.674117123180967, 45.656414553197394 ] ] ] ] } },
{ "type": "Feature", "properties": { "ISTAT": "003091", "ISOLA": "00", "tabcomuni_": "003091", "TOPONIMO": "Marano Ticino", "FK_CMON": 0, "FK_OLD_CM": 0, "USSL": "13", "OLD_ISTAT": "3091", "PROV": "003", "DATA_IN": 19600000, "DATA_FINE": 99999999 }, "geometry": { "type": "MultiPolygon", "coordinates": [ [ [ [ 8.606612732929655, 45.64234042054813 ], [ 8.606490529822619, 45.641466922179738 ], [ 8.606998573059025, 45.640379577632103 ], [ 8.609060959696953, 45.63903654500394 ], [ 8.609583012039382, 45.637769220226545 ], [ 8.612531574639018, 45.638139305776036 ], [ 8.615097779684913, 45.638138992869614 ], [ 8.62794964550354, 45.638865697293625 ], [ 8.628337548486215, 45.638416921373796 ], [ 8.629620628721579, 45.638421094956229 ], [ 8.630007593339162, 45.63616314657461 ], [ 8.634382196451579, 45.636258259776191 ], [ 8.6346347075272, 45.636889126125098 ], [ 8.635660561091255, 45.636982415686781 ], [ 8.638496735419912, 45.636892430782751 ], [ 8.63875681540198, 45.636353205565122 ], [ 8.641323516579037, 45.636262296579112 ], [ 8.641198085880244, 45.635811860952536 ], [ 8.644021362838318, 45.635721698043277 ], [ 8.644282523473205, 45.635002446765576 ], [ 8.645308927047292, 45.635005643096072 ], [ 8.645441769011516, 45.634285989914808 ], [ 8.64646934828542, 45.634100162021348 ], [ 8.648394950548871, 45.633926097394514 ], [ 8.650838259775057, 45.633024518754716 ], [ 8.651472490104087, 45.632126374990726 ], [ 8.655078159001086, 45.632038325893774 ], [ 8.655203140840817, 45.63257875398088 ], [ 8.65713201304791, 45.631855500471531 ], [ 8.660298463291673, 45.634385209541577 ], [ 8.663168273215007, 45.632935584798716 ], [ 8.664329385648372, 45.631858906738131 ], [ 8.665609180798299, 45.630233512877886 ], [ 8.665362243296846, 45.628612636082735 ], [ 8.664462153584335, 45.626809821991841 ], [ 8.663305026725089, 45.625096250657698 ], [ 8.662468115388732, 45.623473623759814 ], [ 8.661634332124324, 45.62347115385338 ], [ 8.66073581454223, 45.623567494770803 ], [ 8.66009335383581, 45.623745599483485 ], [ 8.659320978001304, 45.624193338259623 ], [ 8.658675774258571, 45.624821469313439 ], [ 8.658297699236538, 45.625819431865274 ], [ 8.65803457180491, 45.626898745199185 ], [ 8.657645889571945, 45.627527638655998 ], [ 8.656749003659071, 45.62734492655666 ], [ 8.656873991403156, 45.627885353301231 ], [ 8.655974293879167, 45.62816166972857 ], [ 8.65507905970895, 45.627708924181313 ], [ 8.654315442797104, 45.626716519851612 ], [ 8.654182635779954, 45.625365990388026 ], [ 8.654063825200078, 45.623826485072684 ], [ 8.651618177062257, 45.623107976070216 ], [ 8.650338241487216, 45.622654018053602 ], [ 8.650339404083965, 45.620403808830325 ], [ 8.646355332687337, 45.619590454022976 ], [ 8.643651159948643, 45.61923100748578 ], [ 8.643662275694329, 45.619501067715376 ], [ 8.643403463020869, 45.619860293147248 ], [ 8.642888113699192, 45.620218715334005 ], [ 8.642370468491945, 45.620937161852495 ], [ 8.636081118028443, 45.619585150463145 ], [ 8.636717232895785, 45.618408066550614 ], [ 8.632860588431051, 45.617774664658874 ], [ 8.632865875817958, 45.616964605433438 ], [ 8.631071960779371, 45.616697795187108 ], [ 8.630684645932394, 45.619036762029147 ], [ 8.627851743908931, 45.618766533655794 ], [ 8.627600892573948, 45.619845816167263 ], [ 8.626446502348866, 45.619842042863958 ], [ 8.626057456728944, 45.620479828114732 ], [ 8.6249036539815, 45.620386032723424 ], [ 8.623996158425058, 45.621823179678437 ], [ 8.622712793810081, 45.621917952584361 ], [ 8.621289736064114, 45.625612579434303 ], [ 8.615382187666988, 45.624701736574664 ], [ 8.61319833003644, 45.625153396153152 ], [ 8.610111495337241, 45.626321997409114 ], [ 8.608694714093089, 45.62713622169958 ], [ 8.607535778791409, 45.627762298255561 ], [ 8.606136641555421, 45.626047321985965 ], [ 8.603562105618337, 45.627307520777123 ], [ 8.603808522285325, 45.628748506699012 ], [ 8.604709224543393, 45.630191760533066 ], [ 8.60521669163021, 45.631003590454746 ], [ 8.604325720887504, 45.631819577448915 ], [ 8.602772744887728, 45.631904189012552 ], [ 8.602524432417683, 45.630733219330132 ], [ 8.600215787670724, 45.630644145809001 ], [ 8.600210026975262, 45.631454198125617 ], [ 8.597895562381536, 45.632175129507907 ], [ 8.598145714779722, 45.633076091067394 ], [ 8.596986539650082, 45.633702058195112 ], [ 8.597894871352649, 45.634065295262047 ], [ 8.597633766177555, 45.63469443058964 ], [ 8.597499666544355, 45.635504029331635 ], [ 8.596983171705181, 45.635961246506305 ], [ 8.597248091170322, 45.636592237763658 ], [ 8.597114626446528, 45.637311830049789 ], [ 8.595439534954757, 45.638295989089123 ], [ 8.594277557680211, 45.639290950054672 ], [ 8.59359055302645, 45.640251588884077 ], [ 8.596841793092596, 45.641361221873431 ], [ 8.599415136028318, 45.642180358757614 ], [ 8.601598489509977, 45.641908980972303 ], [ 8.606612732929655, 45.64234042054813 ] ] ] ] } },
{ "type": "Feature", "properties": { "ISTAT": "003108", "ISOLA": "00", "tabcomuni_": "003108", "TOPONIMO": "Oleggio", "FK_CMON": 0, "FK_OLD_CM": 0, "USSL": "13", "OLD_ISTAT": "3108", "PROV": "003", "DATA_IN": 19600000, "DATA_FINE": 99999999 }, "geometry": { "type": "MultiPolygon", "coordinates": [ [ [ [ 8.622712793810081, 45.621917952584361 ], [ 8.623996158425058, 45.621823179678437 ], [ 8.6249036539815, 45.620386032723424 ], [ 8.626057456728944, 45.620479828114732 ], [ 8.626446502348866, 45.619842042863958 ], [ 8.627600892573948, 45.619845816167263 ], [ 8.627851743908931, 45.618766533655794 ], [ 8.630684645932394, 45.619036762029147 ], [ 8.631071960779371, 45.616697795187108 ], [ 8.632865875817958, 45.616964605433438 ], [ 8.632860588431051, 45.617774664658874 ], [ 8.636717232895785, 45.618408066550614 ], [ 8.636081118028443, 45.619585150463145 ], [ 8.642370468491945, 45.620937161852495 ], [ 8.642888113699192, 45.620218715334005 ], [ 8.643403463020869, 45.619860293147248 ], [ 8.643662275694329, 45.619501067715376 ], [ 8.643651159948643, 45.61923100748578 ], [ 8.646355332687337, 45.619590454022976 ], [ 8.650339404083965, 45.620403808830325 ], [ 8.650338241487216, 45.622654018053602 ], [ 8.651618177062257, 45.623107976070216 ], [ 8.654063825200078, 45.623826485072684 ], [ 8.654182635779954, 45.625365990388026 ], [ 8.654315442797104, 45.626716519851612 ], [ 8.65507905970895, 45.627708924181313 ], [ 8.655974293879167, 45.62816166972857 ], [ 8.656873991403156, 45.627885353301231 ], [ 8.656749003659071, 45.62734492655666 ], [ 8.657645889571945, 45.627527638655998 ], [ 8.65803457180491, 45.626898745199185 ], [ 8.658297699236538, 45.625819431865274 ], [ 8.658675774258571, 45.624821469313439 ], [ 8.659320978001304, 45.624193338259623 ], [ 8.66009335383581, 45.623745599483485 ], [ 8.66073581454223, 45.623567494770803 ], [ 8.661634332124324, 45.62347115385338 ], [ 8.662468115388732, 45.623473623759814 ], [ 8.661640288779436, 45.622481077387711 ], [ 8.662286513363821, 45.621672914963852 ], [ 8.66370130728683, 45.621038033116065 ], [ 8.665882946836701, 45.620864425831101 ], [ 8.66844730817551, 45.62104292336695 ], [ 8.670767447546863, 45.621310667511928 ], [ 8.675256414822799, 45.621404541588539 ], [ 8.676923922416504, 45.621409276077472 ], [ 8.678861876323111, 45.621225729606877 ], [ 8.68040366684694, 45.620780015805991 ], [ 8.681933675074617, 45.620145229897247 ], [ 8.682965898787851, 45.619067998205075 ], [ 8.684515220074962, 45.61726311678688 ], [ 8.686440398348411, 45.614739176302187 ], [ 8.687333409360146, 45.613292484404241 ], [ 8.688621403192382, 45.612305908907693 ], [ 8.689781650692808, 45.611219961501973 ], [ 8.691325549297705, 45.610324059182574 ], [ 8.691830189398463, 45.609506341758902 ], [ 8.690552661122256, 45.608611795770408 ], [ 8.690172894311756, 45.60771067562014 ], [ 8.690167057690468, 45.606441533100451 ], [ 8.691446462217716, 45.604644819237066 ], [ 8.692994130094455, 45.603019829344447 ], [ 8.695052167813184, 45.601846227988538 ], [ 8.697233501188016, 45.601573007342985 ], [ 8.69838463092049, 45.602116110013242 ], [ 8.698647159211932, 45.603376930984986 ], [ 8.699413648895161, 45.603919006968688 ], [ 8.700441885787736, 45.60347166513106 ], [ 8.701347657989235, 45.601934880500174 ], [ 8.702242412136727, 45.600047029940384 ], [ 8.703269166051363, 45.597430441058606 ], [ 8.70403703995477, 45.595263215859895 ], [ 8.704677546191588, 45.592924637013716 ], [ 8.704944851947682, 45.590846114816564 ], [ 8.704559709427413, 45.588504874214692 ], [ 8.703016619113077, 45.58697070343549 ], [ 8.70083262399671, 45.585443837481833 ], [ 8.698903239332612, 45.584268643661616 ], [ 8.696986753570592, 45.583093451552244 ], [ 8.695060909818638, 45.581297161270228 ], [ 8.69377757361435, 45.579223527781195 ], [ 8.693387640934267, 45.577863350342433 ], [ 8.693639986523479, 45.576243871112915 ], [ 8.692489925670285, 45.575610718513502 ], [ 8.691725369432229, 45.574798578266837 ], [ 8.691075686833875, 45.574076752388201 ], [ 8.690440711213594, 45.575344155837463 ], [ 8.687740924356637, 45.574526725741883 ], [ 8.685304264774784, 45.574799063073819 ], [ 8.68439934978457, 45.573896477942149 ], [ 8.682988506849091, 45.574081587961516 ], [ 8.682096964822499, 45.573089012815991 ], [ 8.679650649723385, 45.572812149219672 ], [ 8.677726149734271, 45.573175769533485 ], [ 8.675673983002577, 45.573448986086241 ], [ 8.673106590621677, 45.574161734817991 ], [ 8.671821243327827, 45.574797109908204 ], [ 8.67156334055141, 45.575066394606623 ], [ 8.670795408475596, 45.574884165638721 ], [ 8.670024315343488, 45.575241974854507 ], [ 8.668102855816274, 45.57506538927656 ], [ 8.667459376387038, 45.575513560781999 ], [ 8.663217058054105, 45.575510127821076 ], [ 8.662703804504307, 45.575607622458236 ], [ 8.663354217522485, 45.576149594335014 ], [ 8.662582520599772, 45.576597360214301 ], [ 8.662327265505406, 45.576416588186902 ], [ 8.661810270628727, 45.577135127932735 ], [ 8.656673396332797, 45.576678755403861 ], [ 8.656670596409317, 45.577137791491154 ], [ 8.655004403815429, 45.577132769485054 ], [ 8.654616584159317, 45.577671649407904 ], [ 8.65435582270934, 45.578390930057395 ], [ 8.649101242596405, 45.578302896513833 ], [ 8.648969703472455, 45.578842544449479 ], [ 8.648200106295761, 45.578930184687991 ], [ 8.647805957853645, 45.580468118249875 ], [ 8.644344577943857, 45.580556399278613 ], [ 8.643836998737278, 45.579744739066022 ], [ 8.642287232408648, 45.579559877304924 ], [ 8.642297189891089, 45.580009951953215 ], [ 8.641528139912882, 45.580007540263033 ], [ 8.638693104602011, 45.580367640673813 ], [ 8.638440800086197, 45.579736781247959 ], [ 8.637159056922695, 45.579732715636652 ], [ 8.637156097973678, 45.580191750562811 ], [ 8.634588501580749, 45.580813623782497 ], [ 8.633051495952053, 45.580637678461528 ], [ 8.632277264283653, 45.579465074824796 ], [ 8.62984255774596, 45.579367199720686 ], [ 8.629200137878781, 45.577654949758106 ], [ 8.62381009959989, 45.576755234153893 ], [ 8.623421985394662, 45.577294007367179 ], [ 8.623417771064645, 45.577924054640029 ], [ 8.623420955115018, 45.579364204697882 ], [ 8.622138558038548, 45.579458977973523 ], [ 8.622140974532796, 45.579098951117011 ], [ 8.621500111335537, 45.579096828688769 ], [ 8.621365174946531, 45.578196294107059 ], [ 8.622391807485075, 45.578010675287381 ], [ 8.622140903952703, 45.577199766657927 ], [ 8.622395289748971, 45.575580450490179 ], [ 8.621243018873255, 45.575396616772252 ], [ 8.620736424747921, 45.57449484749209 ], [ 8.61726439338862, 45.574312246165249 ], [ 8.617655582939818, 45.575213644543879 ], [ 8.615719634832722, 45.575306155624929 ], [ 8.616752812540815, 45.577919881886501 ], [ 8.612636021661947, 45.578275026759982 ], [ 8.612385876933114, 45.577374090505181 ], [ 8.610846609948311, 45.577548872696084 ], [ 8.61109921768616, 45.57808978574478 ], [ 8.609687411503955, 45.578363995936009 ], [ 8.609437313502827, 45.577463053377599 ], [ 8.607245628459037, 45.5774555362554 ], [ 8.607122484012701, 45.576735042575287 ], [ 8.603272203488697, 45.575650626314555 ], [ 8.602369268076355, 45.576466565623285 ], [ 8.600453159298718, 45.575559789617657 ], [ 8.599420150892778, 45.57483610019468 ], [ 8.599426553335368, 45.573936034586865 ], [ 8.599559194014851, 45.573306438070212 ], [ 8.598782553156248, 45.572583641302828 ], [ 8.598917761710933, 45.57159401900838 ], [ 8.598924171444189, 45.57069395293815 ], [ 8.598658897979449, 45.570152967681494 ], [ 8.598019422904507, 45.569970700601338 ], [ 8.597120623790893, 45.570210557024495 ], [ 8.597509340576833, 45.57140904570474 ], [ 8.59724530707957, 45.572488220919112 ], [ 8.594166874591672, 45.572846357994337 ], [ 8.593900109255632, 45.574294551668672 ], [ 8.594033300577436, 45.575375130898856 ], [ 8.595057381027322, 45.575549783732313 ], [ 8.595052138346142, 45.576278836304851 ], [ 8.596078175259045, 45.576183460552897 ], [ 8.596471618757599, 45.576724904220733 ], [ 8.594794374341777, 45.578258114753794 ], [ 8.594275207634245, 45.579156358772394 ], [ 8.594919173551453, 45.580508775798435 ], [ 8.595306748415302, 45.581869281390247 ], [ 8.593755788431093, 45.581863774406102 ], [ 8.593250877476418, 45.580781872660943 ], [ 8.590303419103122, 45.580690328207048 ], [ 8.589783502629372, 45.581678557479385 ], [ 8.588888228268102, 45.581405311811601 ], [ 8.588118505650534, 45.581492546845261 ], [ 8.586443941479066, 45.580865434605542 ], [ 8.585550251102749, 45.582122316471022 ], [ 8.58657105484235, 45.582756076788307 ], [ 8.586565107295511, 45.583566133828313 ], [ 8.586829006535217, 45.584287158697663 ], [ 8.585534513531336, 45.58600163375943 ], [ 8.585014465121255, 45.586989840373548 ], [ 8.584503829868309, 45.588437122684809 ], [ 8.584365004689548, 45.589876755402777 ], [ 8.583731517186104, 45.59059451652017 ], [ 8.583598658634072, 45.591224092213935 ], [ 8.584365862898004, 45.59149691328836 ], [ 8.584101416063673, 45.592585054107886 ], [ 8.584879536727154, 45.593118936347516 ], [ 8.585906492926647, 45.592942648375555 ], [ 8.586157606334215, 45.593663627370681 ], [ 8.585642135133588, 45.594021792040401 ], [ 8.58474529045497, 45.593937526031922 ], [ 8.584227813263457, 45.594565702576439 ], [ 8.583714318549324, 45.594653840022687 ], [ 8.584491068678446, 45.595376737716514 ], [ 8.58358827778078, 45.596093516703334 ], [ 8.584096465108109, 45.596725428614455 ], [ 8.583833385426267, 45.597624554866321 ], [ 8.584483955519643, 45.598076966922093 ], [ 8.585505700523175, 45.598620731968779 ], [ 8.585243297603089, 45.599429855212996 ], [ 8.583448840278498, 45.599342314220188 ], [ 8.582167995498997, 45.599157616701333 ], [ 8.580629986941334, 45.599070969767226 ], [ 8.579768039921634, 45.599454836529553 ], [ 8.579849930709839, 45.600508236490839 ], [ 8.582161981143992, 45.599967670686674 ], [ 8.583698618499849, 45.600243309815703 ], [ 8.58524477635383, 45.600969005128484 ], [ 8.586660172272289, 45.602045239086394 ], [ 8.588572745622319, 45.603528286382939 ], [ 8.589095121189626, 45.602234046459031 ], [ 8.589989416048267, 45.602687304188748 ], [ 8.591018887365633, 45.603951115228128 ], [ 8.592552484126555, 45.604667666057367 ], [ 8.5944874666988, 45.6048545732381 ], [ 8.596407121406523, 45.605392426413566 ], [ 8.597567596599799, 45.606296607983289 ], [ 8.599108972713296, 45.605941998074655 ], [ 8.599359671596147, 45.606752954244897 ], [ 8.599748877300135, 45.607924429232817 ], [ 8.601157644842178, 45.608190384973575 ], [ 8.60269587269263, 45.608285758067964 ], [ 8.60230543014033, 45.609094474134643 ], [ 8.602307374423328, 45.610633624611026 ], [ 8.603585440336241, 45.611259128664919 ], [ 8.605393704159241, 45.611265394899753 ], [ 8.611170246666685, 45.612347320214354 ], [ 8.612450248920108, 45.61271170760817 ], [ 8.614127427205846, 45.611268254654199 ], [ 8.615402598813354, 45.610462482644863 ], [ 8.616825494400601, 45.610557277069496 ], [ 8.617341593587724, 45.610099965317517 ], [ 8.618112274778307, 45.609922529627603 ], [ 8.61965118872641, 45.609927668462198 ], [ 8.620414562162832, 45.608931115294304 ], [ 8.622988579727945, 45.609479698141513 ], [ 8.622340120246326, 45.610557656533508 ], [ 8.621449178213318, 45.611454789925546 ], [ 8.621312389134252, 45.612723455753951 ], [ 8.621316125738103, 45.614073595102155 ], [ 8.620282816360985, 45.615150262925987 ], [ 8.620412902907907, 45.61677984804615 ], [ 8.621437819959327, 45.616954268624902 ], [ 8.621948435760819, 45.617315995010721 ], [ 8.621427460783778, 45.618493377823114 ], [ 8.622463426028641, 45.618937851085335 ], [ 8.621815390922045, 45.619934798131396 ], [ 8.62219776957887, 45.620296098240047 ], [ 8.621689053793022, 45.621554529636576 ], [ 8.622712793810081, 45.621917952584361 ] ] ] ] } },
{ "type": "Feature", "properties": { "ISTAT": "003016", "ISOLA": "00", "tabcomuni_": "003016", "TOPONIMO": "Bellinzago Novarese", "FK_CMON": 0, "FK_OLD_CM": 0, "USSL": "13", "OLD_ISTAT": "3016", "PROV": "003", "DATA_IN": 19600000, "DATA_FINE": 99999999 }, "geometry": { "type": "MultiPolygon", "coordinates": [ [ [ [ 8.597120623790893, 45.570210557024495 ], [ 8.598019422904507, 45.569970700601338 ], [ 8.598658897979449, 45.570152967681494 ], [ 8.598924171444189, 45.57069395293815 ], [ 8.598917761710933, 45.57159401900838 ], [ 8.598782553156248, 45.572583641302828 ], [ 8.599559194014851, 45.573306438070212 ], [ 8.599426553335368, 45.573936034586865 ], [ 8.599420150892778, 45.57483610019468 ], [ 8.600453159298718, 45.575559789617657 ], [ 8.602369268076355, 45.576466565623285 ], [ 8.603272203488697, 45.575650626314555 ], [ 8.607122484012701, 45.576735042575287 ], [ 8.607245628459037, 45.5774555362554 ], [ 8.609437313502827, 45.577463053377599 ], [ 8.609687411503955, 45.578363995936009 ], [ 8.61109921768616, 45.57808978574478 ], [ 8.610846609948311, 45.577548872696084 ], [ 8.612385876933114, 45.577374090505181 ], [ 8.612636021661947, 45.578275026759982 ], [ 8.616752812540815, 45.577919881886501 ], [ 8.615719634832722, 45.575306155624929 ], [ 8.617655582939818, 45.575213644543879 ], [ 8.61726439338862, 45.574312246165249 ], [ 8.620736424747921, 45.57449484749209 ], [ 8.621243018873255, 45.575396616772252 ], [ 8.622395289748971, 45.575580450490179 ], [ 8.622140903952703, 45.577199766657927 ], [ 8.622391807485075, 45.578010675287381 ], [ 8.621365174946531, 45.578196294107059 ], [ 8.621500111335537, 45.579096828688769 ], [ 8.622140974532796, 45.579098951117011 ], [ 8.622138558038548, 45.579458977973523 ], [ 8.623420955115018, 45.579364204697882 ], [ 8.623417771064645, 45.577924054640029 ], [ 8.623421985394662, 45.577294007367179 ], [ 8.62381009959989, 45.576755234153893 ], [ 8.629200137878781, 45.577654949758106 ], [ 8.62984255774596, 45.579367199720686 ], [ 8.632277264283653, 45.579465074824796 ], [ 8.633051495952053, 45.580637678461528 ], [ 8.634588501580749, 45.580813623782497 ], [ 8.637156097973678, 45.580191750562811 ], [ 8.637159056922695, 45.579732715636652 ], [ 8.638440800086197, 45.579736781247959 ], [ 8.638693104602011, 45.580367640673813 ], [ 8.641528139912882, 45.580007540263033 ], [ 8.642297189891089, 45.580009951953215 ], [ 8.642287232408648, 45.579559877304924 ], [ 8.643836998737278, 45.579744739066022 ], [ 8.644344577943857, 45.580556399278613 ], [ 8.647805957853645, 45.580468118249875 ], [ 8.648200106295761, 45.578930184687991 ], [ 8.648969703472455, 45.578842544449479 ], [ 8.649101242596405, 45.578302896513833 ], [ 8.65435582270934, 45.578390930057395 ], [ 8.654616584159317, 45.577671649407904 ], [ 8.655004403815429, 45.577132769485054 ], [ 8.656670596409317, 45.577137791491154 ], [ 8.656673396332797, 45.576678755403861 ], [ 8.661810270628727, 45.577135127932735 ], [ 8.662327265505406, 45.576416588186902 ], [ 8.662582520599772, 45.576597360214301 ], [ 8.663354217522485, 45.576149594335014 ], [ 8.662703804504307, 45.575607622458236 ], [ 8.663217058054105, 45.575510127821076 ], [ 8.667459376387038, 45.575513560781999 ], [ 8.668102855816274, 45.57506538927656 ], [ 8.670024315343488, 45.575241974854507 ], [ 8.670795408475596, 45.574884165638721 ], [ 8.67156334055141, 45.575066394606623 ], [ 8.671821243327827, 45.574797109908204 ], [ 8.673106590621677, 45.574161734817991 ], [ 8.675673983002577, 45.573448986086241 ], [ 8.677726149734271, 45.573175769533485 ], [ 8.679650649723385, 45.572812149219672 ], [ 8.682096964822499, 45.573089012815991 ], [ 8.682988506849091, 45.574081587961516 ], [ 8.68439934978457, 45.573896477942149 ], [ 8.685304264774784, 45.574799063073819 ], [ 8.687740924356637, 45.574526725741883 ], [ 8.690440711213594, 45.575344155837463 ], [ 8.691075686833875, 45.574076752388201 ], [ 8.691725369432229, 45.574798578266837 ], [ 8.692489925670285, 45.575610718513502 ], [ 8.693639986523479, 45.576243871112915 ], [ 8.695314980470357, 45.574619195191893 ], [ 8.696858760493081, 45.573543199407396 ], [ 8.699043804170653, 45.572369865025884 ], [ 8.702116843170657, 45.570478739295119 ], [ 8.704433592596828, 45.568585586890883 ], [ 8.705199153660942, 45.566778392626112 ], [ 8.705197653964461, 45.564618175812392 ], [ 8.705463402779818, 45.562809684169146 ], [ 8.705459066648567, 45.561189512206127 ], [ 8.705584272173107, 45.559299647695219 ], [ 8.705720917087222, 45.557670838072291 ], [ 8.705548885560255, 45.55626625302844 ], [ 8.702383464727296, 45.556411043547847 ], [ 8.701219463178063, 45.556047965033571 ], [ 8.698917562328111, 45.55524083745015 ], [ 8.697241616637934, 45.554786360262888 ], [ 8.694553521737491, 45.554338156001293 ], [ 8.693016112956331, 45.554334032586993 ], [ 8.691980282232095, 45.553980207419229 ], [ 8.691600368714415, 45.553169100182025 ], [ 8.689294304033657, 45.55316284779466 ], [ 8.686849265829784, 45.552805132332487 ], [ 8.684673346561823, 45.552439107170159 ], [ 8.682869436998585, 45.551993066242375 ], [ 8.681718464016626, 45.551629827041985 ], [ 8.680697657107592, 45.550906903840236 ], [ 8.680175474698686, 45.550365387525687 ], [ 8.68056643492414, 45.549196363201339 ], [ 8.680438794470128, 45.546855767647301 ], [ 8.678772977903465, 45.546941102159117 ], [ 8.677742572460634, 45.545678069679326 ], [ 8.676082479137907, 45.544773279754267 ], [ 8.675309395847934, 45.543330936074668 ], [ 8.674289288870582, 45.542526948110691 ], [ 8.672484261058694, 45.542341765919275 ], [ 8.669667813170056, 45.542072625016466 ], [ 8.668644157450821, 45.541889640170595 ], [ 8.667995146679084, 45.541167680509865 ], [ 8.668000979729481, 45.540177595250206 ], [ 8.667739961382962, 45.538826696268046 ], [ 8.667237199819434, 45.53720506399852 ], [ 8.660953921897123, 45.536295485350927 ], [ 8.662360381457162, 45.532420248322133 ], [ 8.661336924402717, 45.532237198187502 ], [ 8.661471477414885, 45.531157483957422 ], [ 8.654535241363222, 45.5303446234077 ], [ 8.654283531690048, 45.52962378572601 ], [ 8.654160439723807, 45.528813327578739 ], [ 8.654664831567391, 45.528004768870886 ], [ 8.653896488292585, 45.528002442260131 ], [ 8.653649862269573, 45.528541751352854 ], [ 8.651971741584163, 45.528626657765592 ], [ 8.651588664213287, 45.526375251576894 ], [ 8.648770871426848, 45.526465628342024 ], [ 8.649423011310276, 45.522498211006244 ], [ 8.646986726211525, 45.523039762532996 ], [ 8.644669663456341, 45.52294256513175 ], [ 8.642621447194959, 45.52285516354376 ], [ 8.64057444204615, 45.522578708886236 ], [ 8.637366249063994, 45.521677468948518 ], [ 8.634285032239681, 45.520956564779169 ], [ 8.630948404711816, 45.520144742424357 ], [ 8.628775294503379, 45.519597639481425 ], [ 8.627238781372697, 45.519601634237638 ], [ 8.626723056657406, 45.52014000719123 ], [ 8.626971397059313, 45.521310944119151 ], [ 8.626977058611383, 45.522391078040492 ], [ 8.625181989021783, 45.522754238558008 ], [ 8.624671007203062, 45.522572540714464 ], [ 8.624152232098652, 45.523560939759918 ], [ 8.623384552758855, 45.523468400480141 ], [ 8.622225442947959, 45.524463677594596 ], [ 8.621455218721891, 45.522840953837637 ], [ 8.612222623653452, 45.521027779493423 ], [ 8.612351717174993, 45.522738400800428 ], [ 8.610811777873801, 45.525082412523027 ], [ 8.608507441025495, 45.524993525978552 ], [ 8.60708503818522, 45.526977851382881 ], [ 8.605037431703115, 45.526790767576244 ], [ 8.604005987673716, 45.527786300949721 ], [ 8.60529185786465, 45.528861866798231 ], [ 8.605028744459522, 45.5298600625433 ], [ 8.60374434325132, 45.53039566929602 ], [ 8.601693382684672, 45.530667562518403 ], [ 8.601306013843368, 45.531116258019289 ], [ 8.602210185923772, 45.53183948751137 ], [ 8.602976042280531, 45.532202191004636 ], [ 8.601179299737142, 45.532735986073419 ], [ 8.599386295811426, 45.532738710141714 ], [ 8.598349593095916, 45.532645058585693 ], [ 8.596433742341716, 45.531918227360322 ], [ 8.594770123277314, 45.531741317226825 ], [ 8.593100021112523, 45.532464454564149 ], [ 8.592835440736827, 45.533633634434139 ], [ 8.593738895612013, 45.534446937575346 ], [ 8.595017730504059, 45.534712507929044 ], [ 8.596168440882719, 45.534986611817473 ], [ 8.596676223402584, 45.535618472581433 ], [ 8.596428374421963, 45.53624766275211 ], [ 8.595518226435285, 45.53814364052262 ], [ 8.593462060596883, 45.542645806564515 ], [ 8.594306010859647, 45.544629012763124 ], [ 8.594727877237098, 45.546529706372958 ], [ 8.594730980435475, 45.547879855985876 ], [ 8.595631460486659, 45.549143177512924 ], [ 8.595752463831944, 45.550133707170893 ], [ 8.596002225242168, 45.551034682977509 ], [ 8.597039261142434, 45.55112835656336 ], [ 8.596774028184178, 45.5523875485788 ], [ 8.598440105598888, 45.554103593561123 ], [ 8.598567568179112, 45.555994233115491 ], [ 8.5994477384113, 45.561946922271225 ], [ 8.595462615074744, 45.563742054385038 ], [ 8.595084482709947, 45.564649804758005 ], [ 8.595334942629943, 45.565460773228693 ], [ 8.597120623790893, 45.570210557024495 ] ] ] ] } },
{ "type": "Feature", "properties": { "ISTAT": "003032", "ISOLA": "00", "tabcomuni_": "003032", "TOPONIMO": "Cameri", "FK_CMON": 0, "FK_OLD_CM": 0, "USSL": "13", "OLD_ISTAT": "3032", "PROV": "003", "DATA_IN": 19600000, "DATA_FINE": 99999999 }, "geometry": { "type": "MultiPolygon", "coordinates": [ [ [ [ 8.705548885560255, 45.55626625302844 ], [ 8.705849397193925, 45.555150917323488 ], [ 8.705972695267933, 45.553621081724209 ], [ 8.706484593513784, 45.551273164642893 ], [ 8.706868296585764, 45.548933915452196 ], [ 8.707509149301444, 45.54640630523658 ], [ 8.708404734167615, 45.544149370241911 ], [ 8.709698205966898, 45.541722424375997 ], [ 8.711491138600095, 45.539287727928993 ], [ 8.713924352906659, 45.53684561111551 ], [ 8.716624000352644, 45.53486315231504 ], [ 8.718543585738839, 45.532608676157089 ], [ 8.718157380235544, 45.530447495450112 ], [ 8.717139197259387, 45.529184839582186 ], [ 8.716232232120255, 45.528732536594198 ], [ 8.714700026754324, 45.527837615774928 ], [ 8.713539277123486, 45.526934607999443 ], [ 8.712904960014702, 45.525762887726373 ], [ 8.712388211109156, 45.52414141295408 ], [ 8.712256134095691, 45.522421897168989 ], [ 8.712392906223238, 45.520712060760196 ], [ 8.713499142449011, 45.519715741930398 ], [ 8.712668563425455, 45.519934173454885 ], [ 8.711938547648087, 45.520125850397875 ], [ 8.711088727459915, 45.52034872224489 ], [ 8.710830983626112, 45.520672102781788 ], [ 8.710675301006207, 45.521067749641119 ], [ 8.710673822553236, 45.521355776526342 ], [ 8.710556319004395, 45.521796524920418 ], [ 8.71004256860911, 45.522101250932288 ], [ 8.709986116484949, 45.52171856658142 ], [ 8.70993121932835, 45.521344887093427 ], [ 8.710112516333737, 45.520949306450035 ], [ 8.710012212741074, 45.5205350070813 ], [ 8.709539666335152, 45.520299778263613 ], [ 8.709233018835929, 45.520172982555636 ], [ 8.70879805367432, 45.520099863840855 ], [ 8.708517203071567, 45.519937128307532 ], [ 8.707365919644822, 45.519727154658909 ], [ 8.707133765451022, 45.520050592624884 ], [ 8.706696462375858, 45.520427507858685 ], [ 8.706132284811869, 45.520579070222226 ], [ 8.705749476680753, 45.520326055254927 ], [ 8.705675800917364, 45.519722800639904 ], [ 8.705844788184192, 45.519237185238921 ], [ 8.705924334380722, 45.518715334853439 ], [ 8.706336209617035, 45.518302353070261 ], [ 8.706632987720623, 45.517862070545732 ], [ 8.707123168378773, 45.517161256647533 ], [ 8.707509276930748, 45.516775207174533 ], [ 8.707781411265232, 45.516145838000647 ], [ 8.708090829985361, 45.515732586850724 ], [ 8.708426408645424, 45.515211390188924 ], [ 8.708723340222363, 45.514735098524099 ], [ 8.708981254723646, 45.514375718971039 ], [ 8.709009182929609, 45.51392574187593 ], [ 8.708806665315366, 45.513475175909015 ], [ 8.704873242103229, 45.511601852532451 ], [ 8.705509804847066, 45.509830307906228 ], [ 8.703836423088656, 45.509132894668156 ], [ 8.70419835962594, 45.508467762695517 ], [ 8.70436624029, 45.508189168158857 ], [ 8.704470726166488, 45.507793396196632 ], [ 8.704113000044881, 45.507657452946376 ], [ 8.701517596066315, 45.507038615779038 ], [ 8.702060280465544, 45.50608593234184 ], [ 8.70025880901021, 45.50543314514902 ], [ 8.700162457887419, 45.506702030575305 ], [ 8.694767859499834, 45.505319584443178 ], [ 8.695535776902345, 45.502972377968092 ], [ 8.693120033306505, 45.502326839193145 ], [ 8.69306609113228, 45.502830749496191 ], [ 8.690367894523051, 45.502346410489139 ], [ 8.690269052710551, 45.501698071138847 ], [ 8.690373328310583, 45.501356316402628 ], [ 8.690081505427875, 45.500887473003843 ], [ 8.689750793852491, 45.500508533049782 ], [ 8.68957328401102, 45.500202016758571 ], [ 8.689447370034827, 45.499823632609505 ], [ 8.689487848662786, 45.499445701021124 ], [ 8.689567215622304, 45.498977855465846 ], [ 8.688457162833291, 45.498344758105816 ], [ 8.688768806364894, 45.497535513944655 ], [ 8.687950673772779, 45.497353259442022 ], [ 8.687503910581219, 45.497136012115526 ], [ 8.686916165132454, 45.496954380642975 ], [ 8.686507655183899, 45.496764237456567 ], [ 8.686458310024699, 45.49643106308379 ], [ 8.686451410203547, 45.495368920110941 ], [ 8.681758161250674, 45.494689854383608 ], [ 8.681018712185443, 45.49418373144708 ], [ 8.680445904885142, 45.493633065004587 ], [ 8.67986061704061, 45.493028354282771 ], [ 8.67946587662864, 45.492676205311831 ], [ 8.678904310623482, 45.492404595325539 ], [ 8.678469496364329, 45.492349365052384 ], [ 8.67808587365538, 45.492294277498736 ], [ 8.677651061057091, 45.492239044111997 ], [ 8.67731888766378, 45.49213909396304 ], [ 8.676820294947888, 45.492047672863499 ], [ 8.676257819081334, 45.491938066305352 ], [ 8.675388514283195, 45.49177357849598 ], [ 8.674622424455182, 45.491465361353811 ], [ 8.674085813316037, 45.491310812498838 ], [ 8.673869712168372, 45.491058165599959 ], [ 8.67410214287232, 45.490698786978598 ], [ 8.674333740144512, 45.490483422476004 ], [ 8.674668905921251, 45.490061328289649 ], [ 8.674953137437431, 45.489594082751864 ], [ 8.6744809951165, 45.489358709674832 ], [ 8.673944664105763, 45.489159155557061 ], [ 8.673484493925994, 45.489067829558536 ], [ 8.672922002023563, 45.488967207496103 ], [ 8.672436502299359, 45.48883079936499 ], [ 8.672502156884033, 45.488542953673836 ], [ 8.672682564279139, 45.488327445562568 ], [ 8.672966803369709, 45.487860204838135 ], [ 8.67302038702322, 45.487446309287378 ], [ 8.672535578469466, 45.487192889634152 ], [ 8.672164688534707, 45.487155820762041 ], [ 8.671806177186774, 45.487190794815319 ], [ 8.671191473007912, 45.487270035393109 ], [ 8.670500250384924, 45.487304046474911 ], [ 8.669553148744516, 45.487328311853531 ], [ 8.669350248255599, 45.48701268692659 ], [ 8.669173048250437, 45.486679133970689 ], [ 8.66885609339632, 45.486174155056446 ], [ 8.668395955743687, 45.486082808569599 ], [ 8.66796120042333, 45.486027538341858 ], [ 8.66744977454603, 45.48595404097729 ], [ 8.66698948178867, 45.485889691575785 ], [ 8.665775971880516, 45.485526102058763 ], [ 8.664549681557331, 45.485162462052145 ], [ 8.663655083832392, 45.484970807052825 ], [ 8.662811944643458, 45.484734291688014 ], [ 8.66200768486215, 45.484416875550323 ], [ 8.661114187459159, 45.484045182381294 ], [ 8.66011508712317, 45.48421323226443 ], [ 8.659475404382761, 45.484193323623437 ], [ 8.658605343057411, 45.484181723692373 ], [ 8.657723413345229, 45.484017063277022 ], [ 8.657211909914563, 45.483961521931938 ], [ 8.656572942405312, 45.483824585201646 ], [ 8.656036398412644, 45.483678952492397 ], [ 8.655576301959309, 45.48358755440394 ], [ 8.654937507583297, 45.483423605801121 ], [ 8.654388671553459, 45.483196918485127 ], [ 8.653852139165949, 45.48305127552247 ], [ 8.653213687339196, 45.48283331182617 ], [ 8.652575129747134, 45.482633346381519 ], [ 8.652218075766275, 45.482434235371038 ], [ 8.653749997888584, 45.47805536579385 ], [ 8.653926705814134, 45.477601346879901 ], [ 8.642673817389211, 45.476158004799558 ], [ 8.642297664965525, 45.476966924700228 ], [ 8.641134539019097, 45.476783252110792 ], [ 8.638962842941858, 45.474256098274168 ], [ 8.637167644183334, 45.474889483672179 ], [ 8.63613829704504, 45.475795317418687 ], [ 8.635887095483122, 45.477054669087487 ], [ 8.635750452644603, 45.478404396426299 ], [ 8.634979877244536, 45.478851989293389 ], [ 8.634085946599473, 45.478588095717505 ], [ 8.633058878846825, 45.47912486401021 ], [ 8.631650882019956, 45.479210340141385 ], [ 8.631271557087219, 45.480478268608778 ], [ 8.630117066949591, 45.480924587829648 ], [ 8.629853502458902, 45.48209387437916 ], [ 8.628569180316381, 45.482818790360206 ], [ 8.628060086304917, 45.484347316460614 ], [ 8.627157787695584, 45.485343492777233 ], [ 8.626392109836132, 45.48696118328521 ], [ 8.626004047644008, 45.48758998785754 ], [ 8.624213669564517, 45.487413087881706 ], [ 8.622793859298797, 45.487318394554919 ], [ 8.621637294904648, 45.488043654228314 ], [ 8.621260159399529, 45.488942511051754 ], [ 8.620358937934599, 45.489749614129188 ], [ 8.61856304127636, 45.490382703852703 ], [ 8.617914053220193, 45.491730694185563 ], [ 8.617275331940952, 45.493447758720535 ], [ 8.615606651161004, 45.49417123878974 ], [ 8.615741307282681, 45.495071798634108 ], [ 8.614202448343981, 45.49551666195746 ], [ 8.612907604093159, 45.499571764907415 ], [ 8.611625762049824, 45.499846442550634 ], [ 8.608750761410398, 45.504679161222001 ], [ 8.608409584525484, 45.505884124120065 ], [ 8.609300985887346, 45.508407454179903 ], [ 8.610956850750521, 45.511473442383938 ], [ 8.611983285251638, 45.513007101616658 ], [ 8.614041433803582, 45.513455125523528 ], [ 8.613644359307477, 45.515352988166839 ], [ 8.611850729417929, 45.515526924022261 ], [ 8.612242050427032, 45.516338341201632 ], [ 8.610953618528889, 45.517513085330634 ], [ 8.611202861541594, 45.518504040940016 ], [ 8.612222623653452, 45.521027779493423 ], [ 8.621455218721891, 45.522840953837637 ], [ 8.622225442947959, 45.524463677594596 ], [ 8.623384552758855, 45.523468400480141 ], [ 8.624152232098652, 45.523560939759918 ], [ 8.624671007203062, 45.522572540714464 ], [ 8.625181989021783, 45.522754238558008 ], [ 8.626977058611383, 45.522391078040492 ], [ 8.626971397059313, 45.521310944119151 ], [ 8.626723056657406, 45.52014000719123 ], [ 8.627238781372697, 45.519601634237638 ], [ 8.628775294503379, 45.519597639481425 ], [ 8.630948404711816, 45.520144742424357 ], [ 8.634285032239681, 45.520956564779169 ], [ 8.637366249063994, 45.521677468948518 ], [ 8.64057444204615, 45.522578708886236 ], [ 8.642621447194959, 45.52285516354376 ], [ 8.644669663456341, 45.52294256513175 ], [ 8.646986726211525, 45.523039762532996 ], [ 8.649423011310276, 45.522498211006244 ], [ 8.648770871426848, 45.526465628342024 ], [ 8.651588664213287, 45.526375251576894 ], [ 8.651971741584163, 45.528626657765592 ], [ 8.653649862269573, 45.528541751352854 ], [ 8.653896488292585, 45.528002442260131 ], [ 8.654664831567391, 45.528004768870886 ], [ 8.654160439723807, 45.528813327578739 ], [ 8.654283531690048, 45.52962378572601 ], [ 8.654535241363222, 45.5303446234077 ], [ 8.661471477414885, 45.531157483957422 ], [ 8.661336924402717, 45.532237198187502 ], [ 8.662360381457162, 45.532420248322133 ], [ 8.660953921897123, 45.536295485350927 ], [ 8.667237199819434, 45.53720506399852 ], [ 8.667739961382962, 45.538826696268046 ], [ 8.668000979729481, 45.540177595250206 ], [ 8.667995146679084, 45.541167680509865 ], [ 8.668644157450821, 45.541889640170595 ], [ 8.669667813170056, 45.542072625016466 ], [ 8.672484261058694, 45.542341765919275 ], [ 8.674289288870582, 45.542526948110691 ], [ 8.675309395847934, 45.543330936074668 ], [ 8.676082479137907, 45.544773279754267 ], [ 8.677742572460634, 45.545678069679326 ], [ 8.678772977903465, 45.546941102159117 ], [ 8.680438794470128, 45.546855767647301 ], [ 8.68056643492414, 45.549196363201339 ], [ 8.680175474698686, 45.550365387525687 ], [ 8.680697657107592, 45.550906903840236 ], [ 8.681718464016626, 45.551629827041985 ], [ 8.682869436998585, 45.551993066242375 ], [ 8.684673346561823, 45.552439107170159 ], [ 8.686849265829784, 45.552805132332487 ], [ 8.689294304033657, 45.55316284779466 ], [ 8.691600368714415, 45.553169100182025 ], [ 8.691980282232095, 45.553980207419229 ], [ 8.693016112956331, 45.554334032586993 ], [ 8.694553521737491, 45.554338156001293 ], [ 8.697241616637934, 45.554786360262888 ], [ 8.698917562328111, 45.55524083745015 ], [ 8.701219463178063, 45.556047965033571 ], [ 8.702383464727296, 45.556411043547847 ], [ 8.705548885560255, 45.55626625302844 ] ] ] ] } },
{ "type": "Feature", "properties": { "ISTAT": "003068", "ISOLA": "00", "tabcomuni_": "003068", "TOPONIMO": "Galliate", "FK_CMON": 0, "FK_OLD_CM": 0, "USSL": "13", "OLD_ISTAT": "3068", "PROV": "003", "DATA_IN": 19600000, "DATA_FINE": 99999999 }, "geometry": { "type": "MultiPolygon", "coordinates": [ [ [ [ 8.713499142449011, 45.519715741930398 ], [ 8.714189617403422, 45.517377226427456 ], [ 8.715977953541326, 45.515662515175585 ], [ 8.7180244851401, 45.513498366435485 ], [ 8.718673595484733, 45.511699777292698 ], [ 8.719057909654651, 45.509081442308272 ], [ 8.720080447754395, 45.506824714276014 ], [ 8.721741553157836, 45.504848568495468 ], [ 8.724438078331856, 45.503135936274624 ], [ 8.727772302173829, 45.501865814346012 ], [ 8.731359753653109, 45.501145252771281 ], [ 8.734309679307811, 45.499883033506158 ], [ 8.737259050950829, 45.498710737419202 ], [ 8.740206643899949, 45.497898406168211 ], [ 8.743662424991021, 45.497897237113932 ], [ 8.747642564306295, 45.497987137207453 ], [ 8.750970360942732, 45.497985463326032 ], [ 8.75405576072866, 45.497803148522742 ], [ 8.757003067678728, 45.496990383635818 ], [ 8.758027748063942, 45.496812545565703 ], [ 8.760207029411708, 45.495998063033873 ], [ 8.762377622943294, 45.494193407187311 ], [ 8.764176904019585, 45.492396942125865 ], [ 8.76609277877175, 45.490231645456262 ], [ 8.767636285811527, 45.488335587697492 ], [ 8.76903819088154, 45.486619242226809 ], [ 8.770963921201801, 45.485083955567021 ], [ 8.7736550929008, 45.484099225182341 ], [ 8.776854473797796, 45.484006532759601 ], [ 8.780573922407969, 45.485084890571116 ], [ 8.783780274395728, 45.486522194470751 ], [ 8.785828776427403, 45.486247036822434 ], [ 8.787369784138253, 45.484809760899751 ], [ 8.789522727204096, 45.483958665569624 ], [ 8.781698275425626, 45.482224721147382 ], [ 8.781663374962401, 45.481324549411653 ], [ 8.780920301126653, 45.481566149282607 ], [ 8.780126846619964, 45.481600622861905 ], [ 8.779512738029327, 45.481581432334998 ], [ 8.779128841035632, 45.481589688784666 ], [ 8.778438809529767, 45.481354319894031 ], [ 8.777761650003418, 45.481100969858112 ], [ 8.777301944236081, 45.480866043710726 ], [ 8.776816438156965, 45.480685071396287 ], [ 8.776049620729715, 45.480458538405045 ], [ 8.775500935083416, 45.480079412958297 ], [ 8.774964692519982, 45.479790319975706 ], [ 8.774683850268756, 45.479627745235213 ], [ 8.77424975898486, 45.479392857418759 ], [ 8.773687578405703, 45.479193717458315 ], [ 8.773598954032357, 45.478959513741636 ], [ 8.773651361577151, 45.478653582148901 ], [ 8.773601628106984, 45.478293440994172 ], [ 8.772937647501085, 45.477959078835511 ], [ 8.772528076081924, 45.477994264994827 ], [ 8.771825612566547, 45.477686822567236 ], [ 8.77139198578436, 45.477343912002581 ], [ 8.771085869358595, 45.477109269058943 ], [ 8.7709845377244, 45.476857035519814 ], [ 8.770768131796123, 45.476586567987546 ], [ 8.770564375664499, 45.476352129774433 ], [ 8.77038635608748, 45.476081738884062 ], [ 8.770208191520378, 45.475847351648994 ], [ 8.76985083844397, 45.47563060394544 ], [ 8.769454664646718, 45.475521789194801 ], [ 8.769071433765593, 45.475376995088141 ], [ 8.768253395433623, 45.475186309645252 ], [ 8.767921345521481, 45.475041615889651 ], [ 8.767359601511732, 45.474752434776214 ], [ 8.76701550611719, 45.474427692471806 ], [ 8.766606328998586, 45.474372847551379 ], [ 8.765846453791816, 45.475586429933408 ], [ 8.763158536906117, 45.475859900231455 ], [ 8.762977415372122, 45.476336579416561 ], [ 8.762745908531297, 45.476624130961987 ], [ 8.762475561592751, 45.477019613697351 ], [ 8.762166675777399, 45.477451019477414 ], [ 8.761832158172052, 45.477891371818139 ], [ 8.761217029520855, 45.478124110367489 ], [ 8.760807678800061, 45.478105248623869 ], [ 8.760296239383957, 45.478023163016793 ], [ 8.759861453832151, 45.477968240065401 ], [ 8.759350209010442, 45.477841145325051 ], [ 8.758710944485767, 45.477731779064051 ], [ 8.758417210478102, 45.477605141079351 ], [ 8.757880306035139, 45.477495987392103 ], [ 8.757215498142804, 45.477377557337327 ], [ 8.756730086256216, 45.477196499569025 ], [ 8.755655981886425, 45.477050181631014 ], [ 8.755246914151552, 45.476968293106324 ], [ 8.754492753698509, 45.476804649669909 ], [ 8.753776744712436, 45.476695090166423 ], [ 8.753316347882828, 45.476649087914389 ], [ 8.752676950735562, 45.476575691786245 ], [ 8.751858356997129, 45.476519903667388 ], [ 8.7510904256013, 45.476581234325423 ], [ 8.750603926320441, 45.476652177891523 ], [ 8.750040660216627, 45.476722950827622 ], [ 8.749145421526835, 45.476639971728929 ], [ 8.748006251081939, 45.476745468207895 ], [ 8.747340465374995, 45.476852005085831 ], [ 8.746392676340488, 45.477074923981895 ], [ 8.745368397806232, 45.477234656483944 ], [ 8.744830504809563, 45.477350465826206 ], [ 8.744139362102212, 45.477402920822108 ], [ 8.743499559478565, 45.477419483072332 ], [ 8.742705936187635, 45.47749870162945 ], [ 8.741707311098859, 45.477640457172697 ], [ 8.740887432138058, 45.477863620577949 ], [ 8.740338428166906, 45.474829009648992 ], [ 8.739800879757064, 45.474872787554233 ], [ 8.73918744077152, 45.474727366590059 ], [ 8.738728530095077, 45.474366271375487 ], [ 8.738384768060106, 45.474005438975865 ], [ 8.737874610477634, 45.473662224623631 ], [ 8.737070963399539, 45.473156311125635 ], [ 8.736306215163639, 45.472542469111779 ], [ 8.735693863828242, 45.472172004883511 ], [ 8.735298877357081, 45.471829046206096 ], [ 8.734377770500856, 45.471826900658435 ], [ 8.733951312722382, 45.472735013516285 ], [ 8.73249304105131, 45.472695591848449 ], [ 8.732361907556962, 45.473370364316771 ], [ 8.730494615918129, 45.47324894516953 ], [ 8.729835430375728, 45.474651550489831 ], [ 8.728772897959166, 45.474784040249347 ], [ 8.728244712576984, 45.475538870905005 ], [ 8.727298871052634, 45.475347586801732 ], [ 8.727341990732478, 45.474366572970794 ], [ 8.723699834709256, 45.473529693387711 ], [ 8.723518169287248, 45.474051314857185 ], [ 8.720526774479067, 45.473575955496564 ], [ 8.720465168224926, 45.473098747090887 ], [ 8.717882830837356, 45.472705331549513 ], [ 8.717778280192986, 45.473146125382982 ], [ 8.715899819586243, 45.472709402065938 ], [ 8.715877130890043, 45.472133276235539 ], [ 8.711136102950512, 45.471095223959409 ], [ 8.711638428723543, 45.470430416855891 ], [ 8.712434836464727, 45.469793353833666 ], [ 8.713732324371305, 45.468725493913716 ], [ 8.714298378003319, 45.468096839492368 ], [ 8.71485312628508, 45.467171117939266 ], [ 8.713908700444835, 45.466736696432299 ], [ 8.714257544076638, 45.466053489484075 ], [ 8.713465637765015, 45.465817470904078 ], [ 8.712797857331504, 45.466328850675765 ], [ 8.712184672134647, 45.466165282639388 ], [ 8.711836721141752, 45.466668463716161 ], [ 8.710699757502649, 45.466368544523455 ], [ 8.710544410109748, 45.466728193404585 ], [ 8.710146334933325, 45.467024216774796 ], [ 8.710477498059506, 45.467304093150453 ], [ 8.710988629719466, 45.467413404767989 ], [ 8.711857760085486, 45.467559624980723 ], [ 8.711482098397363, 45.468476784857906 ], [ 8.710843124905011, 45.46834914872737 ], [ 8.710172704994523, 45.469364567271327 ], [ 8.70892074931826, 45.469028333489149 ], [ 8.708380862705511, 45.46953101306692 ], [ 8.705814096088092, 45.468651305004592 ], [ 8.707446701892589, 45.467116324602642 ], [ 8.705393000357343, 45.465994893988579 ], [ 8.705497492909469, 45.465581113919974 ], [ 8.705626629281737, 45.465347419359176 ], [ 8.705730181374024, 45.465113658528566 ], [ 8.705833826330551, 45.464861895643097 ], [ 8.705976313218089, 45.464520221990647 ], [ 8.705644391385446, 45.464393349051349 ], [ 8.706031646831644, 45.463719267179165 ], [ 8.705443810435806, 45.46360973482809 ], [ 8.705665669159689, 45.462764205224225 ], [ 8.705333664397145, 45.46265533330849 ], [ 8.704746075514191, 45.462500792461825 ], [ 8.704035969718317, 45.463759102863953 ], [ 8.703282417405946, 45.463541115338295 ], [ 8.704152955700575, 45.460960064502913 ], [ 8.700665112200575, 45.460194863583887 ], [ 8.700904628970797, 45.458440275824088 ], [ 8.699268028081232, 45.458336962408353 ], [ 8.69916906123394, 45.457706623935991 ], [ 8.698812910645685, 45.457336639001419 ], [ 8.692410067269284, 45.456428450353613 ], [ 8.690611524521039, 45.460222056785625 ], [ 8.689205069948086, 45.460128224074111 ], [ 8.687146432764983, 45.464632152202562 ], [ 8.685739824785616, 45.464547277688901 ], [ 8.685096743258853, 45.465175582104841 ], [ 8.684074424684416, 45.464992734700409 ], [ 8.684206866136966, 45.464183002154897 ], [ 8.68304386411557, 45.463999756107093 ], [ 8.682273947730499, 45.466706946416878 ], [ 8.680867855000177, 45.4665230013388 ], [ 8.680481504006854, 45.466980976366401 ], [ 8.678690629423006, 45.466975948574806 ], [ 8.677413385491635, 45.468871577070665 ], [ 8.676123417936727, 45.468507879941335 ], [ 8.675097964089447, 45.468865009216536 ], [ 8.672672572889306, 45.467966970495276 ], [ 8.671894017135152, 45.469863966295328 ], [ 8.669592401485053, 45.469677304665431 ], [ 8.667930902848088, 45.469411450945294 ], [ 8.665238617189054, 45.468233443488664 ], [ 8.663448724032246, 45.468057158769973 ], [ 8.661395841362191, 45.471210472009737 ], [ 8.659719430735617, 45.471295497388354 ], [ 8.659211513304024, 45.470663905345297 ], [ 8.657806979267111, 45.470218649404217 ], [ 8.656656186336457, 45.470125182497874 ], [ 8.654729831188623, 45.475529028452165 ], [ 8.653926705814134, 45.477601346879901 ], [ 8.653749997888584, 45.47805536579385 ], [ 8.652218075766275, 45.482434235371038 ], [ 8.652575129747134, 45.482633346381519 ], [ 8.653213687339196, 45.48283331182617 ], [ 8.653852139165949, 45.48305127552247 ], [ 8.654388671553459, 45.483196918485127 ], [ 8.654937507583297, 45.483423605801121 ], [ 8.655576301959309, 45.48358755440394 ], [ 8.656036398412644, 45.483678952492397 ], [ 8.656572942405312, 45.483824585201646 ], [ 8.657211909914563, 45.483961521931938 ], [ 8.657723413345229, 45.484017063277022 ], [ 8.658605343057411, 45.484181723692373 ], [ 8.659475404382761, 45.484193323623437 ], [ 8.66011508712317, 45.48421323226443 ], [ 8.661114187459159, 45.484045182381294 ], [ 8.66200768486215, 45.484416875550323 ], [ 8.662811944643458, 45.484734291688014 ], [ 8.663655083832392, 45.484970807052825 ], [ 8.664549681557331, 45.485162462052145 ], [ 8.665775971880516, 45.485526102058763 ], [ 8.66698948178867, 45.485889691575785 ], [ 8.66744977454603, 45.48595404097729 ], [ 8.66796120042333, 45.486027538341858 ], [ 8.668395955743687, 45.486082808569599 ], [ 8.66885609339632, 45.486174155056446 ], [ 8.669173048250437, 45.486679133970689 ], [ 8.669350248255599, 45.48701268692659 ], [ 8.669553148744516, 45.487328311853531 ], [ 8.670500250384924, 45.487304046474911 ], [ 8.671191473007912, 45.487270035393109 ], [ 8.671806177186774, 45.487190794815319 ], [ 8.672164688534707, 45.487155820762041 ], [ 8.672535578469466, 45.487192889634152 ], [ 8.67302038702322, 45.487446309287378 ], [ 8.672966803369709, 45.487860204838135 ], [ 8.672682564279139, 45.488327445562568 ], [ 8.672502156884033, 45.488542953673836 ], [ 8.672436502299359, 45.48883079936499 ], [ 8.672922002023563, 45.488967207496103 ], [ 8.673484493925994, 45.489067829558536 ], [ 8.673944664105763, 45.489159155557061 ], [ 8.6744809951165, 45.489358709674832 ], [ 8.674953137437431, 45.489594082751864 ], [ 8.674668905921251, 45.490061328289649 ], [ 8.674333740144512, 45.490483422476004 ], [ 8.67410214287232, 45.490698786978598 ], [ 8.673869712168372, 45.491058165599959 ], [ 8.674085813316037, 45.491310812498838 ], [ 8.674622424455182, 45.491465361353811 ], [ 8.675388514283195, 45.49177357849598 ], [ 8.676257819081334, 45.491938066305352 ], [ 8.676820294947888, 45.492047672863499 ], [ 8.67731888766378, 45.49213909396304 ], [ 8.677651061057091, 45.492239044111997 ], [ 8.67808587365538, 45.492294277498736 ], [ 8.678469496364329, 45.492349365052384 ], [ 8.678904310623482, 45.492404595325539 ], [ 8.67946587662864, 45.492676205311831 ], [ 8.67986061704061, 45.493028354282771 ], [ 8.680445904885142, 45.493633065004587 ], [ 8.681018712185443, 45.49418373144708 ], [ 8.681758161250674, 45.494689854383608 ], [ 8.686451410203547, 45.495368920110941 ], [ 8.686458310024699, 45.49643106308379 ], [ 8.686507655183899, 45.496764237456567 ], [ 8.686916165132454, 45.496954380642975 ], [ 8.687503910581219, 45.497136012115526 ], [ 8.687950673772779, 45.497353259442022 ], [ 8.688768806364894, 45.497535513944655 ], [ 8.688457162833291, 45.498344758105816 ], [ 8.689567215622304, 45.498977855465846 ], [ 8.689487848662786, 45.499445701021124 ], [ 8.689447370034827, 45.499823632609505 ], [ 8.68957328401102, 45.500202016758571 ], [ 8.689750793852491, 45.500508533049782 ], [ 8.690081505427875, 45.500887473003843 ], [ 8.690373328310583, 45.501356316402628 ], [ 8.690269052710551, 45.501698071138847 ], [ 8.690367894523051, 45.502346410489139 ], [ 8.69306609113228, 45.502830749496191 ], [ 8.693120033306505, 45.502326839193145 ], [ 8.695535776902345, 45.502972377968092 ], [ 8.694767859499834, 45.505319584443178 ], [ 8.700162457887419, 45.506702030575305 ], [ 8.70025880901021, 45.50543314514902 ], [ 8.702060280465544, 45.50608593234184 ], [ 8.701517596066315, 45.507038615779038 ], [ 8.704113000044881, 45.507657452946376 ], [ 8.704470726166488, 45.507793396196632 ], [ 8.70436624029, 45.508189168158857 ], [ 8.70419835962594, 45.508467762695517 ], [ 8.703836423088656, 45.509132894668156 ], [ 8.705509804847066, 45.509830307906228 ], [ 8.704873242103229, 45.511601852532451 ], [ 8.708806665315366, 45.513475175909015 ], [ 8.709009182929609, 45.51392574187593 ], [ 8.708981254723646, 45.514375718971039 ], [ 8.708723340222363, 45.514735098524099 ], [ 8.708426408645424, 45.515211390188924 ], [ 8.708090829985361, 45.515732586850724 ], [ 8.707781411265232, 45.516145838000647 ], [ 8.707509276930748, 45.516775207174533 ], [ 8.707123168378773, 45.517161256647533 ], [ 8.706632987720623, 45.517862070545732 ], [ 8.706336209617035, 45.518302353070261 ], [ 8.705924334380722, 45.518715334853439 ], [ 8.705844788184192, 45.519237185238921 ], [ 8.705675800917364, 45.519722800639904 ], [ 8.705749476680753, 45.520326055254927 ], [ 8.706132284811869, 45.520579070222226 ], [ 8.706696462375858, 45.520427507858685 ], [ 8.707133765451022, 45.520050592624884 ], [ 8.707365919644822, 45.519727154658909 ], [ 8.708517203071567, 45.519937128307532 ], [ 8.70879805367432, 45.520099863840855 ], [ 8.709233018835929, 45.520172982555636 ], [ 8.709539666335152, 45.520299778263613 ], [ 8.710012212741074, 45.5205350070813 ], [ 8.710112516333737, 45.520949306450035 ], [ 8.70993121932835, 45.521344887093427 ], [ 8.709986116484949, 45.52171856658142 ], [ 8.71004256860911, 45.522101250932288 ], [ 8.710556319004395, 45.521796524920418 ], [ 8.710673822553236, 45.521355776526342 ], [ 8.710675301006207, 45.521067749641119 ], [ 8.710830983626112, 45.520672102781788 ], [ 8.711088727459915, 45.52034872224489 ], [ 8.711938547648087, 45.520125850397875 ], [ 8.712668563425455, 45.519934173454885 ], [ 8.713499142449011, 45.519715741930398 ] ] ] ] } },
{ "type": "Feature", "properties": { "ISTAT": "003131", "ISOLA": "00", "tabcomuni_": "003131", "TOPONIMO": "Romentino", "FK_CMON": 0, "FK_OLD_CM": 0, "USSL": "13", "OLD_ISTAT": "3131", "PROV": "003", "DATA_IN": 19600000, "DATA_FINE": 99999999 }, "geometry": { "type": "MultiPolygon", "coordinates": [ [ [ [ 8.69916906123394, 45.457706623935991 ], [ 8.699268028081232, 45.458336962408353 ], [ 8.700904628970797, 45.458440275824088 ], [ 8.700665112200575, 45.460194863583887 ], [ 8.704152955700575, 45.460960064502913 ], [ 8.703282417405946, 45.463541115338295 ], [ 8.704035969718317, 45.463759102863953 ], [ 8.704746075514191, 45.462500792461825 ], [ 8.705333664397145, 45.46265533330849 ], [ 8.705665669159689, 45.462764205224225 ], [ 8.705443810435806, 45.46360973482809 ], [ 8.706031646831644, 45.463719267179165 ], [ 8.705644391385446, 45.464393349051349 ], [ 8.705976313218089, 45.464520221990647 ], [ 8.705833826330551, 45.464861895643097 ], [ 8.705730181374024, 45.465113658528566 ], [ 8.705626629281737, 45.465347419359176 ], [ 8.705497492909469, 45.465581113919974 ], [ 8.705393000357343, 45.465994893988579 ], [ 8.707446701892589, 45.467116324602642 ], [ 8.705814096088092, 45.468651305004592 ], [ 8.708380862705511, 45.46953101306692 ], [ 8.70892074931826, 45.469028333489149 ], [ 8.710172704994523, 45.469364567271327 ], [ 8.710843124905011, 45.46834914872737 ], [ 8.711482098397363, 45.468476784857906 ], [ 8.711857760085486, 45.467559624980723 ], [ 8.710988629719466, 45.467413404767989 ], [ 8.710477498059506, 45.467304093150453 ], [ 8.710146334933325, 45.467024216774796 ], [ 8.710544410109748, 45.466728193404585 ], [ 8.710699757502649, 45.466368544523455 ], [ 8.711836721141752, 45.466668463716161 ], [ 8.712184672134647, 45.466165282639388 ], [ 8.712797857331504, 45.466328850675765 ], [ 8.713465637765015, 45.465817470904078 ], [ 8.714257544076638, 45.466053489484075 ], [ 8.713908700444835, 45.466736696432299 ], [ 8.71485312628508, 45.467171117939266 ], [ 8.714298378003319, 45.468096839492368 ], [ 8.713732324371305, 45.468725493913716 ], [ 8.712434836464727, 45.469793353833666 ], [ 8.711638428723543, 45.470430416855891 ], [ 8.711136102950512, 45.471095223959409 ], [ 8.715877130890043, 45.472133276235539 ], [ 8.715899819586243, 45.472709402065938 ], [ 8.717778280192986, 45.473146125382982 ], [ 8.717882830837356, 45.472705331549513 ], [ 8.720465168224926, 45.473098747090887 ], [ 8.720526774479067, 45.473575955496564 ], [ 8.723518169287248, 45.474051314857185 ], [ 8.723699834709256, 45.473529693387711 ], [ 8.727341990732478, 45.474366572970794 ], [ 8.727298871052634, 45.475347586801732 ], [ 8.728244712576984, 45.475538870905005 ], [ 8.728772897959166, 45.474784040249347 ], [ 8.729835430375728, 45.474651550489831 ], [ 8.730494615918129, 45.47324894516953 ], [ 8.732361907556962, 45.473370364316771 ], [ 8.73249304105131, 45.472695591848449 ], [ 8.733951312722382, 45.472735013516285 ], [ 8.734377770500856, 45.471826900658435 ], [ 8.735298877357081, 45.471829046206096 ], [ 8.735693863828242, 45.472172004883511 ], [ 8.736306215163639, 45.472542469111779 ], [ 8.737070963399539, 45.473156311125635 ], [ 8.737874610477634, 45.473662224623631 ], [ 8.738384768060106, 45.474005438975865 ], [ 8.738728530095077, 45.474366271375487 ], [ 8.73918744077152, 45.474727366590059 ], [ 8.739800879757064, 45.474872787554233 ], [ 8.740338428166906, 45.474829009648992 ], [ 8.740887432138058, 45.477863620577949 ], [ 8.741707311098859, 45.477640457172697 ], [ 8.742705936187635, 45.47749870162945 ], [ 8.743499559478565, 45.477419483072332 ], [ 8.744139362102212, 45.477402920822108 ], [ 8.744830504809563, 45.477350465826206 ], [ 8.745368397806232, 45.477234656483944 ], [ 8.746392676340488, 45.477074923981895 ], [ 8.747340465374995, 45.476852005085831 ], [ 8.748006251081939, 45.476745468207895 ], [ 8.749145421526835, 45.476639971728929 ], [ 8.750040660216627, 45.476722950827622 ], [ 8.750603926320441, 45.476652177891523 ], [ 8.7510904256013, 45.476581234325423 ], [ 8.751858356997129, 45.476519903667388 ], [ 8.752676950735562, 45.476575691786245 ], [ 8.753316347882828, 45.476649087914389 ], [ 8.753776744712436, 45.476695090166423 ], [ 8.754492753698509, 45.476804649669909 ], [ 8.755246914151552, 45.476968293106324 ], [ 8.755655981886425, 45.477050181631014 ], [ 8.756730086256216, 45.477196499569025 ], [ 8.757215498142804, 45.477377557337327 ], [ 8.757880306035139, 45.477495987392103 ], [ 8.758417210478102, 45.477605141079351 ], [ 8.758710944485767, 45.477731779064051 ], [ 8.759350209010442, 45.477841145325051 ], [ 8.759861453832151, 45.477968240065401 ], [ 8.760296239383957, 45.478023163016793 ], [ 8.760807678800061, 45.478105248623869 ], [ 8.761217029520855, 45.478124110367489 ], [ 8.761832158172052, 45.477891371818139 ], [ 8.762166675777399, 45.477451019477414 ], [ 8.762475561592751, 45.477019613697351 ], [ 8.762745908531297, 45.476624130961987 ], [ 8.762977415372122, 45.476336579416561 ], [ 8.763158536906117, 45.475859900231455 ], [ 8.765846453791816, 45.475586429933408 ], [ 8.766606328998586, 45.474372847551379 ], [ 8.76701550611719, 45.474427692471806 ], [ 8.767359601511732, 45.474752434776214 ], [ 8.767921345521481, 45.475041615889651 ], [ 8.768253395433623, 45.475186309645252 ], [ 8.769071433765593, 45.475376995088141 ], [ 8.769454664646718, 45.475521789194801 ], [ 8.76985083844397, 45.47563060394544 ], [ 8.770208191520378, 45.475847351648994 ], [ 8.77038635608748, 45.476081738884062 ], [ 8.770564375664499, 45.476352129774433 ], [ 8.770768131796123, 45.476586567987546 ], [ 8.7709845377244, 45.476857035519814 ], [ 8.771085869358595, 45.477109269058943 ], [ 8.77139198578436, 45.477343912002581 ], [ 8.771825612566547, 45.477686822567236 ], [ 8.772528076081924, 45.477994264994827 ], [ 8.772937647501085, 45.477959078835511 ], [ 8.773601628106984, 45.478293440994172 ], [ 8.773651361577151, 45.478653582148901 ], [ 8.773598954032357, 45.478959513741636 ], [ 8.773687578405703, 45.479193717458315 ], [ 8.77424975898486, 45.479392857418759 ], [ 8.774683850268756, 45.479627745235213 ], [ 8.774964692519982, 45.479790319975706 ], [ 8.775500935083416, 45.480079412958297 ], [ 8.776049620729715, 45.480458538405045 ], [ 8.776816438156965, 45.480685071396287 ], [ 8.777301944236081, 45.480866043710726 ], [ 8.777761650003418, 45.481100969858112 ], [ 8.778438809529767, 45.481354319894031 ], [ 8.779128841035632, 45.481589688784666 ], [ 8.779512738029327, 45.481581432334998 ], [ 8.780126846619964, 45.481600622861905 ], [ 8.780920301126653, 45.481566149282607 ], [ 8.781663374962401, 45.481324549411653 ], [ 8.781698275425626, 45.482224721147382 ], [ 8.789522727204096, 45.483958665569624 ], [ 8.789801379257058, 45.481294871779617 ], [ 8.790180519711988, 45.479126319250412 ], [ 8.7905613031242, 45.47650771505694 ], [ 8.790429267001709, 45.474167197468049 ], [ 8.790167634356106, 45.472276492748271 ], [ 8.790675295889738, 45.469928151037067 ], [ 8.79054193193585, 45.467947671092453 ], [ 8.789513145381854, 45.465965536493115 ], [ 8.78900685863545, 45.464524426822713 ], [ 8.789126694644464, 45.46326449875275 ], [ 8.78964140078153, 45.462446354167625 ], [ 8.790540120049251, 45.46154790547854 ], [ 8.791821900103384, 45.460821172068947 ], [ 8.792334854843197, 45.460462066916286 ], [ 8.790529615499432, 45.457488398857642 ], [ 8.789244218183278, 45.455775817402291 ], [ 8.788221727232663, 45.45559389585312 ], [ 8.787323710647071, 45.456321307815386 ], [ 8.786553603805732, 45.457039951746069 ], [ 8.785274582862412, 45.45704654487799 ], [ 8.785021220755944, 45.456406989048169 ], [ 8.786303943693731, 45.455419287212592 ], [ 8.787703791689667, 45.453882723148013 ], [ 8.786297973143244, 45.453619058076811 ], [ 8.785917032499151, 45.452898254165341 ], [ 8.784764311674801, 45.453346132661743 ], [ 8.784370259479793, 45.452715309630079 ], [ 8.78296244281959, 45.452982664094606 ], [ 8.779764467856094, 45.453165538561308 ], [ 8.775670489405705, 45.453535582700539 ], [ 8.771692689154776, 45.453626679496999 ], [ 8.767217586327639, 45.453356577312476 ], [ 8.762988539777442, 45.452366724704817 ], [ 8.76067812548969, 45.454351130411432 ], [ 8.759138770744418, 45.455437014460792 ], [ 8.757730769106207, 45.455704057773332 ], [ 8.754534395828303, 45.458406536115675 ], [ 8.750943898678504, 45.457597636437157 ], [ 8.748645641496951, 45.459581824702909 ], [ 8.747494464792286, 45.459588277232825 ], [ 8.747362130919822, 45.460578103636131 ], [ 8.745572659709984, 45.460304084161145 ], [ 8.745307305603678, 45.45958340317295 ], [ 8.743389113473281, 45.459498084186762 ], [ 8.742495838868926, 45.459046011752662 ], [ 8.741599695709972, 45.459224002443364 ], [ 8.740181626810083, 45.45886073004089 ], [ 8.738775075737243, 45.458776500414238 ], [ 8.737623120229467, 45.458953872484962 ], [ 8.739421770469411, 45.45444845393294 ], [ 8.735319334987151, 45.453817910453388 ], [ 8.734167045935051, 45.454085257939582 ], [ 8.728786616103298, 45.453280466316691 ], [ 8.728400783783556, 45.45372960166052 ], [ 8.724552986514899, 45.453369311750699 ], [ 8.728397071722929, 45.446519701082735 ], [ 8.716105368381633, 45.444536461281977 ], [ 8.707774678228665, 45.443273223241853 ], [ 8.702701628502314, 45.442639009059349 ], [ 8.699062970443524, 45.451207539512524 ], [ 8.699958685993094, 45.451110885905997 ], [ 8.699324346854304, 45.452558396313449 ], [ 8.699200627572898, 45.454178271178577 ], [ 8.700993006024376, 45.453822937195817 ], [ 8.700344966638404, 45.455441437829982 ], [ 8.699708675612165, 45.457248988595509 ], [ 8.69916906123394, 45.457706623935991 ] ], [ [ 8.787335916781663, 45.46326116402529 ], [ 8.78643814219715, 45.463889556915078 ], [ 8.785797170138036, 45.464257395527447 ], [ 8.784899362779775, 45.464885776210728 ], [ 8.784526686058598, 45.465335124429181 ], [ 8.783745700073565, 45.465513663616633 ], [ 8.783107115178407, 45.465251416525547 ], [ 8.782725444137297, 45.464710623615694 ], [ 8.782599956668436, 45.464080308577849 ], [ 8.78336989811614, 45.463442701301531 ], [ 8.784395267088758, 45.462904585156963 ], [ 8.785151661405632, 45.462455962747768 ], [ 8.78592052729752, 45.462088368493418 ], [ 8.786560758745996, 45.46190955034043 ], [ 8.786944487681211, 45.461910269891931 ], [ 8.787724397792054, 45.462001739145968 ], [ 8.787594454073286, 45.462541561127082 ], [ 8.787335916781663, 45.46326116402529 ] ] ] ] } },
{ "type": "Feature", "properties": { "ISTAT": "003149", "ISOLA": "00", "tabcomuni_": "003149", "TOPONIMO": "Trecate", "FK_CMON": 0, "FK_OLD_CM": 0, "USSL": "13", "OLD_ISTAT": "3149", "PROV": "003", "DATA_IN": 19600000, "DATA_FINE": 99999999 }, "geometry": { "type": "MultiPolygon", "coordinates": [ [ [ [ 8.792334854843197, 45.460462066916286 ], [ 8.794117716454712, 45.459106146178506 ], [ 8.796938430522355, 45.457211990978777 ], [ 8.799105409860976, 45.455676655780799 ], [ 8.801030515366653, 45.453789813785647 ], [ 8.802954266251838, 45.452253979059819 ], [ 8.805506099922196, 45.450269133776551 ], [ 8.808060237033764, 45.447555146407502 ], [ 8.810371446685647, 45.444759686016063 ], [ 8.811390360561223, 45.442151062998079 ], [ 8.810873991340564, 45.439800916457166 ], [ 8.809068433660089, 45.436827530585923 ], [ 8.808295563763606, 45.434755973098326 ], [ 8.808939684972264, 45.433316879700847 ], [ 8.81025955116718, 45.432409979057468 ], [ 8.807528277196795, 45.431064217485726 ], [ 8.803174226338383, 45.429535567745923 ], [ 8.800734765945448, 45.428901236693427 ], [ 8.795993989994914, 45.428361757329299 ], [ 8.788951941296812, 45.427916843148729 ], [ 8.78063374595096, 45.426937972028988 ], [ 8.777426609513808, 45.426571692255109 ], [ 8.775507692402211, 45.42693696561502 ], [ 8.772184780387247, 45.426759333815376 ], [ 8.765009659159997, 45.424593457948809 ], [ 8.760783931837659, 45.423333487210975 ], [ 8.758602355333823, 45.422347751780073 ], [ 8.757711856543994, 45.421355731427525 ], [ 8.75770447598212, 45.420095554500563 ], [ 8.751950234739125, 45.417751848964279 ], [ 8.753480123173331, 45.409815999307256 ], [ 8.744521132440239, 45.409967253534731 ], [ 8.742463921247561, 45.409908606240975 ], [ 8.737479944175842, 45.409915215952708 ], [ 8.733502606401185, 45.410545063364616 ], [ 8.729281510957867, 45.411354219043389 ], [ 8.726723826661894, 45.41171715909644 ], [ 8.719945656841871, 45.412708826534278 ], [ 8.714689435412664, 45.413433877425618 ], [ 8.710723461648879, 45.414242985302693 ], [ 8.711112828839074, 45.413073801602593 ], [ 8.712255767319068, 45.411987536293694 ], [ 8.714050865803776, 45.41081288656774 ], [ 8.714942146102912, 45.408924842015892 ], [ 8.711239409107241, 45.408294414279908 ], [ 8.709961527141548, 45.408291164620785 ], [ 8.708414781131493, 45.408386226824646 ], [ 8.707268403062006, 45.407663176896087 ], [ 8.705864149751626, 45.40738951617746 ], [ 8.703424800816251, 45.407122147001438 ], [ 8.704326855197282, 45.405675278416822 ], [ 8.702922146917189, 45.405500595121254 ], [ 8.703051861154727, 45.405131878665074 ], [ 8.699463085248738, 45.404771421542911 ], [ 8.698569245191765, 45.402248687088189 ], [ 8.693835098862136, 45.401074905692056 ], [ 8.69378399383204, 45.398707413662343 ], [ 8.688075628615557, 45.398187872064206 ], [ 8.686663702995865, 45.399363179733257 ], [ 8.685380986702762, 45.400268785681206 ], [ 8.684100786241043, 45.400715315298235 ], [ 8.680476716953622, 45.406691116391237 ], [ 8.679361591240943, 45.409550413049935 ], [ 8.673988818034362, 45.408284000665603 ], [ 8.671301314321731, 45.41116571808567 ], [ 8.669245658726147, 45.415228378422384 ], [ 8.674630268254727, 45.416756093749868 ], [ 8.672578783126534, 45.420098662399191 ], [ 8.671543738718478, 45.422255968704867 ], [ 8.674363355986234, 45.423164167731855 ], [ 8.675896226979866, 45.423339554495499 ], [ 8.676674394233844, 45.423611797334807 ], [ 8.679108164025019, 45.422709550271371 ], [ 8.68012302762023, 45.421812283185041 ], [ 8.681657398995478, 45.42171756182691 ], [ 8.681793444461183, 45.422528046525613 ], [ 8.683072143517721, 45.422441593970554 ], [ 8.682051702722335, 45.424338001002702 ], [ 8.684603208891559, 45.42523619801554 ], [ 8.68755454036754, 45.425505352087448 ], [ 8.689343614233689, 45.425600249069909 ], [ 8.691387415071649, 45.425866829391481 ], [ 8.691128282029238, 45.428845511738686 ], [ 8.691007333361981, 45.429925322927446 ], [ 8.693176645293022, 45.430651269528937 ], [ 8.691771443909161, 45.432807758484671 ], [ 8.691392304210535, 45.434345930102928 ], [ 8.691388867173009, 45.434976001112496 ], [ 8.694331843715553, 45.434524864723819 ], [ 8.693313023118087, 45.436151338166404 ], [ 8.693817116511068, 45.437502863501543 ], [ 8.695480712450047, 45.437228280132096 ], [ 8.694457499840837, 45.439664853850992 ], [ 8.69420726976305, 45.441014354175671 ], [ 8.69829551830207, 45.441646315674348 ], [ 8.701374204657185, 45.442185477966966 ], [ 8.702701628502314, 45.442639009059349 ], [ 8.707774678228665, 45.443273223241853 ], [ 8.716105368381633, 45.444536461281977 ], [ 8.728397071722929, 45.446519701082735 ], [ 8.724552986514899, 45.453369311750699 ], [ 8.728400783783556, 45.45372960166052 ], [ 8.728786616103298, 45.453280466316691 ], [ 8.734167045935051, 45.454085257939582 ], [ 8.735319334987151, 45.453817910453388 ], [ 8.739421770469411, 45.45444845393294 ], [ 8.737623120229467, 45.458953872484962 ], [ 8.738775075737243, 45.458776500414238 ], [ 8.740181626810083, 45.45886073004089 ], [ 8.741599695709972, 45.459224002443364 ], [ 8.742495838868926, 45.459046011752662 ], [ 8.743389113473281, 45.459498084186762 ], [ 8.745307305603678, 45.45958340317295 ], [ 8.745572659709984, 45.460304084161145 ], [ 8.747362130919822, 45.460578103636131 ], [ 8.747494464792286, 45.459588277232825 ], [ 8.748645641496951, 45.459581824702909 ], [ 8.750943898678504, 45.457597636437157 ], [ 8.754534395828303, 45.458406536115675 ], [ 8.757730769106207, 45.455704057773332 ], [ 8.759138770744418, 45.455437014460792 ], [ 8.76067812548969, 45.454351130411432 ], [ 8.762988539777442, 45.452366724704817 ], [ 8.767217586327639, 45.453356577312476 ], [ 8.771692689154776, 45.453626679496999 ], [ 8.775670489405705, 45.453535582700539 ], [ 8.779764467856094, 45.453165538561308 ], [ 8.78296244281959, 45.452982664094606 ], [ 8.784370259479793, 45.452715309630079 ], [ 8.784764311674801, 45.453346132661743 ], [ 8.785917032499151, 45.452898254165341 ], [ 8.786297973143244, 45.453619058076811 ], [ 8.787703791689667, 45.453882723148013 ], [ 8.786303943693731, 45.455419287212592 ], [ 8.785021220755944, 45.456406989048169 ], [ 8.785274582862412, 45.45704654487799 ], [ 8.786553603805732, 45.457039951746069 ], [ 8.787323710647071, 45.456321307815386 ], [ 8.788221727232663, 45.45559389585312 ], [ 8.789244218183278, 45.455775817402291 ], [ 8.790529615499432, 45.457488398857642 ], [ 8.792334854843197, 45.460462066916286 ] ] ] ] } },
{ "type": "Feature", "properties": { "ISTAT": "003049", "ISOLA": "00", "tabcomuni_": "003049", "TOPONIMO": "Cerano", "FK_CMON": 0, "FK_OLD_CM": 0, "USSL": "13", "OLD_ISTAT": "3049", "PROV": "003", "DATA_IN": 19600000, "DATA_FINE": 99999999 }, "geometry": { "type": "MultiPolygon", "coordinates": [ [ [ [ 8.744521132440239, 45.409967253534731 ], [ 8.753480123173331, 45.409815999307256 ], [ 8.751950234739125, 45.417751848964279 ], [ 8.75770447598212, 45.420095554500563 ], [ 8.757711856543994, 45.421355731427525 ], [ 8.758602355333823, 45.422347751780073 ], [ 8.760783931837659, 45.423333487210975 ], [ 8.765009659159997, 45.424593457948809 ], [ 8.772184780387247, 45.426759333815376 ], [ 8.775507692402211, 45.42693696561502 ], [ 8.777426609513808, 45.426571692255109 ], [ 8.78063374595096, 45.426937972028988 ], [ 8.788951941296812, 45.427916843148729 ], [ 8.795993989994914, 45.428361757329299 ], [ 8.800734765945448, 45.428901236693427 ], [ 8.803174226338383, 45.429535567745923 ], [ 8.807528277196795, 45.431064217485726 ], [ 8.81025955116718, 45.432409979057468 ], [ 8.812138250321503, 45.432593123971145 ], [ 8.814310144169475, 45.433037750021022 ], [ 8.816621502588905, 45.433851605614059 ], [ 8.819316213436277, 45.434747034745307 ], [ 8.82046713892859, 45.434658848904697 ], [ 8.822897138523336, 45.434383630163246 ], [ 8.824177864060408, 45.433665531525605 ], [ 8.824169599180649, 45.432216339541107 ], [ 8.823139434690429, 45.430504527642441 ], [ 8.820576424395314, 45.428439250325773 ], [ 8.82032565891031, 45.426899661873946 ], [ 8.821978090099616, 45.425822129793481 ], [ 8.823003855582545, 45.424824608605569 ], [ 8.823647210056016, 45.423475440716231 ], [ 8.824145597114384, 45.419416703643343 ], [ 8.825301251229908, 45.417699271223228 ], [ 8.82733811508932, 45.416172188908654 ], [ 8.828100065186067, 45.413553907062635 ], [ 8.827845559283032, 45.413193470601072 ], [ 8.828734990962213, 45.410665417551179 ], [ 8.830146114944808, 45.408858240636548 ], [ 8.833207942855132, 45.406243335313341 ], [ 8.835513002678967, 45.404527402330714 ], [ 8.837932664239828, 45.402901598643275 ], [ 8.840365976992466, 45.400915707544598 ], [ 8.840869072801395, 45.399206144483585 ], [ 8.840862373360265, 45.397036801579802 ], [ 8.842399759365204, 45.395508689787199 ], [ 8.843542287148365, 45.393520948035757 ], [ 8.842776013082213, 45.393429885612292 ], [ 8.839583417291646, 45.39298439348363 ], [ 8.836890136392372, 45.392179467831653 ], [ 8.833430991570582, 45.391184338171435 ], [ 8.831122192688927, 45.390019777813855 ], [ 8.828443059532864, 45.38884561483448 ], [ 8.826512734718756, 45.389301779659526 ], [ 8.825754581603043, 45.390749838955067 ], [ 8.823834431692552, 45.392007073141023 ], [ 8.821276807257632, 45.392822204775584 ], [ 8.820375157617805, 45.39111051651232 ], [ 8.816801310079777, 45.39012365648545 ], [ 8.813342558766632, 45.389136873864658 ], [ 8.811161693774858, 45.388053102004214 ], [ 8.81141366616855, 45.385263084840631 ], [ 8.811663555296631, 45.38309415963819 ], [ 8.809099433088933, 45.382108727520929 ], [ 8.806793640246392, 45.380304548674317 ], [ 8.803988296088074, 45.378958534892995 ], [ 8.801941593863685, 45.379855128681569 ], [ 8.798734712162664, 45.380128540055424 ], [ 8.796435944508591, 45.380043434505808 ], [ 8.795790044715257, 45.378512036170129 ], [ 8.792594668099113, 45.379145352431806 ], [ 8.789791170430231, 45.380859473202747 ], [ 8.786082308566174, 45.382121754475421 ], [ 8.785432926130579, 45.381580446725735 ], [ 8.783773105152752, 45.381406276064901 ], [ 8.778789217466763, 45.382035790411919 ], [ 8.775591319739531, 45.383208708864366 ], [ 8.774436332246719, 45.384565635124183 ], [ 8.773026568119764, 45.385733011825415 ], [ 8.770724343019765, 45.386457506969883 ], [ 8.768294318019882, 45.387181695221351 ], [ 8.766387235544643, 45.388086934576037 ], [ 8.765232216098472, 45.386284278606112 ], [ 8.764334981202998, 45.383942061258125 ], [ 8.763432571060926, 45.382860020806966 ], [ 8.762412603464281, 45.38240782539107 ], [ 8.762661723429924, 45.380869106466676 ], [ 8.763428433897138, 45.377720212999208 ], [ 8.762665500523307, 45.376908497628747 ], [ 8.758825741236267, 45.375829256001168 ], [ 8.756388307507114, 45.375373993278224 ], [ 8.754600267750144, 45.375379152564548 ], [ 8.753957406899353, 45.376367918744869 ], [ 8.753316869287403, 45.376816602038943 ], [ 8.749737882070187, 45.37456743785134 ], [ 8.748841904588444, 45.375015534123804 ], [ 8.747306099038763, 45.375741247827818 ], [ 8.745771100350019, 45.376277913107927 ], [ 8.743599070153, 45.376462069644688 ], [ 8.741427845704413, 45.376466158705369 ], [ 8.739117001185898, 45.376280857182522 ], [ 8.736691603416093, 45.376014231400269 ], [ 8.733755790823013, 45.375656347396067 ], [ 8.73129259984478, 45.375290503270072 ], [ 8.731189150386239, 45.375560300918885 ], [ 8.730942185073298, 45.376468858402262 ], [ 8.732727293953831, 45.377094160326607 ], [ 8.73195799312886, 45.380431867647076 ], [ 8.738224006895553, 45.381598630370775 ], [ 8.738744379114705, 45.382319937267852 ], [ 8.741551568278325, 45.382956444399639 ], [ 8.742194761663244, 45.381958749152091 ], [ 8.751790629332985, 45.384122416308365 ], [ 8.751410703023366, 45.386290921348767 ], [ 8.752688523825103, 45.386194690898009 ], [ 8.751798823730656, 45.388092045688246 ], [ 8.751923026818444, 45.388902441041012 ], [ 8.750907918352361, 45.390250430171847 ], [ 8.74987883964932, 45.394757861698601 ], [ 8.751932990519984, 45.395392455649485 ], [ 8.749630172963604, 45.398996959420124 ], [ 8.746938876428372, 45.403689714617848 ], [ 8.744769486410071, 45.408734626488808 ], [ 8.744521132440239, 45.409967253534731 ] ] ] ] } }
]
}
