{
"type": "FeatureCollection",
"name": "parco_ticino_lombardia",
"crs": { "type": "name", "properties": { "name": "urn:ogc:def:crs:OGC:1.3:CRS84" } },
"features": [
{ "type": "Feature", "properties": { "COD_PAN": 7, "COD_PA": 1, "TIPO_IDE": 403, "DTIPO_IDE": "Legge Regionale", "IDENT": "L.R. 12 dicembre 2002, n.31", "DATA_I": "2002-12-12", "NOME_PAN": "Parco Naturale della Valle del Ticino", "NOTEPAN": "Parco con Piano approvato (D.c.r. 26 novembre 2003 - n. VII/919 )", "SHAPE_AREA": 205342685.17699999, "SHAPE_LEN": 292714.298656 }, "geometry": { "type": "MultiPolygon", "coordinates": [ [ [ [ 8.592063181025695, 45.753478200823743 ], [ 8.592052366154993, 45.753419668198909 ], [ 8.592068836153231, 45.753356732622812 ], [ 8.592107881986632, 45.753293878542465 ], [ 8.592150016674836, 45.753244536585186 ], [ 8.592190426615121, 45.753213090928867 ], [ 8.592229344990473, 45.753168235131689 ], [ 8.592264911494521, 45.753132366299859 ], [ 8.592297272762213, 45.753114484800591 ], [ 8.592329529873201, 45.753096602020371 ], [ 8.592345733539069, 45.753069661213381 ], [ 8.592349279301294, 45.75303367900171 ], [ 8.592362434408585, 45.75298872943339 ], [ 8.592397906327585, 45.752966355932642 ], [ 8.59244144031334, 45.752957514991159 ], [ 8.592464048059785, 45.752939596851611 ], [ 8.592502899261337, 45.752903737860372 ], [ 8.59256100632031, 45.752858951284296 ], [ 8.592675487000863, 45.752818863338504 ], [ 8.592783260251609, 45.752796749254024 ], [ 8.592859045676342, 45.752770022514383 ], [ 8.592913943934072, 45.752729721093715 ], [ 8.592952826760088, 45.752689275283089 ], [ 8.593004800556439, 45.752612965833848 ], [ 8.593047322518878, 45.752509628570351 ], [ 8.593077016934409, 45.752406246503952 ], [ 8.593098554450874, 45.752316330191036 ], [ 8.593137892640826, 45.752212981549903 ], [ 8.593173886158926, 45.752118530818827 ], [ 8.593183824319125, 45.752078070965496 ], [ 8.593198969824515, 45.751992634040221 ], [ 8.593209202152231, 45.751911677289968 ], [ 8.593229184110005, 45.751817258635192 ], [ 8.593260499610217, 45.751709381008588 ], [ 8.59328346417329, 45.751641878880157 ], [ 8.593303116551416, 45.751592451949712 ], [ 8.59333254985164, 45.75152506644357 ], [ 8.593344178781278, 45.751471112375235 ], [ 8.593354378103639, 45.751394657659048 ], [ 8.59336766527904, 45.751331710545628 ], [ 8.593400242599008, 45.751268832980116 ], [ 8.593416585882112, 45.751237393037904 ], [ 8.593436897910244, 45.751184730860871 ], [ 8.593500317282784, 45.751119785729848 ], [ 8.593538365227044, 45.751052267901088 ], [ 8.593578928245664, 45.750999405016174 ], [ 8.593605144964693, 45.750936504762748 ], [ 8.593634349005301, 45.75090061195985 ], [ 8.593683008870958, 45.75084229008047 ], [ 8.59375726249668, 45.750793060828478 ], [ 8.59381702950591, 45.750752778071806 ], [ 8.59386555979739, 45.75071245444137 ], [ 8.593913947662019, 45.750690165075646 ], [ 8.593930750940819, 45.750582109653152 ], [ 8.593950307061696, 45.750546180677176 ], [ 8.594017378525653, 45.750375437274002 ], [ 8.594070872505714, 45.750308135256518 ], [ 8.594109757295348, 45.750267779049871 ], [ 8.5941486068734, 45.75023191857688 ], [ 8.594171309489363, 45.750200504710769 ], [ 8.59418115263988, 45.750173539237309 ], [ 8.59417806977293, 45.750160030769528 ], [ 8.594168520113559, 45.750146500231743 ], [ 8.594154230786637, 45.750128449784377 ], [ 8.594160819127419, 45.75009697687841 ], [ 8.594186974059555, 45.750042985200189 ], [ 8.594216208577201, 45.750002592878623 ], [ 8.594219518376262, 45.749984607642773 ], [ 8.594219810535149, 45.749944112525533 ], [ 8.594242579509832, 45.749903696333469 ], [ 8.594271747402482, 45.749872306306074 ], [ 8.594278538866366, 45.749827335694668 ], [ 8.594285063208371, 45.74980485879815 ], [ 8.594291692941079, 45.749782385875726 ], [ 8.594311152037198, 45.749759955807363 ], [ 8.59433060983206, 45.749737525730993 ], [ 8.594346781505383, 45.749715087584327 ], [ 8.594350229260261, 45.74969260336065 ], [ 8.594326316281176, 45.749656519972902 ], [ 8.594257323380729, 45.74963827619159 ], [ 8.594209358765573, 45.74961560938285 ], [ 8.594150305527718, 45.749556905581059 ], [ 8.594139361979419, 45.749516281441878 ], [ 8.594168726678225, 45.749457892598684 ], [ 8.594230113598849, 45.749413115897553 ], [ 8.594340201602156, 45.749347693360306 ], [ 8.594382944738307, 45.749280226102812 ], [ 8.594387483889127, 45.749202196741891 ], [ 8.594410444095619, 45.749134786149881 ], [ 8.594441465109258, 45.74906739966525 ], [ 8.594467681859159, 45.749004411885828 ], [ 8.594480869445528, 45.748954963584161 ], [ 8.594474791234592, 45.748900945627703 ], [ 8.594470411304812, 45.748846937298524 ], [ 8.594502987222585, 45.74878405758659 ], [ 8.594538678487808, 45.748730191468162 ], [ 8.59454213124476, 45.748707707252578 ], [ 8.59454874666147, 45.748671730438417 ], [ 8.594584514507281, 45.748622364950272 ], [ 8.594616928577254, 45.748581984698554 ], [ 8.594652695045696, 45.748532615583102 ], [ 8.594659249053215, 45.748505642891864 ], [ 8.594659541543537, 45.748465055956608 ], [ 8.594666337660117, 45.748420085327659 ], [ 8.594731065137733, 45.748352823730642 ], [ 8.594757052689465, 45.748321416889546 ], [ 8.594763544088305, 45.74830344111723 ], [ 8.594773385289567, 45.748276480977417 ], [ 8.594776835358406, 45.748253995843406 ], [ 8.594775366282461, 45.748222492514124 ], [ 8.594785207463532, 45.748195532372861 ], [ 8.594801551626269, 45.748164093119101 ], [ 8.594766530529231, 45.748109974321892 ], [ 8.594765166855135, 45.748078474965851 ], [ 8.594774942926495, 45.74806050994205 ], [ 8.5947862454261, 45.748051551979785 ], [ 8.594812070027357, 45.748042642818042 ], [ 8.594831334268138, 45.748047209709014 ], [ 8.594897198299403, 45.748042944684038 ], [ 8.59493277147031, 45.748020572536781 ], [ 8.594955437641397, 45.747993656047846 ], [ 8.59496855754954, 45.747953116382519 ], [ 8.595017183474104, 45.747899294159637 ], [ 8.595059246465123, 45.747858947078463 ], [ 8.595098058620701, 45.747827590110084 ], [ 8.595138466188759, 45.747796233381294 ], [ 8.595177347182295, 45.747755874980406 ], [ 8.595238635125254, 45.747724599397642 ], [ 8.595285237196565, 45.747715761033724 ], [ 8.595311097915236, 45.747702355112345 ], [ 8.595343444617404, 45.747670973358673 ], [ 8.595362964989272, 45.747639546171136 ], [ 8.595382551647447, 45.74759911936556 ], [ 8.595389138991019, 45.747567646371436 ], [ 8.595381381407126, 45.747540622951227 ], [ 8.595371994469007, 45.747504592110467 ], [ 8.595375466293151, 45.747464109133603 ], [ 8.595385340214376, 45.747432558670788 ], [ 8.595405056813753, 45.747374133520907 ], [ 8.595408398575829, 45.747351648880858 ], [ 8.595397387604471, 45.747320110864749 ], [ 8.595397582630916, 45.747293116506548 ], [ 8.595430061666118, 45.747243732794914 ], [ 8.595455954613866, 45.747225830179147 ], [ 8.595481639531892, 45.747221418945102 ], [ 8.595518764552162, 45.747203553381709 ], [ 8.595535007953169, 45.747185612085751 ], [ 8.595535202938366, 45.747158614126256 ], [ 8.595514481240755, 45.747136045193706 ], [ 8.595498497846894, 45.747117989807563 ], [ 8.595476153430763, 45.747099913697767 ], [ 8.595455365502676, 45.747086341669615 ], [ 8.595404244130933, 45.747045662674331 ], [ 8.595370650832542, 45.747014049183399 ], [ 8.59533716686509, 45.746982433369404 ], [ 8.595298775518714, 45.746955302338286 ], [ 8.595232986057626, 45.746929153423935 ], [ 8.595203107640991, 45.746886783645792 ], [ 8.59517308165451, 45.74686554619884 ], [ 8.595180675681721, 45.74683780399041 ], [ 8.595131150225843, 45.746810631651584 ], [ 8.595108699355192, 45.746792554191607 ], [ 8.595091231360684, 45.746774493486221 ], [ 8.595088174441349, 45.746742988125909 ], [ 8.595127279876062, 45.746671131502666 ], [ 8.595156675851507, 45.746608242112295 ], [ 8.595169793346498, 45.746567792413082 ], [ 8.595186170607596, 45.746531855537448 ], [ 8.595199319305552, 45.74648690556932 ], [ 8.59519954565776, 45.746455411842994 ], [ 8.595188633829512, 45.746410375726427 ], [ 8.595195328489369, 45.746378813109693 ], [ 8.595221273182908, 45.746338408849461 ], [ 8.59524878598803, 45.746316008040722 ], [ 8.595253586612166, 45.746311528271775 ], [ 8.595297148799057, 45.746298183256783 ], [ 8.595348595826108, 45.746293864202329 ], [ 8.595414524057208, 45.746280599254177 ], [ 8.595446806157678, 45.746258216186163 ], [ 8.595463053162065, 45.746240274910264 ], [ 8.595469701444234, 45.746199802268372 ], [ 8.595461945285422, 45.746172779752264 ], [ 8.595465190735728, 45.746163793192018 ], [ 8.595482960379544, 45.746154854455497 ], [ 8.595495882533731, 45.746141402678766 ], [ 8.595502543853517, 45.746114427607651 ], [ 8.595491436834161, 45.74609639128137 ], [ 8.595472273277394, 45.746078326429128 ], [ 8.595459503147605, 45.746055782935215 ], [ 8.595462917727199, 45.746037797121957 ], [ 8.595472661987895, 45.746024333195521 ], [ 8.59543618392734, 45.745952210621034 ], [ 8.595418706896645, 45.74592065150329 ], [ 8.595415656468019, 45.745902642797731 ], [ 8.595428613659767, 45.74588469077608 ], [ 8.595451284507524, 45.745857685088019 ], [ 8.595481942345799, 45.745839795733254 ], [ 8.595511045019251, 45.745817400488406 ], [ 8.595573272959717, 45.745780786097335 ], [ 8.595597784254746, 45.745730154519272 ], [ 8.595627808959545, 45.7456783282475 ], [ 8.595660059415316, 45.7456604462812 ], [ 8.595790430727099, 45.745633906230125 ], [ 8.595830801251086, 45.745607052190195 ], [ 8.595869573516927, 45.745566693153989 ], [ 8.595885979939743, 45.74552625499863 ], [ 8.595889188949272, 45.745521769572846 ], [ 8.595886207196754, 45.745494759468777 ], [ 8.595875291121642, 45.745449726095501 ], [ 8.595878826083966, 45.745400245259638 ], [ 8.595882371647846, 45.745364260189596 ], [ 8.595881001326493, 45.745319171471571 ], [ 8.59587820922043, 45.745265167878827 ], [ 8.595885032580883, 45.745215695072083 ], [ 8.595898084269958, 45.745184246700013 ], [ 8.59589990301564, 45.745152754997015 ], [ 8.595896820014826, 45.745139244763138 ], [ 8.595864828356651, 45.745121135501293 ], [ 8.595802167561587, 45.745107414511757 ], [ 8.595694733825011, 45.74508453700679 ], [ 8.595625714901511, 45.745070792520792 ], [ 8.595531013372725, 45.745061460153728 ], [ 8.595455459457028, 45.745056692283349 ], [ 8.595357446273766, 45.74506534595298 ], [ 8.595239998093016, 45.745078428365183 ], [ 8.595170850474034, 45.745082682854957 ], [ 8.595092121296329, 45.745077905293634 ], [ 8.595072964771958, 45.745073336125621 ], [ 8.595047304251629, 45.745059747649243 ], [ 8.595031354123687, 45.745037193732415 ], [ 8.595026678565318, 45.745023678730007 ], [ 8.595039636968185, 45.745005725853972 ], [ 8.595083250291456, 45.744969881915409 ], [ 8.595138046938425, 45.744956579472991 ], [ 8.595229605473778, 45.744961404254752 ], [ 8.595390245221227, 45.744970969500223 ], [ 8.595507459021597, 45.744975885810412 ], [ 8.595605448769092, 45.744985230735779 ], [ 8.595674531279611, 45.744989973805744 ], [ 8.595733969776115, 45.744994684510822 ], [ 8.595804641213, 45.744999434024329 ], [ 8.595825589523898, 45.744990508278072 ], [ 8.595833637899441, 45.744977039219229 ], [ 8.59584175793036, 45.744968069889943 ], [ 8.595843644200515, 45.744927580372192 ], [ 8.595853544102866, 45.744891616877439 ], [ 8.595844161130067, 45.744855588772992 ], [ 8.595847605406965, 45.744833103572802 ], [ 8.595854192809309, 45.744801539629343 ], [ 8.595880115706077, 45.744779132138682 ], [ 8.595899604859554, 45.744752205110252 ], [ 8.595912623981381, 45.744725254295503 ], [ 8.595915904307009, 45.744711768366692 ], [ 8.595916001705927, 45.744698268480398 ], [ 8.595901840460575, 45.744662222579805 ], [ 8.595882872058853, 45.744617159820365 ], [ 8.595882968166897, 45.74460366172945 ], [ 8.595918668598623, 45.744563291804432 ], [ 8.595963838706696, 45.744531957010381 ], [ 8.596018689015528, 45.744496155149157 ], [ 8.596081541333705, 45.744482875336047 ], [ 8.596133083960547, 45.744465058734143 ], [ 8.596163775823241, 45.744442670735488 ], [ 8.596173649399534, 45.744411209294277 ], [ 8.596156137420571, 45.744384148734355 ], [ 8.596077605093381, 45.744352378384626 ], [ 8.596005535167084, 45.74432062363104 ], [ 8.595955908049062, 45.744293361270451 ], [ 8.595939922733411, 45.744275307730305 ], [ 8.595927355607989, 45.744239267467854 ], [ 8.595940536905733, 45.744189818034585 ], [ 8.595961978509566, 45.744126900279007 ], [ 8.595975099972124, 45.744086450483998 ], [ 8.595968890968154, 45.744050432708441 ], [ 8.595972298495374, 45.744018949316626 ], [ 8.596008028363546, 45.743974080886346 ], [ 8.596078990583035, 45.743938334162131 ], [ 8.59615459727422, 45.743920604420495 ], [ 8.596199873459129, 45.743889265404299 ], [ 8.596253230111545, 45.743839961515128 ], [ 8.596279314566965, 45.743795056213195 ], [ 8.596284700615072, 45.743709494262667 ], [ 8.596294734864323, 45.743655535086226 ], [ 8.59633383912249, 45.743583680707879 ], [ 8.596353484624089, 45.743534256760007 ], [ 8.596329703948577, 45.743480176308594 ], [ 8.59629313850535, 45.743435054134352 ], [ 8.596267636765784, 45.743398965499381 ], [ 8.596261632906375, 45.743349452726797 ], [ 8.596276438850483, 45.743295508610153 ], [ 8.596283195447326, 45.743255036282946 ], [ 8.596293132972402, 45.743214485187188 ], [ 8.596338367936632, 45.743174148810702 ], [ 8.596381855701752, 45.74315630633447 ], [ 8.596427066294604, 45.743133966848724 ], [ 8.59643995897863, 45.743125011632053 ], [ 8.596462754639996, 45.743080100966651 ], [ 8.596469284178632, 45.743071122371994 ], [ 8.596479254593916, 45.743026161004217 ], [ 8.596481328375525, 45.742958677055313 ], [ 8.59647213724101, 45.742895651898067 ], [ 8.596448589217593, 45.742823575273754 ], [ 8.596411982274777, 45.742769450428661 ], [ 8.596386547504055, 45.742724277588529 ], [ 8.596375603004104, 45.742683740919013 ], [ 8.596385735526434, 45.742616283636615 ], [ 8.596395961423836, 45.742535329146762 ], [ 8.596389763035727, 45.742512808957542 ], [ 8.596394791492926, 45.742476830892102 ], [ 8.596388487696787, 45.74245431123029 ], [ 8.596379001089682, 45.74243178032421 ], [ 8.596369519625537, 45.742409250335484 ], [ 8.596379388889634, 45.742377785249857 ], [ 8.59641174517831, 45.742359903435279 ], [ 8.596440675408536, 45.742346508088836 ], [ 8.596463510072645, 45.742310592012096 ], [ 8.596473287151724, 45.742292626828686 ], [ 8.596495886714308, 45.742274707829949 ], [ 8.596534503570616, 45.74227034742681 ], [ 8.596552100276321, 45.742270409565243 ], [ 8.596593810943801, 45.742293052439059 ], [ 8.59662407822125, 45.742356384224962 ], [ 8.596691906830175, 45.742367191466322 ], [ 8.596699552392112, 45.742329422473318 ], [ 8.596709297009886, 45.742315955733851 ], [ 8.596707867570435, 45.74229345509459 ], [ 8.596711274588195, 45.742261968969125 ], [ 8.596737194662659, 45.74223956306448 ], [ 8.596787077534813, 45.742230741060489 ], [ 8.596934297196761, 45.742235972418229 ], [ 8.59701908359494, 45.742132478359878 ], [ 8.597032146073751, 45.742114528316279 ], [ 8.597055004319744, 45.742060615187476 ], [ 8.597090721204113, 45.742002244320553 ], [ 8.597112024184931, 45.741943824415522 ], [ 8.597106049518244, 45.741889812298659 ], [ 8.597069540926409, 45.741822189564857 ], [ 8.597039463303684, 45.741759088979428 ], [ 8.597033353533567, 45.741709574059563 ], [ 8.597038939446819, 45.741610512509382 ], [ 8.597023086596234, 45.741574460762145 ], [ 8.596983266040528, 45.741524826033086 ], [ 8.596937217255777, 45.741457170500176 ], [ 8.59690876372615, 45.741389577026318 ], [ 8.596888302645359, 45.741331011603222 ], [ 8.596872514738784, 45.74128596020325 ], [ 8.596842308068195, 45.741240859723185 ], [ 8.596805935440953, 45.741168736997402 ], [ 8.596769301330969, 45.7411190225273 ], [ 8.596721391804884, 45.74107386043427 ], [ 8.59664802979534, 45.741001606188604 ], [ 8.59660012048011, 45.740956442244354 ], [ 8.596573138828905, 45.740920350236713 ], [ 8.59657673769015, 45.740861867905842 ], [ 8.596615839592866, 45.740790016088162 ], [ 8.596661427456921, 45.740700184732887 ], [ 8.596660355732665, 45.740628191068936 ], [ 8.596670712403144, 45.740529144559559 ], [ 8.596695353481717, 45.74044824180033 ], [ 8.596744227740897, 45.740358423807578 ], [ 8.596750859199984, 45.740335950711753 ], [ 8.596764330335077, 45.740246005949672 ], [ 8.59678916420542, 45.740138104263778 ], [ 8.596818911712919, 45.740025631321977 ], [ 8.59686798285008, 45.739911234685266 ], [ 8.596891222024826, 45.739826788729246 ], [ 8.596922005184977, 45.73974236758216 ], [ 8.596911550610486, 45.739656993576297 ], [ 8.596938433550138, 45.739499516578341 ], [ 8.596956777809105, 45.739396093228947 ], [ 8.596980022185956, 45.739288184078319 ], [ 8.596991909661277, 45.739211733030366 ], [ 8.596999108802487, 45.73909477191205 ], [ 8.596994761448167, 45.739036173313174 ], [ 8.596994858548404, 45.739022676111787 ], [ 8.596994923305598, 45.739013674677317 ], [ 8.596998455548576, 45.738964193741751 ], [ 8.596981818852923, 45.738815648570579 ], [ 8.596988640382031, 45.738766180136366 ], [ 8.59700344310609, 45.738712234971118 ], [ 8.597032734332764, 45.738662846687241 ], [ 8.597058910231452, 45.73860444484486 ], [ 8.59707192736022, 45.738577492062163 ], [ 8.597072347443117, 45.738518908473729 ], [ 8.597058290491065, 45.738469366400075 ], [ 8.597055392151651, 45.738415361496777 ], [ 8.597068803308096, 45.738347917466847 ], [ 8.597080490540767, 45.73828496413671 ], [ 8.597080715796421, 45.738253466757484 ], [ 8.597074541634283, 45.738212949646197 ], [ 8.59705389377174, 45.738181379553254 ], [ 8.597034696198149, 45.738167811599517 ], [ 8.597023491853859, 45.73816327439976 ], [ 8.597002613604769, 45.738163200758898 ], [ 8.596946296215553, 45.738167500681541 ], [ 8.596894794599852, 45.738180818331607 ], [ 8.596829066697607, 45.738167087065982 ], [ 8.596789155399183, 45.738130953065401 ], [ 8.596766847820769, 45.738108375126792 ], [ 8.596763721795163, 45.738085864883566 ], [ 8.596770509771774, 45.738040893119489 ], [ 8.596804667355917, 45.737977932708766 ], [ 8.596837235512584, 45.737915055786139 ], [ 8.596866592556806, 45.737856661605129 ], [ 8.59689591454795, 45.737802773075188 ], [ 8.596925239091947, 45.737748879145748 ], [ 8.59694023324197, 45.737667940460391 ], [ 8.596919804555341, 45.737604874736341 ], [ 8.596907176068433, 45.737577835988148 ], [ 8.596877133264572, 45.737510234152865 ], [ 8.59688710167525, 45.737465185391514 ], [ 8.59692642856173, 45.737406337624819 ], [ 8.596942268166135, 45.737384388433348 ], [ 8.596965101750213, 45.737348472221775 ], [ 8.596995006660599, 45.737308738521641 ], [ 8.596986118811753, 45.737253447870998 ], [ 8.596949239781612, 45.737217560436498 ], [ 8.596966717746312, 45.737138139930771 ], [ 8.597052342576124, 45.73708139869246 ], [ 8.597089855366798, 45.737029519161183 ], [ 8.597090159278382, 45.736987261636635 ], [ 8.597085168240522, 45.736952936715873 ], [ 8.597149407656801, 45.736966660788809 ], [ 8.597258417704454, 45.736989542517406 ], [ 8.597316194497397, 45.737003244615529 ], [ 8.597376007565092, 45.736953961099225 ], [ 8.597421369219296, 45.736895535857492 ], [ 8.597444172529322, 45.736864119823601 ], [ 8.59746361486156, 45.73682819066039 ], [ 8.597531870712839, 45.736724941209019 ], [ 8.597545993016926, 45.736643713134285 ], [ 8.597508288032159, 45.736604894117526 ], [ 8.597429127914296, 45.736568343933257 ], [ 8.597412141347155, 45.736529594283823 ], [ 8.597419789425832, 45.736425646174879 ], [ 8.597371810552609, 45.736374697479491 ], [ 8.597261954037346, 45.736284842665349 ], [ 8.597271959945116, 45.736224489988537 ], [ 8.597279949835944, 45.736183347742376 ], [ 8.597393759908638, 45.736203093295586 ], [ 8.597466256669684, 45.736205766345051 ], [ 8.597535369246208, 45.736198756103065 ], [ 8.597649407765097, 45.736187067026705 ], [ 8.597703043592425, 45.736163014131215 ], [ 8.597659781985529, 45.736135863091882 ], [ 8.597656926513697, 45.736090857300098 ], [ 8.597689554665699, 45.736018979557834 ], [ 8.597712637192449, 45.735933570644065 ], [ 8.59772133778845, 45.73584352069539 ], [ 8.597721724205513, 45.735789525549606 ], [ 8.597725355080581, 45.735726545559267 ], [ 8.5977176949034, 45.735686022332601 ], [ 8.597674592612151, 45.735636378037903 ], [ 8.597665270742965, 45.735591351271772 ], [ 8.597681702659106, 45.735546410694184 ], [ 8.597710960618485, 45.735501517976076 ], [ 8.597677579079408, 45.735456406491842 ], [ 8.597652241596311, 45.735397822172786 ], [ 8.597668610743101, 45.735361794835619 ], [ 8.597683572146229, 45.735285353587997 ], [ 8.597677397860268, 45.735244836487809 ], [ 8.59770984268688, 45.735213453442647 ], [ 8.597759808861028, 45.735177633491404 ], [ 8.59779075208251, 45.735119250030181 ], [ 8.597787926301208, 45.735069742153556 ], [ 8.597781983984442, 45.735011228836328 ], [ 8.597790321163931, 45.734957262572422 ], [ 8.597823088730868, 45.734880886684188 ], [ 8.597845912853217, 45.734831382686359 ], [ 8.597878480573497, 45.734768503631088 ], [ 8.597891692721047, 45.734714555415394 ], [ 8.597888865563831, 45.73466505023314 ], [ 8.597825246918473, 45.734579333398301 ], [ 8.597799717128975, 45.734547749835471 ], [ 8.597793542836625, 45.73450723273632 ], [ 8.597824711772768, 45.734417347358651 ], [ 8.597878132307867, 45.73437254234053 ], [ 8.597916700250009, 45.734359178722663 ], [ 8.597961844940379, 45.734345840934886 ], [ 8.59798596485823, 45.734336924136862 ], [ 8.598008662060451, 45.734305416695328 ], [ 8.597997652118005, 45.734273881561506 ], [ 8.597959169993999, 45.734260250398691 ], [ 8.597912770764774, 45.734242086474957 ], [ 8.597906433692703, 45.734224065332327 ], [ 8.59792919096847, 45.734183649154858 ], [ 8.597961604003162, 45.734156769906157 ], [ 8.598021257211762, 45.73412997929114 ], [ 8.598063305056755, 45.734089632755747 ], [ 8.598111551019281, 45.734071804533016 ], [ 8.598164521813644, 45.734089987889234 ], [ 8.598230213020937, 45.734108215953107 ], [ 8.598271842601239, 45.734126360277365 ], [ 8.598305585988198, 45.734135479689797 ], [ 8.598318444029198, 45.734131024510873 ], [ 8.598344216890526, 45.734113117178126 ], [ 8.598344474923785, 45.734077123103802 ], [ 8.598320836488661, 45.734018544891896 ], [ 8.598324275600456, 45.733982560200616 ], [ 8.598343817893266, 45.733946631221194 ], [ 8.598382943625992, 45.733870277511222 ], [ 8.598428399736708, 45.733798354614571 ], [ 8.598470645314993, 45.733744509265549 ], [ 8.598499602848529, 45.73372661218869 ], [ 8.59856077942573, 45.733708830114807 ], [ 8.598597769412386, 45.733708960077784 ], [ 8.598750356252305, 45.73371399284482 ], [ 8.598825890031888, 45.733718758477508 ], [ 8.598891449609457, 45.733754983642029 ], [ 8.598907526932281, 45.733759542269745 ], [ 8.598973121385161, 45.733791268024156 ], [ 8.599048556771667, 45.733809620728024 ], [ 8.599114278843054, 45.733823349807473 ], [ 8.599202669417989, 45.733823659916432 ], [ 8.599291094730674, 45.733819472393598 ], [ 8.599368081027929, 45.733828740447251 ], [ 8.599443582876802, 45.733838001444553 ], [ 8.599512547862625, 45.733842744493494 ], [ 8.599581586122989, 45.733851983642651 ], [ 8.599655522618033, 45.733843245572679 ], [ 8.599718522185487, 45.733807378617577 ], [ 8.599770085955699, 45.733785061832165 ], [ 8.599845578811289, 45.733780825876281 ], [ 8.599911470697004, 45.733785556121092 ], [ 8.599975632623487, 45.73379478065641 ], [ 8.600034962632934, 45.733813076319002 ], [ 8.600087796306733, 45.733835757789628 ], [ 8.600037596365953, 45.733889577690142 ], [ 8.600136967297557, 45.733925921397137 ], [ 8.600175674462077, 45.733908058917798 ], [ 8.600286150392328, 45.733962441097454 ], [ 8.600607553768841, 45.734179540371073 ], [ 8.60063950993394, 45.734202151301638 ], [ 8.600702083874147, 45.734211367177259 ], [ 8.600815961258149, 45.734234261633695 ], [ 8.600907472038442, 45.734243580295242 ], [ 8.601002265448225, 45.734252911247395 ], [ 8.601090519306434, 45.734257717103034 ], [ 8.601130656120302, 45.734262358518109 ], [ 8.601162738089339, 45.734266971801098 ], [ 8.601251034631884, 45.734280774851634 ], [ 8.601414920642929, 45.734276847223789 ], [ 8.601475968899157, 45.734277060182983 ], [ 8.601551602232153, 45.734268327705365 ], [ 8.601646481069102, 45.734250659710618 ], [ 8.601701201737804, 45.734246348302158 ], [ 8.60173494018618, 45.734241966429003 ], [ 8.601853312006847, 45.734318871138058 ], [ 8.60191097664257, 45.734332572328519 ], [ 8.601954270291952, 45.734355307900586 ], [ 8.601982816631383, 45.734395905414729 ], [ 8.60198578087593, 45.734440914190323 ], [ 8.601796140837696, 45.734773577096249 ], [ 8.601401730550517, 45.735135583526322 ], [ 8.601482623353785, 45.735221537729949 ], [ 8.601495244330742, 45.735354859732361 ], [ 8.601384176749626, 45.735697064921595 ], [ 8.601518571956003, 45.735906941997243 ], [ 8.601436017053368, 45.736039843795396 ], [ 8.601461700669651, 45.736258881551485 ], [ 8.601365239776339, 45.736439334437485 ], [ 8.601445570850403, 45.736620404088214 ], [ 8.601376344924242, 45.736801046482583 ], [ 8.601402129417721, 45.736991466639743 ], [ 8.601346472959046, 45.737172062736015 ], [ 8.601481002725846, 45.737362954056358 ], [ 8.601670720427984, 45.737439746816783 ], [ 8.601818723483133, 45.737659118118771 ], [ 8.602421971446674, 45.737669946944571 ], [ 8.602647824026825, 45.737703401822408 ], [ 8.602974972852913, 45.737501339656816 ], [ 8.603151932510247, 45.737463888414631 ], [ 8.603329629134141, 45.737321776758449 ], [ 8.603426152785866, 45.737131781648856 ], [ 8.603563309271786, 45.736951376451707 ], [ 8.60273823816385, 45.736548773087783 ], [ 8.602891017703454, 45.735102791732714 ], [ 8.603036975657519, 45.735056592158529 ], [ 8.603213752270157, 45.735043707768668 ], [ 8.603271621546925, 45.735043908727889 ], [ 8.603343905446518, 45.73504415970276 ], [ 8.603372842656119, 45.735044260161999 ], [ 8.603416219910494, 45.735039911253601 ], [ 8.603451589037826, 45.735044533503064 ], [ 8.603464316938961, 45.735058074331484 ], [ 8.603441530138019, 45.735102993686816 ], [ 8.603438182509278, 45.735111980136061 ], [ 8.603497578089751, 45.735121185247138 ], [ 8.603576296613449, 45.735125956089718 ], [ 8.603643871949551, 45.735117193368801 ], [ 8.603684042721566, 45.735117332719341 ], [ 8.603738563217247, 45.735126518994292 ], [ 8.603772202711514, 45.735135636429973 ], [ 8.603826796824878, 45.735149321502298 ], [ 8.603836409901721, 45.735153855219863 ], [ 8.603863520749973, 45.735171947159103 ], [ 8.603879506036202, 45.73519000141939 ], [ 8.603814484052361, 45.735302266670963 ], [ 8.603772406319333, 45.735347113794312 ], [ 8.603691464205275, 45.735432417764102 ], [ 8.603621917850989, 45.735495169283297 ], [ 8.603579842388989, 45.735540016342163 ], [ 8.60356029259639, 45.735575947080783 ], [ 8.603566591222574, 45.735584966103708 ], [ 8.603635727801645, 45.735580705589157 ], [ 8.603688719887819, 45.735580888516886 ], [ 8.60374634025597, 45.735617087843941 ], [ 8.603815028829178, 45.735675821141918 ], [ 8.603898073885835, 45.735743600438809 ], [ 8.603952541370525, 45.735775286546001 ], [ 8.604011642831512, 45.735811485471586 ], [ 8.604061298835141, 45.735834155882763 ], [ 8.604137027995632, 45.735811919976207 ], [ 8.604182410259453, 45.735749083535033 ], [ 8.604218284604281, 45.735681715555401 ], [ 8.60426684781104, 45.735618890998445 ], [ 8.604347758172889, 45.735538179605904 ], [ 8.604425391878278, 45.735470952562153 ], [ 8.604494909386391, 45.735412701738149 ], [ 8.604510978857132, 45.73540375569597 ], [ 8.604562603785185, 45.735372347989681 ], [ 8.604591696098764, 45.735349949456285 ], [ 8.604699982169034, 45.735264835766174 ], [ 8.604729043900889, 45.735246938375944 ], [ 8.604748335024906, 45.735247004214408 ], [ 8.604785281573774, 45.735238132155118 ], [ 8.604826978880379, 45.73524727625275 ], [ 8.604886341820963, 45.735260980012853 ], [ 8.604950612966244, 45.735270200328998 ], [ 8.605019642364216, 45.735265940406371 ], [ 8.605080912465475, 45.735234653116429 ], [ 8.605137543414434, 45.735185355423759 ], [ 8.605182762934808, 45.735145016337647 ], [ 8.605221469353308, 45.735127151250111 ], [ 8.605287647304099, 45.735091383122509 ], [ 8.605300534129233, 45.735082429573872 ], [ 8.605307028325436, 45.735077950724246 ], [ 8.605307250203694, 45.735046455100388 ], [ 8.605305882180531, 45.735014952183747 ], [ 8.605384873014041, 45.734965732508634 ], [ 8.605446079199352, 45.734943445569549 ], [ 8.605531582048153, 45.734903243649157 ], [ 8.605607231122645, 45.734876419696285 ], [ 8.605713515799657, 45.734849786928592 ], [ 8.605750398606967, 45.734849914205753 ], [ 8.605874400282453, 45.73480534718491 ], [ 8.605919791510283, 45.734756009427734 ], [ 8.605958879739308, 45.734684149790752 ], [ 8.606030294549868, 45.734580907921362 ], [ 8.606082332348004, 45.7344910958535 ], [ 8.606085762626311, 45.734455114502211 ], [ 8.606062050113634, 45.734405533011227 ], [ 8.60603342959652, 45.73436044037652 ], [ 8.606022386699037, 45.734333313580478 ], [ 8.606025881567424, 45.73428833348288 ], [ 8.606045296353491, 45.734270399788876 ], [ 8.60608071800057, 45.734252523081331 ], [ 8.606127570668802, 45.734221190015795 ], [ 8.606130940249349, 45.734194202021804 ], [ 8.60613281223597, 45.734153713109976 ], [ 8.606145933193769, 45.734126761431398 ], [ 8.606181543173594, 45.734081890231018 ], [ 8.606221837134495, 45.734064031173588 ], [ 8.606241129133608, 45.734064097663151 ], [ 8.606263469295918, 45.734082171694439 ], [ 8.606277612230606, 45.734136213353842 ], [ 8.606319305097056, 45.73414535869351 ], [ 8.606365897983043, 45.734136517559492 ], [ 8.606401515785425, 45.734105145672935 ], [ 8.606424239145406, 45.73406922717173 ], [ 8.606463103725345, 45.734028864779553 ], [ 8.606514758563842, 45.733993044109319 ], [ 8.606534204656576, 45.733970615454382 ], [ 8.606563578521241, 45.733907722016319 ], [ 8.606589477603899, 45.733871814416865 ], [ 8.606697695256882, 45.733795605739424 ], [ 8.606720290687329, 45.733777684678437 ], [ 8.606749349723742, 45.733759785860521 ], [ 8.606804435182784, 45.733687983682806 ], [ 8.606853100437371, 45.733625157456473 ], [ 8.606904975616116, 45.733557841867238 ], [ 8.606945426775738, 45.733517487466486 ], [ 8.606993964211961, 45.733472656880714 ], [ 8.607010199937923, 45.73345471388506 ], [ 8.607042629065914, 45.733409830569975 ], [ 8.607045964022229, 45.733387342811845 ], [ 8.607036477198024, 45.733364813654724 ], [ 8.606996497009751, 45.73333768102443 ], [ 8.606958014640792, 45.733324047489397 ], [ 8.606892229339387, 45.733319323475087 ], [ 8.606842480968016, 45.733310153323508 ], [ 8.606807206730286, 45.733291942183826 ], [ 8.606797689740791, 45.733273910588252 ], [ 8.606793139865472, 45.733242402129768 ], [ 8.606777127765929, 45.733228845864367 ], [ 8.606745138079257, 45.733210736917471 ], [ 8.606724416979334, 45.73318816906491 ], [ 8.606740810600357, 45.73314773012109 ], [ 8.606760632704562, 45.733071304387877 ], [ 8.606704890922067, 45.732994620358419 ], [ 8.606677893331078, 45.7329450330746 ], [ 8.606687978745521, 45.732882074089765 ], [ 8.606710929276145, 45.732828159261821 ], [ 8.606690432622306, 45.732774004863579 ], [ 8.606624950705354, 45.732710784818991 ], [ 8.606521126666431, 45.732629437449361 ], [ 8.60643822662038, 45.732525661030714 ], [ 8.606382468613742, 45.73246697742632 ], [ 8.606278674454803, 45.732381125948905 ], [ 8.606134730383546, 45.732277140726794 ], [ 8.606003628442636, 45.732186607159946 ], [ 8.605888665723256, 45.732091722335717 ], [ 8.605774016109974, 45.731951841806762 ], [ 8.605737627509624, 45.731866222392483 ], [ 8.605712346487758, 45.731798643746515 ], [ 8.605682266971804, 45.731735548020168 ], [ 8.605661737483524, 45.731685891000339 ], [ 8.605633339059578, 45.731609300800798 ], [ 8.605616189044472, 45.73154624788318 ], [ 8.605607051473147, 45.731474223646856 ], [ 8.605602459097785, 45.731433712409512 ], [ 8.605596446936227, 45.731384196395993 ], [ 8.605534212130008, 45.731311987044897 ], [ 8.605478484108263, 45.731248801802536 ], [ 8.605426063175461, 45.731167541796324 ], [ 8.605386370538817, 45.731099909697498 ], [ 8.605356291772985, 45.731036812079928 ], [ 8.605337667605429, 45.730942256709078 ], [ 8.60530000613346, 45.730811642366902 ], [ 8.605265189935048, 45.730744028868124 ], [ 8.605247682929754, 45.730716968754166 ], [ 8.605223674526037, 45.730694389261274 ], [ 8.605215755984579, 45.730689862412149 ], [ 8.605156210136588, 45.730703156006136 ], [ 8.605061293874396, 45.730711826920427 ], [ 8.605019602456816, 45.730702684721031 ], [ 8.604969983613225, 45.730675513545854 ], [ 8.604944523272426, 45.730648342178647 ], [ 8.604930258176525, 45.730612296049749 ], [ 8.604927426279843, 45.730562789190571 ], [ 8.60491482722934, 45.730531249208212 ], [ 8.604862120324908, 45.730490571543143 ], [ 8.604836461506363, 45.730476984335851 ], [ 8.604802948980986, 45.730449870593048 ], [ 8.604769492340921, 45.730400260493667 ], [ 8.60474730894388, 45.730359690160519 ], [ 8.604717042154306, 45.7303235868442 ], [ 8.604675538984967, 45.730287445541066 ], [ 8.604651701135547, 45.730255870240335 ], [ 8.604642279318675, 45.730224337620101 ], [ 8.604632952711121, 45.730179312264291 ], [ 8.604596187915137, 45.730147596808834 ], [ 8.604549883871641, 45.730115939232228 ], [ 8.604530816790833, 45.730084377717631 ], [ 8.604531069547932, 45.730048380886124 ], [ 8.604569794258268, 45.730012518114023 ], [ 8.604645545775906, 45.72998578513829 ], [ 8.604713149085784, 45.729972517886154 ], [ 8.604779119371848, 45.729950248668523 ], [ 8.604866170524405, 45.729914552056414 ], [ 8.604899935255585, 45.729905672548469 ], [ 8.6049448690334, 45.729905827927539 ], [ 8.604988194124468, 45.729923976580757 ], [ 8.605275678070578, 45.729929466948661 ], [ 8.60528760910141, 45.729830516722728 ], [ 8.605088431175954, 45.729820832160392 ], [ 8.605003428207132, 45.729807038950206 ], [ 8.604955175308405, 45.729811370706166 ], [ 8.604882995877979, 45.729797624445411 ], [ 8.604826984533798, 45.72977493148489 ], [ 8.604757982141026, 45.729761196133722 ], [ 8.604640697750046, 45.729756289951723 ], [ 8.604579559153567, 45.729769575935428 ], [ 8.604484560502083, 45.729805244817754 ], [ 8.604452419849917, 45.729809632137453 ], [ 8.604356326909722, 45.729759806843106 ], [ 8.604350033970739, 45.729750784273818 ], [ 8.604337229593341, 45.729732741977799 ], [ 8.604334430009905, 45.729678738419771 ], [ 8.604346010620855, 45.729629282349215 ], [ 8.604365713403153, 45.729570767218078 ], [ 8.6043949590045, 45.729525873600004 ], [ 8.604438494578176, 45.729499025604412 ], [ 8.604467521625834, 45.729485628531876 ], [ 8.604496678259487, 45.729454233045395 ], [ 8.604509656608071, 45.729431780527761 ], [ 8.604503509774347, 45.729386761661665 ], [ 8.60447031561784, 45.729314656729777 ], [ 8.604477001049499, 45.729283179851457 ], [ 8.604506188035014, 45.72924728587769 ], [ 8.604522283601817, 45.72923384402629 ], [ 8.604588074026527, 45.729252069694084 ], [ 8.60462658736459, 45.729261201055586 ], [ 8.604678174163626, 45.729234383529089 ], [ 8.604710664906834, 45.729180498477831 ], [ 8.604694872750263, 45.729135451649121 ], [ 8.604667751823731, 45.7291038595855 ], [ 8.604618620216577, 45.72902260965936 ], [ 8.604596365142324, 45.728977535949518 ], [ 8.604577266694994, 45.728950470216624 ], [ 8.60454067353453, 45.728909849060038 ], [ 8.604526500517427, 45.728860307420931 ], [ 8.60452669105266, 45.728833308444763 ], [ 8.604570332678488, 45.728806462563028 ], [ 8.604644227453891, 45.728802218802798 ], [ 8.604681276424371, 45.728793348022336 ], [ 8.604716728058705, 45.728770971435409 ], [ 8.604742699547806, 45.728739567562656 ], [ 8.604746131632401, 45.72870358082109 ], [ 8.604731975103721, 45.728667535030652 ], [ 8.604719485647735, 45.728604498969425 ], [ 8.60473603866318, 45.728541473377177 ], [ 8.604801017846416, 45.728433707711488 ], [ 8.60483350926844, 45.72837982532041 ], [ 8.604872494040064, 45.728321468586977 ], [ 8.604908431343837, 45.728245098842073 ], [ 8.604920075857054, 45.728186645742667 ], [ 8.604923473501177, 45.728155158362995 ], [ 8.604926810240391, 45.72813267425245 ], [ 8.60494014982112, 45.728074225211117 ], [ 8.604962933142067, 45.728029218182705 ], [ 8.604992181308615, 45.727984324408716 ], [ 8.605011719779924, 45.727948395138917 ], [ 8.605024734428319, 45.727921442292399 ], [ 8.605010405239705, 45.727894396714746 ], [ 8.604959261296695, 45.727858223968795 ], [ 8.604909770570897, 45.727813057936586 ], [ 8.604882787248908, 45.72777696870255 ], [ 8.60489907521354, 45.727736528719312 ], [ 8.604939428459527, 45.727709668619546 ], [ 8.604961999206246, 45.727709746662796 ], [ 8.605006932508838, 45.727709902016151 ], [ 8.605050212680208, 45.727719051517546 ], [ 8.605092029995756, 45.727710196185576 ], [ 8.605114759270499, 45.727687776395818 ], [ 8.605124529699705, 45.727669812204155 ], [ 8.60512471992624, 45.727642815020495 ], [ 8.605118412955221, 45.727620296671347 ], [ 8.605115390769905, 45.727597790574983 ], [ 8.605131615127579, 45.727566346617763 ], [ 8.60515427191439, 45.727539429779064 ], [ 8.605186712566804, 45.727507954547463 ], [ 8.60521897734526, 45.727485568587255 ], [ 8.6052607931813, 45.727476712287995 ], [ 8.605310698400791, 45.727463388029015 ], [ 8.6053494576988, 45.727436522276797 ], [ 8.605372052247025, 45.727418604160022 ], [ 8.605391624527432, 45.72737817544818 ], [ 8.605378980055404, 45.727337635461566 ], [ 8.605336145006509, 45.727265495655431 ], [ 8.605302726644018, 45.727224883897506 ], [ 8.605283691813849, 45.727188821313248 ], [ 8.605296802504888, 45.727148370292298 ], [ 8.605342061257433, 45.727117029304125 ], [ 8.605406595353287, 45.727072257299504 ], [ 8.605450033488509, 45.727058908842878 ], [ 8.605495260410269, 45.727032067174299 ], [ 8.605593559092082, 45.726978320856588 ], [ 8.60568069878318, 45.726929126339655 ], [ 8.605820729804924, 45.726893614521188 ], [ 8.60601030160827, 45.726880769034025 ], [ 8.606238585507308, 45.726863557167256 ], [ 8.606447507250193, 45.726841779559997 ], [ 8.606669392483383, 45.726815545809565 ], [ 8.606855918853869, 45.726798188043794 ], [ 8.607029523309484, 45.726780789129243 ], [ 8.607215979461156, 45.726758931943259 ], [ 8.607343032539671, 45.726745868394694 ], [ 8.607457084038707, 45.726741761716909 ], [ 8.607580882500534, 45.726724188130802 ], [ 8.607704611475961, 45.726715612253614 ], [ 8.607852598736331, 45.726693622834702 ], [ 8.607920231364783, 45.726675855187764 ], [ 8.607933052879705, 45.726675899186993 ], [ 8.607952368680538, 45.726671465078788 ], [ 8.608090576724699, 45.726653942185187 ], [ 8.608195131661596, 45.726645302703815 ], [ 8.608318737153908, 45.726654724601786 ], [ 8.608469650628644, 45.726668738542344 ], [ 8.608615693585016, 45.726682740999429 ], [ 8.608779555666173, 45.726678799123363 ], [ 8.608877516992417, 45.726688135303128 ], [ 8.608978689126783, 45.72669297929658 ], [ 8.609083074578397, 45.726693336504319 ], [ 8.609174663456399, 45.726689151252735 ], [ 8.609266284994922, 45.726680463848282 ], [ 8.609354698351169, 45.726676265792051 ], [ 8.609399765016466, 45.726671920382991 ], [ 8.609435057920392, 45.726672041036146 ], [ 8.609475093386729, 45.726690177652813 ], [ 8.609503868277708, 45.726712771659365 ], [ 8.609530989498593, 45.726744363488997 ], [ 8.609562693019713, 45.726802965215988 ], [ 8.609570607518132, 45.726807490853048 ], [ 8.60962211217733, 45.726807666847407 ], [ 8.609644641164856, 45.726798743941281 ], [ 8.609680086984028, 45.726776366687112 ], [ 8.609726966571767, 45.726740530906817 ], [ 8.609759196479642, 45.726722643933599 ], [ 8.609791307494378, 45.726722752708412 ], [ 8.609825049613711, 45.726731868726446 ], [ 8.609856972711988, 45.726758971985845 ], [ 8.609880712881115, 45.726804050658941 ], [ 8.609903023873617, 45.726826624293039 ], [ 8.609952646880796, 45.726853791558277 ], [ 8.610020116078834, 45.726858518664528 ], [ 8.610095727913718, 45.726836281975501 ], [ 8.610177860001439, 45.726805063101402 ], [ 8.610264838972666, 45.726778361992878 ], [ 8.610398433935684, 45.7267383222174 ], [ 8.610503095790071, 45.726698182752578 ], [ 8.610627089812464, 45.726667108059736 ], [ 8.610747598523957, 45.726649523430829 ], [ 8.610836195353635, 45.726618325207532 ], [ 8.61098916880869, 45.726564851372835 ], [ 8.611146891491416, 45.726529392360916 ], [ 8.611315648072637, 45.726507469142057 ], [ 8.61141679018789, 45.726516811265576 ], [ 8.61148575904592, 45.726535043780295 ], [ 8.611561223212517, 45.726548798845691 ], [ 8.611620477111874, 45.726562496957946 ], [ 8.611700770147669, 45.726567270264141 ], [ 8.611810025948191, 45.726567641532817 ], [ 8.6119176609, 45.726572509382585 ], [ 8.612018838240433, 45.726577351601719 ], [ 8.612116721885414, 45.726582180749048 ], [ 8.612217799425498, 45.726600522726052 ], [ 8.612293265135671, 45.726614279113079 ], [ 8.612344538486006, 45.726632450158711 ], [ 8.612407012571621, 45.726655161370914 ], [ 8.612488618071831, 45.72670043219324 ], [ 8.612541263502346, 45.72675010333954 ], [ 8.612568232231638, 45.726804189584172 ], [ 8.612636797511591, 45.726880916113885 ], [ 8.61271519563179, 45.726930675388644 ], [ 8.612780755030807, 45.726966894425438 ], [ 8.612859153393018, 45.727016654501526 ], [ 8.612947069200446, 45.727084535636259 ], [ 8.613021965624444, 45.727165781069253 ], [ 8.61307442299322, 45.72724245007128 ], [ 8.613107732388464, 45.727314555618378 ], [ 8.613131575021697, 45.727346134587108 ], [ 8.613241833359924, 45.727431999096304 ], [ 8.613268926014749, 45.727468085827439 ], [ 8.613327910279212, 45.727535778721474 ], [ 8.613399816634155, 45.727590105947634 ], [ 8.613458986117289, 45.727630800658645 ], [ 8.613514844983854, 45.727675986330006 ], [ 8.61358677562124, 45.7277257258216 ], [ 8.613641243440492, 45.727757404655449 ], [ 8.613740535473161, 45.727789238613063 ], [ 8.613825522806694, 45.727821021434444 ], [ 8.613904047286111, 45.727852783252445 ], [ 8.613988739602425, 45.7279115645945 ], [ 8.614057405011359, 45.72797478942492 ], [ 8.614122781903269, 45.728038003106661 ], [ 8.614181957512784, 45.728078699260728 ], [ 8.614257236694412, 45.728119539762567 ], [ 8.614341994294692, 45.72816932028087 ], [ 8.614430007201019, 45.728223611211298 ], [ 8.614463368313636, 45.728273218177073 ], [ 8.614519116078123, 45.728349899403817 ], [ 8.614531752299085, 45.72837693807417 ], [ 8.614537925498755, 45.728403958538514 ], [ 8.614258577740001, 45.728619082132127 ], [ 8.614367219598837, 45.728709440467107 ], [ 8.614610664748891, 45.728584185298679 ], [ 8.614613873872344, 45.72857969663422 ], [ 8.614667046334029, 45.728552876343393 ], [ 8.614689649668037, 45.728548453085345 ], [ 8.614712116681542, 45.728548528852464 ], [ 8.614758425191313, 45.728580184133598 ], [ 8.614820730176531, 45.728643474358464 ], [ 8.614898594404389, 45.728756228568322 ], [ 8.614970344747627, 45.728832962605985 ], [ 8.615066257584035, 45.728909776207558 ], [ 8.61516999966215, 45.729004614954768 ], [ 8.615229143587911, 45.729049809941507 ], [ 8.615281948077799, 45.729076985595086 ], [ 8.61537008684884, 45.729113278260613 ], [ 8.615458223813015, 45.729149663559809 ], [ 8.615523849346653, 45.729176878652368 ], [ 8.615580002001332, 45.729195066456974 ], [ 8.61562484139524, 45.729208715784608 ], [ 8.615737036359011, 45.729245089095407 ], [ 8.615860480542638, 45.729294999485006 ], [ 8.61590373161671, 45.729308643362621 ], [ 8.615978973183815, 45.729340392709041 ], [ 8.616027009052049, 45.729367551088401 ], [ 8.61609897620653, 45.729412788716907 ], [ 8.616145482787067, 45.729430943830309 ], [ 8.616201529242597, 45.729449129171606 ], [ 8.61622084791367, 45.729444695477369 ], [ 8.616253113286481, 45.729422305511044 ], [ 8.616282196550179, 45.729399904848378 ], [ 8.616314398967683, 45.729386514530574 ], [ 8.616348207952722, 45.729386628064461 ], [ 8.616380225537617, 45.729400234039389 ], [ 8.616405655522025, 45.729431816742633 ], [ 8.616439340062115, 45.729449927786192 ], [ 8.616495386614414, 45.729468115683822 ], [ 8.616549915494671, 45.729490794348607 ], [ 8.616605869779432, 45.72952247944783 ], [ 8.616668380909889, 45.729540685352987 ], [ 8.616753369979129, 45.729572468692048 ], [ 8.616809323194122, 45.729604150987306 ], [ 8.616854242972538, 45.72962230048951 ], [ 8.616916814503421, 45.729631511084357 ], [ 8.616971392089171, 45.729631694068445 ], [ 8.617043517958615, 45.729654432389445 ], [ 8.617099665845512, 45.729672707637128 ], [ 8.617175030243803, 45.729686459551729 ], [ 8.617244158560997, 45.729682190771385 ], [ 8.617282735743146, 45.729682319102473 ], [ 8.617327700121391, 45.729677972025641 ], [ 8.61741302960224, 45.729660168932689 ], [ 8.617488637200617, 45.729637924647243 ], [ 8.617556420045718, 45.729597655265572 ], [ 8.617617710232238, 45.729561863602257 ], [ 8.617690170077628, 45.729535109159492 ], [ 8.618129775572832, 45.729379093622285 ], [ 8.618166821539898, 45.729370217559719 ], [ 8.618231012140166, 45.729374932457453 ], [ 8.618303335515492, 45.729384173078252 ], [ 8.618337035267434, 45.729384285658661 ], [ 8.618372447354654, 45.729366404193982 ], [ 8.618477155147398, 45.729335257473679 ], [ 8.618522060474792, 45.729339907806668 ], [ 8.618574956161765, 45.729353581974969 ], [ 8.618616648802265, 45.729362721934031 ], [ 8.618666462010061, 45.729362888204385 ], [ 8.619247388227825, 45.729229834699346 ], [ 8.619500413034608, 45.728861624145608 ], [ 8.61944108249174, 45.728843431282115 ], [ 8.619470409892225, 45.728785034706334 ], [ 8.61954594145163, 45.728789786637755 ], [ 8.619623592342361, 45.728700050902951 ], [ 8.619588487791889, 45.728672938889666 ], [ 8.619633970981836, 45.72859200950731 ], [ 8.619725470646436, 45.728601312169104 ], [ 8.619871344461636, 45.728421816228646 ], [ 8.619877915744215, 45.728390339865967 ], [ 8.619863870339843, 45.728336299262097 ], [ 8.61983218442157, 45.728273199180123 ], [ 8.619821152113465, 45.728228166674789 ], [ 8.619828069090371, 45.728160699147956 ], [ 8.619847632499619, 45.72812026883701 ], [ 8.6198671023784, 45.728093243972154 ], [ 8.619876931761295, 45.728066280637776 ], [ 8.619877023325568, 45.728052781573325 ], [ 8.619870676013326, 45.728034761596419 ], [ 8.619821114601617, 45.727998599871086 ], [ 8.61975557610344, 45.727957884561484 ], [ 8.619677142298602, 45.727912630399118 ], [ 8.61961811811867, 45.727849441045812 ], [ 8.61953674826368, 45.727768177491626 ], [ 8.619780103856392, 45.727747388446218 ], [ 8.620196619597522, 45.727727714691653 ], [ 8.620914745782139, 45.727660355336397 ], [ 8.621319722440195, 45.727811264285918 ], [ 8.621610340950966, 45.72802703256086 ], [ 8.622224495651484, 45.729033724642882 ], [ 8.623695683253342, 45.728370571608501 ], [ 8.624154963100983, 45.728041545975806 ], [ 8.624571153185313, 45.727547243183402 ], [ 8.62545024291161, 45.726176505748583 ], [ 8.625890682216861, 45.725490055858394 ], [ 8.626236231764757, 45.724952231583579 ], [ 8.626532466178773, 45.724482635686904 ], [ 8.626477941291208, 45.724411273833191 ], [ 8.626510335007675, 45.724384385478878 ], [ 8.62650734896572, 45.724339378092189 ], [ 8.626424144611255, 45.724294111137773 ], [ 8.626350497301386, 45.724262374756137 ], [ 8.626257592721856, 45.724226073140642 ], [ 8.626212702904201, 45.724203428823749 ], [ 8.626160136466355, 45.724140262136736 ], [ 8.626150702233396, 45.724108734817925 ], [ 8.626117217001902, 45.72407712969482 ], [ 8.626077412967019, 45.724023004617685 ], [ 8.626077593070999, 45.723996008250452 ], [ 8.626122794927648, 45.72395565894309 ], [ 8.626182329965435, 45.723942356172358 ], [ 8.626214677522549, 45.723906376054849 ], [ 8.626221410090253, 45.723865899944855 ], [ 8.626200774571419, 45.723829838289781 ], [ 8.626159322300992, 45.723784705932083 ], [ 8.626182057518973, 45.72374428398475 ], [ 8.626243243208073, 45.723721987596569 ], [ 8.626278620471286, 45.723708604843772 ], [ 8.626386311291773, 45.723704455761812 ], [ 8.626445849855799, 45.723691152864774 ], [ 8.626494124601281, 45.723682309006698 ], [ 8.626569810480319, 45.723646561366799 ], [ 8.626615100318649, 45.72359271637081 ], [ 8.626667136449541, 45.723511893741914 ], [ 8.626692901818698, 45.723493979058418 ], [ 8.626752498721222, 45.72347167810544 ], [ 8.626816771945082, 45.723462884574907 ], [ 8.626860247682943, 45.723458528880116 ], [ 8.626967861258551, 45.723449881304539 ], [ 8.627035482681041, 45.723432104096773 ], [ 8.62709173370674, 45.723418786530274 ], [ 8.6271400380366, 45.723405444802374 ], [ 8.627149679655226, 45.72340547626748 ], [ 8.62722544593101, 45.723374137939409 ], [ 8.627289777494129, 45.723356349846838 ], [ 8.627346032203247, 45.723343037567467 ], [ 8.627391152118946, 45.72332968174625 ], [ 8.62741517931469, 45.723334260497296 ], [ 8.628312657148086, 45.72340926293883 ], [ 8.629495112024456, 45.723368019596734 ], [ 8.629507771223874, 45.723408643395182 ], [ 8.629586427138783, 45.723404399839268 ], [ 8.629661922638535, 45.723413641764331 ], [ 8.629779062304596, 45.723423021291545 ], [ 8.629873870820406, 45.723427827063894 ], [ 8.629974891750777, 45.723455152143892 ], [ 8.630079122954939, 45.723477986235352 ], [ 8.630204283913962, 45.723491888990367 ], [ 8.630347396191482, 45.723483356724685 ], [ 8.630506524308384, 45.723456871803613 ], [ 8.630641670829894, 45.723434809527426 ], [ 8.630721945934306, 45.723426070931176 ], [ 8.630797620755263, 45.723408317526342 ], [ 8.630873126356684, 45.723399470703001 ], [ 8.630980845887294, 45.723390818789753 ], [ 8.631078836182114, 45.72339563743926 ], [ 8.631173570283645, 45.72339594329965 ], [ 8.631277798722703, 45.723418864496495 ], [ 8.631325897457781, 45.723437018587866 ], [ 8.631391688617935, 45.723455228841189 ], [ 8.631479897345692, 45.723464513280959 ], [ 8.631561779884898, 45.723469277758895 ], [ 8.63161149922869, 45.723482933862556 ], [ 8.631662831302357, 45.72349210015112 ], [ 8.631754383819555, 45.72349239527265 ], [ 8.631868601841107, 45.723479262174472 ], [ 8.632071141646049, 45.723457417137119 ], [ 8.632083994553479, 45.72345296083423 ], [ 8.632217387736457, 45.723439889134248 ], [ 8.632352339626514, 45.723431325387715 ], [ 8.632495347386635, 45.723422784694613 ], [ 8.632684953142489, 45.723418894936763 ], [ 8.632897017451439, 45.723415077028498 ], [ 8.63312193901678, 45.723406708712723 ], [ 8.633250505455388, 45.72340262469374 ], [ 8.633390246835814, 45.723407569974675 ], [ 8.633554007666394, 45.723417185227795 ], [ 8.633615014922556, 45.723421878577305 ], [ 8.633700103611654, 45.723422151411043 ], [ 8.633908936350384, 45.723427319349959 ], [ 8.633912436808316, 45.723377747033695 ], [ 8.633991170932706, 45.723377999288985 ], [ 8.633997310889205, 45.723427602491022 ], [ 8.634079281717028, 45.723418867868148 ], [ 8.634108367456241, 45.723378374673004 ], [ 8.63415354965904, 45.723356020994849 ], [ 8.634270923583177, 45.723329398920846 ], [ 8.63435611751094, 45.723329671602912 ], [ 8.634471641450581, 45.723343541541205 ], [ 8.634563108329331, 45.723357330817457 ], [ 8.634670652560805, 45.723375670923637 ], [ 8.634746043472976, 45.723384914555076 ], [ 8.634807050797804, 45.723389607268309 ], [ 8.634908275385273, 45.723385433084907 ], [ 8.635006295352619, 45.723385745367146 ], [ 8.635088178103979, 45.723390505518267 ], [ 8.63515724007069, 45.723395223770247 ], [ 8.635222955053173, 45.723408933881004 ], [ 8.635277546216328, 45.723422696651795 ], [ 8.635340054108644, 45.723440893250029 ], [ 8.635424941833396, 45.723472660609453 ], [ 8.635463454991951, 45.723481784284523 ], [ 8.636518849501886, 45.723719119545379 ], [ 8.636500766328725, 45.723795553392364 ], [ 8.636944816245151, 45.723936452283667 ], [ 8.637743123459085, 45.724177548481926 ], [ 8.637797682343283, 45.724195722129004 ], [ 8.6378633724345, 45.724213927432203 ], [ 8.637977326391521, 45.724241284623965 ], [ 8.638099169121466, 45.724277669275736 ], [ 8.63818408617435, 45.724304933380346 ], [ 8.63826897810892, 45.724336699534796 ], [ 8.638344387929182, 45.724359436626635 ], [ 8.638379617596154, 45.724368544422965 ], [ 8.638445528264075, 45.724368753019682 ], [ 8.638524291547839, 45.724364503650733 ], [ 8.638601358536718, 45.724360249761887 ], [ 8.638670395581588, 45.724369463502548 ], [ 8.638720082022274, 45.724387619498678 ], [ 8.638784183010383, 45.724405821046901 ], [ 8.638891760902363, 45.724419662290309 ], [ 8.638919101840646, 45.724419748702061 ], [ 8.63905867912932, 45.724433683714217 ], [ 8.639171082664443, 45.724438539154811 ], [ 8.639281866356828, 45.724447888862876 ], [ 8.639367035662746, 45.724452655422425 ], [ 8.639444047398795, 45.724457398875238 ], [ 8.639497135839935, 45.724457566400012 ], [ 8.639519601282743, 45.724457636383995 ], [ 8.639664171312733, 45.724453592040334 ], [ 8.639771809937352, 45.72445843186177 ], [ 8.639882620100709, 45.724463283378611 ], [ 8.640015928497768, 45.724463703485256 ], [ 8.640097839593031, 45.724463960641756 ], [ 8.640176661972411, 45.724450707735059 ], [ 8.640271424249701, 45.724446508447869 ], [ 8.640375775747904, 45.724451334650269 ], [ 8.640436871312151, 45.724442527057157 ], [ 8.640506164623959, 45.724411248664659 ], [ 8.640583628035303, 45.724361996162628 ], [ 8.640675381408924, 45.72433078922063 ], [ 8.64075420346671, 45.724317535914189 ], [ 8.640818533158203, 45.724299739301237 ], [ 8.640891035419873, 45.724263972170441 ], [ 8.64096188649164, 45.724237196089156 ], [ 8.641027837021271, 45.724214905859256 ], [ 8.641085894481852, 45.724183592711043 ], [ 8.641145489025755, 45.724161281545804 ], [ 8.641219375054641, 45.724157013199466 ], [ 8.64128517287204, 45.724175218673615 ], [ 8.641370181553334, 45.724188983120833 ], [ 8.641458556086686, 45.724189259590084 ], [ 8.64154055439592, 45.724176019308771 ], [ 8.641629104100774, 45.724149298340762 ], [ 8.641752852430637, 45.724136188856129 ], [ 8.641850990074769, 45.724118497664662 ], [ 8.642010199577069, 45.724078500302149 ], [ 8.642121240334498, 45.724047351730064 ], [ 8.642225953837849, 45.724011681943786 ], [ 8.642340290254044, 45.723962457300516 ], [ 8.64240783081925, 45.723940169450437 ], [ 8.642480403156872, 45.723908898320772 ], [ 8.642597859125322, 45.723868769473683 ], [ 8.64273785938323, 45.72383321049616 ], [ 8.64289705943397, 45.723811210737459 ], [ 8.643020806734398, 45.723798098975521 ], [ 8.643057712365307, 45.723793714788705 ], [ 8.643122092662267, 45.723784916020833 ], [ 8.643252390839853, 45.723758325091886 ], [ 8.643334502623324, 45.723727086805418 ], [ 8.643395738808181, 45.723695777903771 ], [ 8.643510043088664, 45.723651140587691 ], [ 8.643627436650084, 45.72363800744305 ], [ 8.643731954694264, 45.723615834143125 ], [ 8.64385269885936, 45.723575715157693 ], [ 8.643931551503613, 45.723539964988575 ], [ 8.644033004352902, 45.723499784788316 ], [ 8.644140864953853, 45.72346862344213 ], [ 8.644240616827796, 45.72344634752335 ], [ 8.644358045887202, 45.723410715372921 ], [ 8.644485217930667, 45.723375116119385 ], [ 8.64459308062966, 45.723343951651934 ], [ 8.644697714405746, 45.723303779855065 ], [ 8.644802373947101, 45.72325911304948 ], [ 8.644897498386413, 45.723214414712054 ], [ 8.644923225468846, 45.723200993491233 ], [ 8.644929716397183, 45.723196515070818 ], [ 8.644984435517012, 45.72317418854783 ], [ 8.645134214018922, 45.723116155947118 ], [ 8.645219558669826, 45.723075925557161 ], [ 8.645277676004486, 45.723035609672195 ], [ 8.645343618270264, 45.723013317821177 ], [ 8.645457856795337, 45.72299567530748 ], [ 8.645594479358692, 45.722973598122813 ], [ 8.645676507238038, 45.722955853668822 ], [ 8.645713600227849, 45.722937971624489 ], [ 8.645753903948339, 45.722915506421693 ], [ 8.645829694153885, 45.722861749269683 ], [ 8.645878162865236, 45.722821403167423 ], [ 8.645936247191855, 45.722785585436874 ], [ 8.646028054413032, 45.722745377168287 ], [ 8.6461198369848, 45.722709662842419 ], [ 8.646210080226375, 45.722664947388971 ], [ 8.646288932667767, 45.722629194686832 ], [ 8.646416135261958, 45.722589091180197 ], [ 8.646530348502996, 45.722557946333424 ], [ 8.646680158524616, 45.722495416804385 ], [ 8.646813941757079, 45.722419336354008 ], [ 8.646888109103511, 45.722369979364302 ], [ 8.646983455796715, 45.722289283119395 ], [ 8.647060887645555, 45.722226528529305 ], [ 8.647156177198855, 45.72215483094979 ], [ 8.64721108495276, 45.722101005680805 ], [ 8.647256298413485, 45.722056150343057 ], [ 8.647301644215778, 45.722006793201246 ], [ 8.647334031888104, 45.721961899137618 ], [ 8.647360119230354, 45.721907983029773 ], [ 8.64737646160718, 45.721853950431587 ], [ 8.647415339699366, 45.721804577781313 ], [ 8.647458821728982, 45.721782212689135 ], [ 8.647487807550744, 45.721773302237416 ], [ 8.647502349927885, 45.721768847611457 ], [ 8.647542624507537, 45.721750972985703 ], [ 8.647615227213132, 45.721697202105183 ], [ 8.647695970268391, 45.721629957796701 ], [ 8.647747701762915, 45.721576122470687 ], [ 8.647812392338107, 45.721499828696274 ], [ 8.647878507796245, 45.721450540743426 ], [ 8.647968891495285, 45.721383322350917 ], [ 8.648070508904402, 45.721316052082486 ], [ 8.648173768947389, 45.721239877799775 ], [ 8.648285199794325, 45.721145729697191 ], [ 8.648372516332055, 45.72106050806088 ], [ 8.648427450069077, 45.721002181882326 ], [ 8.648488825359381, 45.720948374990343 ], [ 8.648496930909133, 45.72093940183823 ], [ 8.64860016662303, 45.720867724785286 ], [ 8.648672797207226, 45.720809365607657 ], [ 8.648785834093738, 45.720728721333948 ], [ 8.648913258276959, 45.720634619073728 ], [ 8.649073035821051, 45.720518123073305 ], [ 8.649203745973722, 45.720424034179004 ], [ 8.64928769372866, 45.72035229997546 ], [ 8.649382871155101, 45.720280510163981 ], [ 8.649479829641054, 45.720195313657676 ], [ 8.649534789506298, 45.720132487522733 ], [ 8.649606024987355, 45.720042715203554 ], [ 8.649662740802816, 45.719970895399314 ], [ 8.649714550650737, 45.719903560920621 ], [ 8.649766360373837, 45.719836226417293 ], [ 8.649824446735325, 45.719782320507221 ], [ 8.649909975192477, 45.719728587766845 ], [ 8.650006739702389, 45.719656889598895 ], [ 8.65010840584457, 45.719580710463717 ], [ 8.650156869915309, 45.71954036340977 ], [ 8.650208566478256, 45.719491024539344 ], [ 8.650269991961842, 45.719428219638338 ], [ 8.650305603952097, 45.719392332674595 ], [ 8.650347772845416, 45.719324966592914 ], [ 8.650410951242737, 45.719235079993538 ], [ 8.650462846249223, 45.719154246038592 ], [ 8.650511504767822, 45.719082402951656 ], [ 8.650566494265785, 45.719015079602919 ], [ 8.650644105790779, 45.718938821909369 ], [ 8.650705586260811, 45.71886701614315 ], [ 8.650763807734201, 45.718790702684636 ], [ 8.650812408783356, 45.718727766474608 ], [ 8.650854575262347, 45.718660402891061 ], [ 8.650903232858704, 45.718588557828205 ], [ 8.650942193489392, 45.718525683011819 ], [ 8.6509942831446, 45.718413353822207 ], [ 8.651056230994989, 45.718265056939742 ], [ 8.651111418199356, 45.718166143835326 ], [ 8.651163279335286, 45.718089810741247 ], [ 8.651218428432438, 45.718013486760022 ], [ 8.651302645999548, 45.717896756897332 ], [ 8.651341575150251, 45.717838380438451 ], [ 8.651361026989182, 45.717811441913625 ], [ 8.651469101637945, 45.717726277603987 ], [ 8.651549778959833, 45.717667940213104 ], [ 8.651645055016147, 45.717596237893019 ], [ 8.651767700242475, 45.717502123228343 ], [ 8.651904868292064, 45.717390049287836 ], [ 8.652006499811916, 45.717318366926477 ], [ 8.65211624065582, 45.717237709270627 ], [ 8.652243654417624, 45.717143515000735 ], [ 8.652330901600322, 45.717067288165836 ], [ 8.652419659419671, 45.717004562552901 ], [ 8.652500332864951, 45.71694631537995 ], [ 8.652569641697037, 45.716892530388677 ], [ 8.652621527815231, 45.716829694286353 ], [ 8.652663660242933, 45.71676682850778 ], [ 8.652666866928096, 45.716762338758286 ], [ 8.652689524419946, 45.716730912949835 ], [ 8.652718894439433, 45.716659008456062 ], [ 8.652771060389036, 45.716533087449022 ], [ 8.652813111391762, 45.716483721660005 ], [ 8.652864831928389, 45.716429883036419 ], [ 8.65292006061614, 45.716340062658674 ], [ 8.65298155930966, 45.716263755292509 ], [ 8.653049472357008, 45.716178469274048 ], [ 8.653085335493651, 45.716101994890337 ], [ 8.653111531891261, 45.716012084456416 ], [ 8.653147499200093, 45.71591770237994 ], [ 8.653209140129594, 45.715818897822992 ], [ 8.653270664379496, 45.715738093573215 ], [ 8.653361233528722, 45.715639377619397 ], [ 8.653451738297482, 45.715549570387118 ], [ 8.653537454741816, 45.715446340071743 ], [ 8.653628211099278, 45.715316128874086 ], [ 8.653696284223754, 45.715221845743969 ], [ 8.653725350984001, 45.715181436549521 ], [ 8.653744772962819, 45.715158997015543 ], [ 8.653841854086401, 45.715051213199537 ], [ 8.653956601996724, 45.714930071618781 ], [ 8.654063213475197, 45.714840400882167 ], [ 8.65415522519827, 45.714764187950621 ], [ 8.65423277735062, 45.714678930384721 ], [ 8.654329940669006, 45.714557735202007 ], [ 8.654417269030763, 45.71444991957798 ], [ 8.654506264741505, 45.71434670023551 ], [ 8.654574224335768, 45.714270412423666 ], [ 8.654642133818419, 45.714185125418574 ], [ 8.654723025125348, 45.714090881304806 ], [ 8.654790955685515, 45.714019001865196 ], [ 8.654886282204084, 45.713920299047778 ], [ 8.654957445800035, 45.713839522980365 ], [ 8.655028611771234, 45.713758745074514 ], [ 8.65505126287497, 45.713727316962036 ], [ 8.65508043451376, 45.713686908629256 ], [ 8.655122511584036, 45.713633042544274 ], [ 8.655158284095783, 45.713570157513011 ], [ 8.655194005254877, 45.713498268813062 ], [ 8.655197317440823, 45.713493692000647 ], [ 8.65522008968288, 45.713425815472398 ], [ 8.655327227880118, 45.713300871880286 ], [ 8.655402831340352, 45.71316998165409 ], [ 8.65548480287811, 45.713036863977415 ], [ 8.655597480130767, 45.71297609814647 ], [ 8.655666377340644, 45.712919430642678 ], [ 8.65574009536849, 45.712922980390999 ], [ 8.655844165048222, 45.712641174566841 ], [ 8.655903742888418, 45.712479816604841 ], [ 8.656564802972049, 45.71142998790318 ], [ 8.656593571777588, 45.711333514643378 ], [ 8.656661479620295, 45.711108920927437 ], [ 8.656702648523272, 45.710769056308258 ], [ 8.656707954599639, 45.710541574178372 ], [ 8.656749079737049, 45.71022637248786 ], [ 8.656817987197607, 45.709837275685487 ], [ 8.656853401443142, 45.709154708582091 ], [ 8.65689763428127, 45.708954699446203 ], [ 8.656875407603497, 45.708759982102357 ], [ 8.656841320749626, 45.708565226424867 ], [ 8.656787758515266, 45.708367624676363 ], [ 8.656738677342974, 45.708076896876911 ], [ 8.656642988846508, 45.707733923288259 ], [ 8.656520233308411, 45.707330483585082 ], [ 8.656552459287578, 45.707171567629516 ], [ 8.656646181240699, 45.706568725617885 ], [ 8.656822875225709, 45.705823497731082 ], [ 8.656803383181215, 45.705736777545241 ], [ 8.656497407105961, 45.705135437087328 ], [ 8.65629355283207, 45.70470808815147 ], [ 8.656253565654181, 45.704490996886449 ], [ 8.656275195140887, 45.704331867231076 ], [ 8.656493121494009, 45.704137240957721 ], [ 8.656562067867597, 45.704105230712017 ], [ 8.657838974772334, 45.70351196492323 ], [ 8.657520692293305, 45.703331751886459 ], [ 8.657300491835207, 45.703205011735967 ], [ 8.657182158642101, 45.703137074084005 ], [ 8.657038555991322, 45.703130974382262 ], [ 8.656882571376396, 45.703175232894075 ], [ 8.656697408083426, 45.703226420556049 ], [ 8.656413702449735, 45.703230248133771 ], [ 8.65608701463205, 45.703195429330485 ], [ 8.655900485720245, 45.70314159544791 ], [ 8.655677523223881, 45.703051381766642 ], [ 8.655480325291439, 45.702940459755418 ], [ 8.655397700325874, 45.70285408623883 ], [ 8.655331139777799, 45.70275615547029 ], [ 8.655257138124856, 45.70257604003428 ], [ 8.65518322607481, 45.702416531290247 ], [ 8.655108996006595, 45.702222737412932 ], [ 8.655011879816662, 45.702029053492055 ], [ 8.654960169312723, 45.701807697685709 ], [ 8.65491803310633, 45.701579443734907 ], [ 8.65485360820966, 45.701392425393585 ], [ 8.654743340876237, 45.701185112946028 ], [ 8.654653066106869, 45.701016557149963 ], [ 8.654572993647271, 45.700877637626441 ], [ 8.65451940182278, 45.700772815827655 ], [ 8.654488421892262, 45.700642775477931 ], [ 8.654385638017848, 45.700510805968818 ], [ 8.654299486933496, 45.700412996209906 ], [ 8.654150687676101, 45.700253801063646 ], [ 8.653878399822206, 45.700040058419539 ], [ 8.653808930069271, 45.699916828288984 ], [ 8.653853462623776, 45.699806185589878 ], [ 8.653807689655766, 45.699705078363891 ], [ 8.653701562816504, 45.699566259261658 ], [ 8.653676530111392, 45.699399607837755 ], [ 8.65358087138608, 45.699315535456833 ], [ 8.65341296510147, 45.699197677072213 ], [ 8.653343018239211, 45.699083807850059 ], [ 8.653361595238023, 45.699008271691497 ], [ 8.653403402735702, 45.698962412418091 ], [ 8.653385874079884, 45.69883294988329 ], [ 8.653334104574904, 45.698691238637487 ], [ 8.653287205331289, 45.698549448536028 ], [ 8.653376928228932, 45.698427875712454 ], [ 8.653516463653023, 45.698370072629054 ], [ 8.653783896741658, 45.698373219978834 ], [ 8.653933680549205, 45.69835414469064 ], [ 8.654122000693123, 45.698286863145711 ], [ 8.65423865504877, 45.698229170822756 ], [ 8.654332791158557, 45.698198947378188 ], [ 8.65448499499186, 45.698113645211656 ], [ 8.654634478284343, 45.698073962504296 ], [ 8.654574522392906, 45.697971551664239 ], [ 8.654465391797887, 45.697855580845783 ], [ 8.654306737229852, 45.697698788047006 ], [ 8.654177950473819, 45.697576099559434 ], [ 8.65401306580973, 45.697432963343218 ], [ 8.653834794974953, 45.697262609229234 ], [ 8.653676435918523, 45.697126332919929 ], [ 8.653488405046071, 45.696958291585261 ], [ 8.653339836755048, 45.696815115659156 ], [ 8.653168168567468, 45.696656118863288 ], [ 8.652983335510697, 45.696485743475229 ], [ 8.652785267112019, 45.696297150386158 ], [ 8.65262997949722, 45.696144864061687 ], [ 8.652506766536474, 45.695944436038893 ], [ 8.652517721760072, 45.695782216806926 ], [ 8.652534625769249, 45.695583387684486 ], [ 8.652546114027405, 45.695455364214382 ], [ 8.652586602907649, 45.695313481244234 ], [ 8.652588253087137, 45.695183265847696 ], [ 8.652587172308589, 45.695101012071021 ], [ 8.652448560487525, 45.694976045092353 ], [ 8.652360888540811, 45.695006195762048 ], [ 8.652289542746214, 45.695034054937452 ], [ 8.652134143085172, 45.695123932217108 ], [ 8.652033940010551, 45.695193011775189 ], [ 8.651952836452923, 45.695223091227419 ], [ 8.651874470276415, 45.69522123231544 ], [ 8.651808687529909, 45.695171359866656 ], [ 8.651752041205988, 45.695082542532454 ], [ 8.651688435542198, 45.694954922071787 ], [ 8.651657811384476, 45.694854579247441 ], [ 8.651545415117411, 45.694738595617729 ], [ 8.65148002624661, 45.694727596966978 ], [ 8.651365812530834, 45.694716720222701 ], [ 8.651272699284746, 45.694582441567739 ], [ 8.651172935131866, 45.694427621530743 ], [ 8.651106404602611, 45.694327436237458 ], [ 8.651006769477659, 45.694186295907073 ], [ 8.650879066079534, 45.694148109446203 ], [ 8.650774582883921, 45.694139510251716 ], [ 8.650656662231409, 45.694094427304236 ], [ 8.65056647505935, 45.693932706266793 ], [ 8.650525748985524, 45.693804971491652 ], [ 8.650566318495365, 45.693667678067243 ], [ 8.650636834881986, 45.693569082578264 ], [ 8.650641655527934, 45.693441131573252 ], [ 8.650561253081174, 45.693272512491646 ], [ 8.650488379431591, 45.693188328900682 ], [ 8.65043206376766, 45.693115534276522 ], [ 8.650423947243826, 45.692989878501841 ], [ 8.650439118637657, 45.692900743757747 ], [ 8.650486724667518, 45.692806755981508 ], [ 8.650474360956538, 45.692734457658474 ], [ 8.650553848911784, 45.692452308626109 ], [ 8.650659946394004, 45.69226877663656 ], [ 8.650732961187906, 45.691988856972188 ], [ 8.650813959063141, 45.691838279357682 ], [ 8.650751511838569, 45.691815589988188 ], [ 8.650697000437152, 45.691792925747926 ], [ 8.650565722487517, 45.691734029668588 ], [ 8.650511348425978, 45.691706867141605 ], [ 8.650367422943429, 45.691620935935489 ], [ 8.650292221673222, 45.691571209273732 ], [ 8.650237873374001, 45.691539548076619 ], [ 8.650167541153575, 45.691489833537979 ], [ 8.650012530239181, 45.691381280337289 ], [ 8.649916520945437, 45.691322491544298 ], [ 8.649826943785595, 45.691268226403572 ], [ 8.649460800914373, 45.691033124120224 ], [ 8.649396933854616, 45.690983432539376 ], [ 8.649360195458831, 45.690947325442615 ], [ 8.649318889804331, 45.69087961317576 ], [ 8.649288782825959, 45.690816527498065 ], [ 8.649073447695917, 45.690073343933456 ], [ 8.649025908969367, 45.68996970895838 ], [ 8.649002230700457, 45.689911140663348 ], [ 8.648981763034765, 45.68984808450795 ], [ 8.648975555731329, 45.689807482453062 ], [ 8.648966420081566, 45.689726462132491 ], [ 8.648962048230963, 45.689663453625684 ], [ 8.648948019685269, 45.689586917787196 ], [ 8.648938799670177, 45.689519394861065 ], [ 8.648921697956199, 45.689442849574085 ], [ 8.648910866354035, 45.689379821211425 ], [ 8.648892154513101, 45.689289683302199 ], [ 8.648868513415614, 45.689208616586932 ], [ 8.648835343211204, 45.689127523276454 ], [ 8.648808411102427, 45.689064445411042 ], [ 8.648770369915292, 45.688983336206292 ], [ 8.648724356315252, 45.68890670199545 ], [ 8.648666985039533, 45.688834534158985 ], [ 8.648453222256189, 45.688622304633562 ], [ 8.648299949017581, 45.688491347706076 ], [ 8.648164232046964, 45.688364942357829 ], [ 8.646603873591021, 45.687081980703418 ], [ 8.646525750323214, 45.687009744874615 ], [ 8.646428389083992, 45.686914952746825 ], [ 8.646331001102723, 45.68682465997351 ], [ 8.646251210484127, 45.686747918370102 ], [ 8.646146049817482, 45.686630515128932 ], [ 8.645839364420741, 45.686125522936017 ], [ 8.645720638649237, 45.685858511092398 ], [ 8.645637767768861, 45.685728337676785 ], [ 8.645586330525452, 45.685633351512024 ], [ 8.645560748239046, 45.685563975536873 ], [ 8.645472034680839, 45.685603821548611 ], [ 8.645241103523542, 45.68591675806254 ], [ 8.645109200681414, 45.686204477155712 ], [ 8.644973399043661, 45.686284289659419 ], [ 8.644828001592092, 45.686236426690201 ], [ 8.644429643083619, 45.686059863719002 ], [ 8.644010184340805, 45.685858509185103 ], [ 8.643875356168229, 45.685794913851787 ], [ 8.643741726743613, 45.685541710279324 ], [ 8.643523812767025, 45.685109045731231 ], [ 8.643153046912056, 45.684495168191724 ], [ 8.642926455424627, 45.684122452471676 ], [ 8.64286984283134, 45.684023802637213 ], [ 8.642876752043858, 45.683740171492992 ], [ 8.642405992099627, 45.68369973070449 ], [ 8.642178907686187, 45.683541177213847 ], [ 8.642059577109034, 45.683139801164302 ], [ 8.64196490069132, 45.682907775817675 ], [ 8.641812934957029, 45.682510526686201 ], [ 8.641767854520868, 45.682139889609751 ], [ 8.641686085095992, 45.681793793462568 ], [ 8.6416326424978, 45.681605814958552 ], [ 8.641731209789588, 45.681391854309858 ], [ 8.641744383216318, 45.68136813876977 ], [ 8.641356790409276, 45.681341005640505 ], [ 8.641307074426145, 45.681028247241223 ], [ 8.64129351108719, 45.680707255827784 ], [ 8.64127999322632, 45.680378969345206 ], [ 8.64128649620279, 45.680174747778544 ], [ 8.641394435976711, 45.679566011387323 ], [ 8.641468486577145, 45.679376593072277 ], [ 8.641595213490479, 45.679085217154118 ], [ 8.64177293615716, 45.678595221571229 ], [ 8.642138549292676, 45.678412875018417 ], [ 8.642331108823143, 45.678168880623623 ], [ 8.642554227465272, 45.677881963708671 ], [ 8.642733344683027, 45.67753731495926 ], [ 8.6429498666605, 45.677371328353601 ], [ 8.643256300436002, 45.677252323082826 ], [ 8.64369461581728, 45.677056788124787 ], [ 8.643513701925576, 45.676844567645411 ], [ 8.644259580051838, 45.676547821929141 ], [ 8.644848537964563, 45.676381882778017 ], [ 8.645201091368527, 45.677660995815351 ], [ 8.645411870962912, 45.678406334374536 ], [ 8.645745139256137, 45.678381269372792 ], [ 8.64608060022764, 45.678276388788895 ], [ 8.646225861040708, 45.678682700838529 ], [ 8.646714821498071, 45.678566232471304 ], [ 8.646842955381906, 45.678590942643652 ], [ 8.646899178287063, 45.678751590899267 ], [ 8.647430987532912, 45.679078784393177 ], [ 8.647966275904105, 45.679529311332914 ], [ 8.648383874075714, 45.67987094666853 ], [ 8.649602812808446, 45.679415193534936 ], [ 8.650820207723349, 45.679077287953632 ], [ 8.651274738390422, 45.679552770230153 ], [ 8.651522316532665, 45.680022093968972 ], [ 8.652225109505519, 45.679905825641427 ], [ 8.652959291680789, 45.679816876827957 ], [ 8.652951394274671, 45.680350517992586 ], [ 8.652915026834464, 45.681089598093088 ], [ 8.65302399782524, 45.681137341990066 ], [ 8.654095706979881, 45.68160999887349 ], [ 8.654616787570417, 45.681886185041975 ], [ 8.65504731120874, 45.682106310856682 ], [ 8.65656965741068, 45.682729481586072 ], [ 8.659735153448661, 45.683881931550928 ], [ 8.661183711341888, 45.684415068851763 ], [ 8.664109593072366, 45.685510572412156 ], [ 8.667424710882058, 45.686720153640231 ], [ 8.670903788751271, 45.687988486668097 ], [ 8.671500943615703, 45.688209031897323 ], [ 8.672654251739006, 45.688544229316292 ], [ 8.675322840782068, 45.689620450057681 ], [ 8.678562768547852, 45.690909753911548 ], [ 8.681579356613604, 45.692147282487383 ], [ 8.681943612940152, 45.692176935080134 ], [ 8.682365180805022, 45.69214946815282 ], [ 8.683073546694683, 45.692066503491951 ], [ 8.683123261637476, 45.692058451531665 ], [ 8.683162827894503, 45.692047403830237 ], [ 8.684076141908859, 45.691791924079361 ], [ 8.68530017137247, 45.691367209921523 ], [ 8.686232794723454, 45.691058706158266 ], [ 8.686404832199086, 45.691004471423334 ], [ 8.686571443851745, 45.690990339172089 ], [ 8.686768931954331, 45.691038292696888 ], [ 8.687221178629754, 45.691130710186982 ], [ 8.687808445669415, 45.691274553060808 ], [ 8.688037262614911, 45.691304353400966 ], [ 8.68825627853375, 45.691251031722039 ], [ 8.688501698114914, 45.691075849087895 ], [ 8.688668552281902, 45.691017949673189 ], [ 8.688903153858229, 45.690941999715555 ], [ 8.689314999313162, 45.690811820722438 ], [ 8.689565274162808, 45.690724967905794 ], [ 8.689972513180154, 45.690485361645429 ], [ 8.690207635564736, 45.69031458299358 ], [ 8.690369322049667, 45.690249371896151 ], [ 8.690530863508787, 45.690209691052338 ], [ 8.690931870192095, 45.69015606768361 ], [ 8.690875930511556, 45.689918851371473 ], [ 8.690685546196942, 45.689524444095298 ], [ 8.690511019921438, 45.6890863146524 ], [ 8.690655425479079, 45.688645716802966 ], [ 8.690666216990218, 45.688243845897254 ], [ 8.690698897517635, 45.68763450812191 ], [ 8.690693407501911, 45.687111372417277 ], [ 8.69064445187116, 45.686384379485105 ], [ 8.690635016722462, 45.686072665513429 ], [ 8.690256399188018, 45.684928702441567 ], [ 8.690054890745248, 45.684542181651729 ], [ 8.68995982701291, 45.684074960671836 ], [ 8.689792006581367, 45.683647851443901 ], [ 8.689681091632995, 45.683406552520147 ], [ 8.689559396577566, 45.683085044625223 ], [ 8.689407740265725, 45.682531003693107 ], [ 8.68942228398728, 45.682121670167888 ], [ 8.689466051718291, 45.681827605338931 ], [ 8.689546763302706, 45.68161166565401 ], [ 8.689603363672166, 45.681448031853414 ], [ 8.689759947685605, 45.68120350169032 ], [ 8.689876417766364, 45.680839530020044 ], [ 8.689784904282545, 45.680843781996096 ], [ 8.689717480870693, 45.680839099375106 ], [ 8.689701488682859, 45.68055108266141 ], [ 8.689706376917041, 45.680528597406017 ], [ 8.689684548717915, 45.68041595994989 ], [ 8.689662302382317, 45.680379900610596 ], [ 8.689625571090025, 45.680339305090136 ], [ 8.689590436570848, 45.680316711102101 ], [ 8.689530727982854, 45.680026328938808 ], [ 8.689414358202859, 45.679988214456046 ], [ 8.689400802514687, 45.679470186546467 ], [ 8.689610019443924, 45.678819392966126 ], [ 8.689222211420629, 45.678158429227366 ], [ 8.689260311437298, 45.67685743278161 ], [ 8.689355095760794, 45.676488994660119 ], [ 8.689638812062759, 45.67553558098146 ], [ 8.689768450138581, 45.674451621782509 ], [ 8.689775020539244, 45.673258979314397 ], [ 8.690184040842828, 45.672002270510475 ], [ 8.689627752326176, 45.671914010244677 ], [ 8.688275195566868, 45.670392349404743 ], [ 8.688307538373099, 45.6701538678129 ], [ 8.688963373264668, 45.669006276498862 ], [ 8.689523817858952, 45.66833555914998 ], [ 8.69033642994299, 45.667161659251846 ], [ 8.690521822876065, 45.667137593725208 ], [ 8.691951880999749, 45.667492423408824 ], [ 8.693322479148772, 45.667805406929311 ], [ 8.694423833477611, 45.668048903686469 ], [ 8.695256131063292, 45.66820573121008 ], [ 8.695961510668459, 45.668303180053385 ], [ 8.696212794354395, 45.667073568678482 ], [ 8.696288172522955, 45.666755679093136 ], [ 8.696440669907904, 45.665486873636127 ], [ 8.69994547472665, 45.665707656622075 ], [ 8.700580540801294, 45.665766611572323 ], [ 8.702290325962267, 45.665925322467018 ], [ 8.7038070607696, 45.666000900992813 ], [ 8.704018285064299, 45.665572636788568 ], [ 8.704876327540797, 45.665541287774566 ], [ 8.704871944847843, 45.664762215454026 ], [ 8.704858508559303, 45.664054665822647 ], [ 8.704830068822965, 45.663699845207802 ], [ 8.704760787176934, 45.663024940441112 ], [ 8.704702124592909, 45.662309945172446 ], [ 8.704602495118282, 45.661470842305782 ], [ 8.704594028507666, 45.661102455676549 ], [ 8.704559017650444, 45.660836123509149 ], [ 8.704538679243891, 45.660109221602539 ], [ 8.704473403837532, 45.65939793871506 ], [ 8.704437734475309, 45.658853302713332 ], [ 8.704369425246769, 45.658115104506081 ], [ 8.704351529252405, 45.657552516168053 ], [ 8.704287771844067, 45.656854734518035 ], [ 8.704200909635638, 45.655679931186732 ], [ 8.704123755335116, 45.654793219984903 ], [ 8.704022590478413, 45.653582297161549 ], [ 8.703953129303809, 45.652461535328037 ], [ 8.703889781362138, 45.651385783669255 ], [ 8.703852347651337, 45.65087714124283 ], [ 8.703833820485833, 45.650737605373962 ], [ 8.703837398709254, 45.650661124104147 ], [ 8.703837659585858, 45.650611626132026 ], [ 8.703689657611385, 45.650098197345415 ], [ 8.703599788363396, 45.649800902085829 ], [ 8.703590416528479, 45.649751381815037 ], [ 8.703633190365382, 45.648980434130088 ], [ 8.703714531292984, 45.648346036450924 ], [ 8.703801015233116, 45.647722593477305 ], [ 8.703839911143461, 45.6472485617548 ], [ 8.704031283306701, 45.645465590168058 ], [ 8.704195667356624, 45.643868555247636 ], [ 8.704325364865459, 45.64293521386989 ], [ 8.704941348726118, 45.637509804811231 ], [ 8.7048843902932, 45.637465890712029 ], [ 8.70301460438802, 45.63710362683964 ], [ 8.702234860777889, 45.637079717713064 ], [ 8.701726289731404, 45.637055020133324 ], [ 8.701377290713408, 45.636984095637807 ], [ 8.70062965777818, 45.636807105203928 ], [ 8.69901870886957, 45.6363243887617 ], [ 8.696062413762506, 45.635464709122125 ], [ 8.695498169338096, 45.635229856718382 ], [ 8.694850665837469, 45.634994691847822 ], [ 8.694635336620184, 45.634842390595757 ], [ 8.694072327905541, 45.634362396020357 ], [ 8.693724862489724, 45.63403479351301 ], [ 8.693493079719591, 45.633835741062114 ], [ 8.693228036260024, 45.633624986728648 ], [ 8.692895918359964, 45.633530682796305 ], [ 8.691699825502381, 45.633247411761872 ], [ 8.690520458091036, 45.632964169898763 ], [ 8.690238432292356, 45.632823378109627 ], [ 8.689408701325865, 45.632471060310515 ], [ 8.688728419288584, 45.632165755071412 ], [ 8.688095971722255, 45.631936441608076 ], [ 8.687725743925865, 45.631772816712008 ], [ 8.687345425381503, 45.631693841945399 ], [ 8.687026573526863, 45.631615766095912 ], [ 8.686558745103252, 45.63160718913533 ], [ 8.686205162676929, 45.631620811684272 ], [ 8.685747508405079, 45.631652378292813 ], [ 8.685312572985557, 45.631653802129861 ], [ 8.684780458706202, 45.631671600733306 ], [ 8.684583963939183, 45.631709750687769 ], [ 8.68453792437078, 45.631373416316684 ], [ 8.68451537947565, 45.631129560250237 ], [ 8.684582927905062, 45.629759793213779 ], [ 8.684610083798509, 45.629179867830459 ], [ 8.684634848306917, 45.629045486542601 ], [ 8.684607165579894, 45.62890736099056 ], [ 8.684841499292981, 45.628868412577525 ], [ 8.684887491389862, 45.628702862843419 ], [ 8.685158724250934, 45.628459010256243 ], [ 8.685609723755711, 45.628247146144084 ], [ 8.68602635461262, 45.628145701981516 ], [ 8.686375908011353, 45.627988902735574 ], [ 8.686692003461848, 45.627760921268333 ], [ 8.687053294626793, 45.627509389369948 ], [ 8.687448848783427, 45.627163279106888 ], [ 8.687742420756578, 45.626951069326708 ], [ 8.687978880870915, 45.626888626930857 ], [ 8.688147284698324, 45.626928504564745 ], [ 8.688304974203218, 45.626897346121972 ], [ 8.688519162619652, 45.626787509508326 ], [ 8.688924828627078, 45.626638686221632 ], [ 8.689285361311136, 45.626521324837817 ], [ 8.689679378587332, 45.626451391009617 ], [ 8.690500738419193, 45.626366775414134 ], [ 8.691198130888411, 45.626337072948111 ], [ 8.691479373002121, 45.626306329533811 ], [ 8.692086635389183, 45.626315796011951 ], [ 8.692322829086276, 45.62630068163606 ], [ 8.69334755773159, 45.62605091552939 ], [ 8.693697104048349, 45.625870427639704 ], [ 8.694057661152533, 45.625745131319519 ], [ 8.694418647527451, 45.625541003878567 ], [ 8.694937630442345, 45.625226786462001 ], [ 8.695299100448585, 45.624912054855955 ], [ 8.695571099580555, 45.624534093316889 ], [ 8.696022754488572, 45.62418809997672 ], [ 8.696689314589607, 45.62292403486844 ], [ 8.696972884783932, 45.621866202515278 ], [ 8.69745468581883, 45.620864602173221 ], [ 8.697695427244707, 45.620391605131367 ], [ 8.697857326214795, 45.619807082518626 ], [ 8.698137724325168, 45.61933428204437 ], [ 8.698215005817934, 45.618985944250966 ], [ 8.698253736624725, 45.618468858255746 ], [ 8.698184921532961, 45.617888404953796 ], [ 8.698115431307343, 45.617434027007803 ], [ 8.698027423114972, 45.617080577226801 ], [ 8.697938638325734, 45.616891085768032 ], [ 8.69792356706119, 45.616348660154017 ], [ 8.698051010851017, 45.616033572130718 ], [ 8.698159905609803, 45.615844695835406 ], [ 8.6983402449578, 45.615744200364794 ], [ 8.698538254718581, 45.615681636258628 ], [ 8.698628557563627, 45.615606190886467 ], [ 8.698629299596838, 45.615467423315806 ], [ 8.698990068818022, 45.615228726728311 ], [ 8.699171106322176, 45.614976859996766 ], [ 8.699333329540174, 45.614901602523652 ], [ 8.699459185002311, 45.614901932790865 ], [ 8.699656654123848, 45.61494033804297 ], [ 8.69981840429811, 45.614953361816333 ], [ 8.699890217705171, 45.614953549593089 ], [ 8.699962269369474, 45.61492854067361 ], [ 8.699962806524836, 45.614827572056598 ], [ 8.699855399852504, 45.614739007635087 ], [ 8.699838333602417, 45.614587596407489 ], [ 8.699892769580563, 45.614474167149297 ], [ 8.700109530912204, 45.614285479548002 ], [ 8.701100555066661, 45.61382137172275 ], [ 8.701821717166331, 45.613406945782657 ], [ 8.702668786443295, 45.612980245284902 ], [ 8.702556136277078, 45.612602431089201 ], [ 8.703266103941178, 45.612139824260204 ], [ 8.703742650429813, 45.611575995145472 ], [ 8.704293651806308, 45.610829309562661 ], [ 8.704663917969002, 45.610503591838558 ], [ 8.70480931102658, 45.61000252934182 ], [ 8.705001952208431, 45.609263464506242 ], [ 8.70505380552521, 45.60838823826856 ], [ 8.705041173849892, 45.607789935683982 ], [ 8.705294254351333, 45.607037615561069 ], [ 8.705516047484403, 45.60654421703132 ], [ 8.705691522710936, 45.60609119407647 ], [ 8.705855320522458, 45.605646242523662 ], [ 8.705913731794066, 45.605516803228305 ], [ 8.706087744550349, 45.605322956093424 ], [ 8.706307881269671, 45.605145332712581 ], [ 8.706586275187634, 45.60484646153671 ], [ 8.706737819781887, 45.604539075919355 ], [ 8.706936921490422, 45.603972719980831 ], [ 8.707042441506445, 45.603649105891272 ], [ 8.707066882013107, 45.603381889137694 ], [ 8.707057500858184, 45.60296888866236 ], [ 8.706999376167074, 45.602861017729076 ], [ 8.707002344357658, 45.602289570500915 ], [ 8.707148078763909, 45.602019873491017 ], [ 8.707194418304299, 45.601934051848922 ], [ 8.707310576892038, 45.601718995744854 ], [ 8.708029007817565, 45.60050655543683 ], [ 8.708236755161241, 45.59967375031939 ], [ 8.708243405819939, 45.598388040146375 ], [ 8.70861974476481, 45.597746178383872 ], [ 8.708866344829781, 45.597268134795051 ], [ 8.708865100122486, 45.59695666336502 ], [ 8.708879131410848, 45.59647082776042 ], [ 8.708823977627164, 45.595992912178581 ], [ 8.708791012986085, 45.595660849276499 ], [ 8.708666189399914, 45.59526375041478 ], [ 8.708598593223057, 45.59496390183547 ], [ 8.708462167675217, 45.594582971285298 ], [ 8.708382923334467, 45.594287233270308 ], [ 8.708361212435211, 45.594027997071635 ], [ 8.708363473476636, 45.593590726675615 ], [ 8.708389285583594, 45.593056324570298 ], [ 8.70840729892871, 45.592843897662384 ], [ 8.708692677255687, 45.591649876372763 ], [ 8.709434530018932, 45.591728976207179 ], [ 8.710712213584808, 45.591904190025659 ], [ 8.714253665625696, 45.592275414769524 ], [ 8.714551907378345, 45.591188484929873 ], [ 8.714587827508923, 45.59091583916851 ], [ 8.714954136418029, 45.589359394387067 ], [ 8.715262586428089, 45.587941395786991 ], [ 8.715549359174634, 45.586698411492343 ], [ 8.715810208495776, 45.585683946675893 ], [ 8.716182363847274, 45.583717348784695 ], [ 8.712605618222627, 45.58333926807898 ], [ 8.71237059033167, 45.583973763200845 ], [ 8.710169625927479, 45.584027246949191 ], [ 8.709401926785649, 45.584039879175144 ], [ 8.709437352745603, 45.584427030484079 ], [ 8.708401135881383, 45.584749181494992 ], [ 8.708109027116102, 45.584756985546804 ], [ 8.708032173144272, 45.584349301093951 ], [ 8.707977989072415, 45.584218760544857 ], [ 8.707760880352518, 45.583563057290618 ], [ 8.70767820169061, 45.583157877894891 ], [ 8.707715032478658, 45.582598034809536 ], [ 8.707835032189575, 45.582348251486607 ], [ 8.708448192743855, 45.581861418827984 ], [ 8.709094349439466, 45.581553306291021 ], [ 8.709605379449922, 45.581149633089346 ], [ 8.709911923844697, 45.580900230663296 ], [ 8.710405923843908, 45.580496511488853 ], [ 8.710831326116164, 45.580235527379976 ], [ 8.711035512833121, 45.580116891374274 ], [ 8.7113075517873, 45.579998425593232 ], [ 8.711613595774903, 45.57984432089718 ], [ 8.711783724813372, 45.5797495339541 ], [ 8.711953853721596, 45.579654660346087 ], [ 8.712396093331884, 45.579405591462375 ], [ 8.712074739786797, 45.580448346616734 ], [ 8.712946593813459, 45.580543228633552 ], [ 8.713264781790045, 45.579433869112421 ], [ 8.716984387409816, 45.579979307143169 ], [ 8.71709567614297, 45.57977253793792 ], [ 8.717239432019085, 45.579068977809811 ], [ 8.717774869833141, 45.575857101501292 ], [ 8.717971600062615, 45.574942134286822 ], [ 8.718078198058716, 45.574395770892757 ], [ 8.718525218141746, 45.573275350515431 ], [ 8.718677293409128, 45.572719523161112 ], [ 8.719119861045373, 45.571184217535745 ], [ 8.719294871595354, 45.570623440076183 ], [ 8.719481770679158, 45.56929280481274 ], [ 8.719464251965563, 45.568671358689492 ], [ 8.719372938505098, 45.568418250494759 ], [ 8.71926410963072, 45.567543698647022 ], [ 8.719306542468066, 45.56727643089404 ], [ 8.719421661779817, 45.566886503684096 ], [ 8.719175201116729, 45.566806436068447 ], [ 8.718914912481649, 45.566715866595828 ], [ 8.719144673660791, 45.56619669949216 ], [ 8.719236496973055, 45.566005445332692 ], [ 8.719316104111181, 45.565659156978441 ], [ 8.719387888860185, 45.562969502487064 ], [ 8.719460500468378, 45.560111168279114 ], [ 8.719488001374872, 45.55980121919881 ], [ 8.719757364957664, 45.559140817584819 ], [ 8.720874136019374, 45.557725685572429 ], [ 8.721827488765191, 45.556538097821289 ], [ 8.722473828963109, 45.55575095119903 ], [ 8.723081012515877, 45.555004738987762 ], [ 8.723025353387031, 45.554345497588315 ], [ 8.723147974281961, 45.553512990478531 ], [ 8.723270179942268, 45.552763819269437 ], [ 8.723350698723641, 45.55245857612033 ], [ 8.723432169156469, 45.551959128436316 ], [ 8.723671545495048, 45.551487779679853 ], [ 8.723830402039699, 45.551321583990898 ], [ 8.723139878138129, 45.550938216407225 ], [ 8.722842771717042, 45.551291479603414 ], [ 8.720252433586079, 45.550908401082403 ], [ 8.72132488789946, 45.549233289012882 ], [ 8.723854308782828, 45.545496440503776 ], [ 8.723395213367834, 45.545330187225517 ], [ 8.723359544180141, 45.543338447281961 ], [ 8.722431108418078, 45.543113109012019 ], [ 8.722205721719291, 45.542592127388225 ], [ 8.722162065702246, 45.542491049011637 ], [ 8.72127943715725, 45.542170233079503 ], [ 8.72139473570844, 45.541772202542695 ], [ 8.721440286200743, 45.541724525138662 ], [ 8.721734748825146, 45.541773029498067 ], [ 8.722097805149767, 45.541726123013703 ], [ 8.722256764981266, 45.541662792828483 ], [ 8.722575215123033, 45.541472328983147 ], [ 8.722780347728941, 45.541233893521621 ], [ 8.722940041897019, 45.541043042368635 ], [ 8.722963376571608, 45.540915666275858 ], [ 8.723053997804065, 45.540915886012733 ], [ 8.723483642774847, 45.541139929303093 ], [ 8.724003083314274, 45.541555515640546 ], [ 8.723795776312286, 45.542240138316608 ], [ 8.723838207850708, 45.542829700286852 ], [ 8.724064498795869, 45.542909890389588 ], [ 8.724517952803668, 45.542910982124212 ], [ 8.725085091639867, 45.542864558130923 ], [ 8.725185165902408, 45.542991425072216 ], [ 8.725239917799904, 45.542987919445025 ], [ 8.725439083783364, 45.543267251439183 ], [ 8.725652043191975, 45.542834061865079 ], [ 8.725926534994194, 45.542340831151122 ], [ 8.726109827568909, 45.541942955382972 ], [ 8.726043877512636, 45.541950179018244 ], [ 8.725995756131919, 45.541004497408068 ], [ 8.726035191417973, 45.538316385033021 ], [ 8.726169069463261, 45.53789031330782 ], [ 8.726250260509321, 45.537482655567153 ], [ 8.726463885059619, 45.536945544580043 ], [ 8.726809511140715, 45.536390113968039 ], [ 8.727923931174791, 45.535039440474343 ], [ 8.728507640218815, 45.534317814587425 ], [ 8.729643581582092, 45.532940948517393 ], [ 8.72978215896177, 45.532448898119952 ], [ 8.729743545699003, 45.532384981872475 ], [ 8.729837822416238, 45.531660313161431 ], [ 8.730026372242742, 45.531151093942732 ], [ 8.730282505258499, 45.530909116063015 ], [ 8.730011787849337, 45.530548312380226 ], [ 8.729160805090292, 45.529452129027931 ], [ 8.728890517965123, 45.529004698011093 ], [ 8.728703919563239, 45.52868968484826 ], [ 8.728437100734268, 45.52752193044531 ], [ 8.728214643603756, 45.526573117168546 ], [ 8.727910351505903, 45.525108936007065 ], [ 8.727600116101005, 45.52353532121306 ], [ 8.72714060572423, 45.520643778820862 ], [ 8.726403553787621, 45.516146776008469 ], [ 8.726723811400658, 45.515903830303373 ], [ 8.727973428033922, 45.517464606400786 ], [ 8.73348590135766, 45.523542729555587 ], [ 8.733600319862077, 45.523362515387774 ], [ 8.734237527385323, 45.523022064929314 ], [ 8.734665504931792, 45.522276278942911 ], [ 8.73470252542822, 45.522061180977445 ], [ 8.735017414213567, 45.518528634240965 ], [ 8.735149893045431, 45.517936258090991 ], [ 8.735306987664465, 45.517715058113367 ], [ 8.735803522837914, 45.517243013855506 ], [ 8.73607968149641, 45.516934609908716 ], [ 8.736355372843233, 45.516703421129002 ], [ 8.740146771757299, 45.516421853484346 ], [ 8.740812262835549, 45.516344422956713 ], [ 8.741733393209284, 45.516287235142492 ], [ 8.741973483978951, 45.516356959354866 ], [ 8.743001313772819, 45.516794933767798 ], [ 8.743577960110491, 45.516825294241158 ], [ 8.744099967930962, 45.516797483054226 ], [ 8.744993013328518, 45.516692831394366 ], [ 8.745854765133343, 45.5166669402617 ], [ 8.747815006704531, 45.517438023504184 ], [ 8.749088767114969, 45.518003287941525 ], [ 8.749294677776552, 45.517799413072261 ], [ 8.749932413386402, 45.517303869593697 ], [ 8.750192503410748, 45.517149428755772 ], [ 8.75059523543414, 45.516999858807225 ], [ 8.750796493829771, 45.516950142956631 ], [ 8.750887463979216, 45.516909308016274 ], [ 8.750737888385613, 45.51665400187013 ], [ 8.750738149340274, 45.516594605909802 ], [ 8.751667803284526, 45.516299918078879 ], [ 8.752371841331398, 45.516123432364836 ], [ 8.75324505066405, 45.515888000438004 ], [ 8.754034031355475, 45.51557327871955 ], [ 8.754400610293169, 45.515376259009166 ], [ 8.755331015764325, 45.514923324952136 ], [ 8.755838891073955, 45.514568390577793 ], [ 8.756396843590428, 45.514155334316627 ], [ 8.756661103159843, 45.513982209345478 ], [ 8.756807246281543, 45.513926723559138 ], [ 8.756951363056334, 45.513851163487637 ], [ 8.756953267638004, 45.513850680579665 ], [ 8.756957928534641, 45.513845470749786 ], [ 8.757212573333888, 45.513732613506939 ], [ 8.757814220236538, 45.513623926738511 ], [ 8.75873361889064, 45.513502160956804 ], [ 8.759530824072518, 45.513380131507787 ], [ 8.76012769155126, 45.513243933078655 ], [ 8.760910781520892, 45.512991285158641 ], [ 8.761615326875424, 45.512817503180337 ], [ 8.762026430324372, 45.512687778455145 ], [ 8.762241887510136, 45.512592011466488 ], [ 8.762516279662114, 45.512427637678755 ], [ 8.762996782578226, 45.512064386497343 ], [ 8.7637129931032, 45.511433590266506 ], [ 8.764110364193053, 45.51107703740508 ], [ 8.764424273682758, 45.510809652564625 ], [ 8.765115974453476, 45.510189105835551 ], [ 8.766082369976086, 45.509321702951638 ], [ 8.766100812658758, 45.50930739292766 ], [ 8.76649595459309, 45.508933744741213 ], [ 8.76759695795241, 45.507966744561706 ], [ 8.768189955516927, 45.507414213788515 ], [ 8.768641174454126, 45.507118410964814 ], [ 8.769232541914212, 45.506961391681067 ], [ 8.770470697254146, 45.506825377849864 ], [ 8.772637303278017, 45.506651688294539 ], [ 8.773368861116642, 45.506593832709129 ], [ 8.774664048508967, 45.506260080493 ], [ 8.776466029063148, 45.505788977994925 ], [ 8.778831222215192, 45.505160636044778 ], [ 8.780126423025559, 45.504807021155926 ], [ 8.781450326012569, 45.504315123416049 ], [ 8.782154983597019, 45.503940647027704 ], [ 8.782522299002602, 45.503506220565619 ], [ 8.782664340876048, 45.503130673862543 ], [ 8.782750270976788, 45.50271542517428 ], [ 8.783287411042421, 45.502004402748859 ], [ 8.783711869631924, 45.50133276580172 ], [ 8.784080135316689, 45.500641133886766 ], [ 8.784250190672349, 45.500305231269905 ], [ 8.784897742621698, 45.500108642610492 ], [ 8.785882305824002, 45.500051179367979 ], [ 8.786810271347989, 45.500112216301332 ], [ 8.787204411179756, 45.499994242421131 ], [ 8.788274963138823, 45.499521594541548 ], [ 8.78889456580789, 45.49928533088616 ], [ 8.78928876902599, 45.499147647323696 ], [ 8.790245748610264, 45.498951591465072 ], [ 8.791315571519585, 45.498637033073102 ], [ 8.791879359083806, 45.498301840305182 ], [ 8.792161400654248, 45.498065035177049 ], [ 8.792500598779728, 45.497610727016891 ], [ 8.792614991929407, 45.497096615870788 ], [ 8.792700835426318, 45.496681443715403 ], [ 8.792647549106297, 45.495870405269905 ], [ 8.792648488878491, 45.495613291116356 ], [ 8.79251037470539, 45.494940510845176 ], [ 8.792343864880555, 45.49432707367054 ], [ 8.792234044474275, 45.493595037588761 ], [ 8.792178300810516, 45.493456434639484 ], [ 8.792066743669499, 45.493199117457316 ], [ 8.791927258013756, 45.492902238747035 ], [ 8.791956857378679, 45.49248687977007 ], [ 8.79221083114528, 45.492269731172634 ], [ 8.792605555434594, 45.491973825546559 ], [ 8.793107631931116, 45.491814090695343 ], [ 8.793641128625012, 45.491633175786227 ], [ 8.794637231430666, 45.49146505352153 ], [ 8.79557860723286, 45.491429029035629 ], [ 8.796122622300484, 45.491430445947721 ], [ 8.796842162449311, 45.491160299130762 ], [ 8.79739473767911, 45.490744874710686 ], [ 8.797421733928118, 45.490395469085797 ], [ 8.797127715797583, 45.489779477299557 ], [ 8.796955757009925, 45.489174045842603 ], [ 8.79695262328382, 45.488458401703056 ], [ 8.79709398743757, 45.487644377769058 ], [ 8.797259974190819, 45.487125528089095 ], [ 8.797257799151989, 45.487124698822633 ], [ 8.797289403844799, 45.486937619056704 ], [ 8.797401736652709, 45.486667990650254 ], [ 8.797513946207298, 45.486433178381461 ], [ 8.797700492293643, 45.486172387106429 ], [ 8.797861759149075, 45.486059518131839 ], [ 8.798029277201767, 45.485929253539489 ], [ 8.798233883236062, 45.485807757434749 ], [ 8.79830477495929, 45.485776437981819 ], [ 8.798314736169628, 45.485768429236415 ], [ 8.798331067114024, 45.485764822501352 ], [ 8.798351622514369, 45.485755740615446 ], [ 8.798363611166947, 45.485757637619898 ], [ 8.798523914735629, 45.485722239879273 ], [ 8.798598053444882, 45.485684952801591 ], [ 8.799056995759519, 45.485553306299678 ], [ 8.799524045170488, 45.485444705246685 ], [ 8.800236888277759, 45.485284701010507 ], [ 8.800251423170915, 45.485285930783299 ], [ 8.800368734692377, 45.485254194345906 ], [ 8.800663563670403, 45.485223156554156 ], [ 8.800810401656307, 45.485164765642914 ], [ 8.801318458114311, 45.4850331911762 ], [ 8.80185133953972, 45.484826796661146 ], [ 8.802408772891821, 45.484620439424596 ], [ 8.802785913677429, 45.484465599717574 ], [ 8.803244676013097, 45.484380005796169 ], [ 8.804014583989551, 45.484283424608186 ], [ 8.804530413694026, 45.484267028034687 ], [ 8.804702401352024, 45.484250044482401 ], [ 8.805153111116116, 45.484124117423491 ], [ 8.805563408642719, 45.484019451655691 ], [ 8.806718214267237, 45.483557012729484 ], [ 8.806841837701111, 45.483470465935184 ], [ 8.807096020600872, 45.483355716590701 ], [ 8.807342268300125, 45.483166089722047 ], [ 8.807572568349306, 45.482849737775325 ], [ 8.807770496341869, 45.482423912722474 ], [ 8.807902453740818, 45.482136192858469 ], [ 8.80797673974984, 45.481957793156965 ], [ 8.808034473585604, 45.481831195195895 ], [ 8.808617425826954, 45.481325389753813 ], [ 8.808937549375205, 45.481072533820594 ], [ 8.80958580224665, 45.480618661295452 ], [ 8.809774476980033, 45.480503797616443 ], [ 8.810004098287678, 45.480383242790033 ], [ 8.81225011911812, 45.479488562505864 ], [ 8.812614059381206, 45.479321776171091 ], [ 8.812755643193277, 45.479245529909761 ], [ 8.81248677698804, 45.47903171344467 ], [ 8.813019354616515, 45.478656765115424 ], [ 8.813921631919223, 45.478024846809937 ], [ 8.811886981455597, 45.476509968066964 ], [ 8.812206257929146, 45.476312684515605 ], [ 8.81198202332973, 45.476101370435032 ], [ 8.812452239319915, 45.47562732517315 ], [ 8.812979187344883, 45.47538357950031 ], [ 8.812155264569974, 45.474730035658375 ], [ 8.812034592166428, 45.474628683731808 ], [ 8.813970689038447, 45.473135226496588 ], [ 8.814109851134196, 45.473163799560353 ], [ 8.81612408415085, 45.473594556249509 ], [ 8.816346433629539, 45.473442632020074 ], [ 8.816633569840135, 45.473241529018573 ], [ 8.816945020099562, 45.473115333361434 ], [ 8.817264578554322, 45.473012182040698 ], [ 8.817682320846219, 45.472920706285059 ], [ 8.817969138322615, 45.472817503428239 ], [ 8.818239711268683, 45.472673959519135 ], [ 8.818371190683555, 45.472512919719996 ], [ 8.818502909644641, 45.472277015529926 ], [ 8.818534210799969, 45.472125294557927 ], [ 8.818467366553909, 45.471975469010779 ], [ 8.818192450917552, 45.471644931471253 ], [ 8.817499816118669, 45.470973007589038 ], [ 8.817037873954122, 45.470345905110854 ], [ 8.816934819126736, 45.469982610650085 ], [ 8.817082654685301, 45.469773967803668 ], [ 8.81846065352098, 45.468666429827117 ], [ 8.817814953998589, 45.468204630181717 ], [ 8.817086019279211, 45.467682848298523 ], [ 8.816756835545203, 45.467472722643734 ], [ 8.816515643215801, 45.467519764529335 ], [ 8.81633957849958, 45.467619735008753 ], [ 8.816180664195054, 45.467633430329514 ], [ 8.816121487771877, 45.467535510177889 ], [ 8.816092338805881, 45.467318846063854 ], [ 8.81614315420048, 45.466969654753719 ], [ 8.816247050102264, 45.466450731462203 ], [ 8.816314368711964, 45.465955595169369 ], [ 8.815821756257597, 45.464867546279926 ], [ 8.814937603228275, 45.464685708174251 ], [ 8.815164082104371, 45.464101194472136 ], [ 8.815397647240399, 45.464125149899402 ], [ 8.815551118255808, 45.464060778253881 ], [ 8.815847625429097, 45.463313938837082 ], [ 8.815992312252012, 45.462933488975324 ], [ 8.816229991920515, 45.462401457194119 ], [ 8.816423745854777, 45.461981130243068 ], [ 8.816407917324359, 45.461820195811931 ], [ 8.815837431369273, 45.461416909560455 ], [ 8.815428869358591, 45.461010913591018 ], [ 8.815399807377174, 45.460346880612569 ], [ 8.815224035326885, 45.459908859984871 ], [ 8.814944030660529, 45.459480663369078 ], [ 8.814847237988149, 45.459017658468369 ], [ 8.814877575879382, 45.458706056340802 ], [ 8.81532562952167, 45.457827703471729 ], [ 8.815401382659317, 45.457526792375013 ], [ 8.815165723791328, 45.45698932024986 ], [ 8.81484075540917, 45.45676875679905 ], [ 8.815185256490933, 45.456334724823243 ], [ 8.815609077056807, 45.455798945992896 ], [ 8.814945347510951, 45.455549938905392 ], [ 8.814957641091112, 45.455336759835625 ], [ 8.815062926204531, 45.455230373154215 ], [ 8.815214533472973, 45.455148632814691 ], [ 8.815273548319697, 45.454935531968047 ], [ 8.816064786648154, 45.455215609509352 ], [ 8.816977980152402, 45.453229523028917 ], [ 8.817354773579323, 45.452382726023082 ], [ 8.817521031892509, 45.452103643633436 ], [ 8.818383888511269, 45.451150704812569 ], [ 8.819213117247687, 45.450383814318343 ], [ 8.819931236264669, 45.449699413368556 ], [ 8.82052681300398, 45.448944494240997 ], [ 8.821701380266115, 45.449443031628611 ], [ 8.823090479253418, 45.450028273118171 ], [ 8.823446579576837, 45.450204214556557 ], [ 8.824010061016018, 45.449786062228199 ], [ 8.825335422858938, 45.448926834947883 ], [ 8.825700021059719, 45.448671354950527 ], [ 8.826426154963906, 45.449091473622623 ], [ 8.826723279653004, 45.449278123903241 ], [ 8.826789114509925, 45.449371369241085 ], [ 8.827085498129685, 45.449767523447548 ], [ 8.827085286015809, 45.449837360858751 ], [ 8.827714424197293, 45.449558958773892 ], [ 8.828739393856997, 45.448906651743975 ], [ 8.829271838159404, 45.448513811161583 ], [ 8.829528968471269, 45.448209553469809 ], [ 8.829604066370459, 45.448002139731017 ], [ 8.829939881696623, 45.446256812178383 ], [ 8.830075069234042, 45.445302698403488 ], [ 8.830274109518038, 45.44507017319301 ], [ 8.830242077965506, 45.444744252501607 ], [ 8.830242633866744, 45.444558052211349 ], [ 8.8310736322631, 45.443069484203356 ], [ 8.831372880200963, 45.442534537896414 ], [ 8.832033471498887, 45.442745012948599 ], [ 8.832497725033285, 45.44228013680619 ], [ 8.833127953972777, 45.441629301920869 ], [ 8.833459522429036, 45.441280598454725 ], [ 8.833691677338749, 45.441071421385352 ], [ 8.834419792879043, 45.440793212420836 ], [ 8.834684535557168, 45.440723754438082 ], [ 8.835081429756157, 45.440677704489907 ], [ 8.835213915392719, 45.440584839177482 ], [ 8.83557773547642, 45.440562046670664 ], [ 8.835841938251312, 45.440678788274418 ], [ 8.836238557654584, 45.440725967751369 ], [ 8.836635451898697, 45.440679912403617 ], [ 8.83690001805998, 45.440633757717777 ], [ 8.837528604828151, 45.44049497153933 ], [ 8.837859782700653, 45.44030923546164 ], [ 8.838157426393913, 45.440309653069882 ], [ 8.838587379575163, 45.440240418197099 ], [ 8.83865382195283, 45.440124145055343 ], [ 8.839336869055566, 45.440147957455331 ], [ 8.839236663404284, 45.4384106344475 ], [ 8.839255222936364, 45.437925311327866 ], [ 8.839620758115105, 45.437250762228224 ], [ 8.839820423318569, 45.436808709064941 ], [ 8.840186011337767, 45.436110940307302 ], [ 8.840518657776029, 45.435389815599315 ], [ 8.840520682848551, 45.434668142290839 ], [ 8.840356816900414, 45.43415584094646 ], [ 8.840291172747458, 45.433992857333493 ], [ 8.840292088330116, 45.433666893977197 ], [ 8.840458696674908, 45.433201577193202 ], [ 8.840558945710479, 45.432829312377784 ], [ 8.840692774219203, 45.4322475849509 ], [ 8.840760308231609, 45.431735511948048 ], [ 8.840793864539235, 45.431572667705645 ], [ 8.841080292504797, 45.430311346691475 ], [ 8.8409637149626, 45.430261997127893 ], [ 8.84080088479824, 45.430195124172592 ], [ 8.8406297237877, 45.430129145786751 ], [ 8.840486229444535, 45.43008154222305 ], [ 8.84025332248329, 45.430013485951939 ], [ 8.840163924608209, 45.42998185922778 ], [ 8.84013104845125, 45.429970042288481 ], [ 8.840172486080936, 45.429937882113499 ], [ 8.840469607411547, 45.429314316588481 ], [ 8.840404884567393, 45.428825368374916 ], [ 8.840240641139841, 45.428452738198338 ], [ 8.84020845651952, 45.428126819137994 ], [ 8.840967761121918, 45.428500270418382 ], [ 8.841406515587607, 45.425242035706113 ], [ 8.842302743322477, 45.423893143123308 ], [ 8.843032180514109, 45.423079403550261 ], [ 8.843596585195707, 45.422172380132032 ], [ 8.844990118435275, 45.420195696395041 ], [ 8.845321279033371, 45.419963319563209 ], [ 8.84524464757809, 45.419849374993952 ], [ 8.845355256322028, 45.419832242372301 ], [ 8.845650689981543, 45.419599008782207 ], [ 8.846047864126286, 45.4193507876669 ], [ 8.846326271030696, 45.419136067463299 ], [ 8.846457208222843, 45.418811446425075 ], [ 8.846507319371687, 45.418284766046732 ], [ 8.846385520094557, 45.417041954077753 ], [ 8.845572694176031, 45.415744850026172 ], [ 8.845448006357739, 45.415632770400101 ], [ 8.845303543493307, 45.415505750551716 ], [ 8.844992903735502, 45.415261719950095 ], [ 8.844945377430841, 45.414930342081625 ], [ 8.845007979357236, 45.414707728400515 ], [ 8.845058884278457, 45.414629498105313 ], [ 8.845424265832335, 45.414237867157112 ], [ 8.845729351473718, 45.414088491246382 ], [ 8.845947350879802, 45.414064152586825 ], [ 8.846109873358261, 45.414069507789534 ], [ 8.846421061575311, 45.413987024902653 ], [ 8.84666302372581, 45.413517650968792 ], [ 8.846802314450773, 45.41321283332892 ], [ 8.846882510848786, 45.413107811386496 ], [ 8.846901311787105, 45.413012668821288 ], [ 8.846996898699089, 45.412836176603939 ], [ 8.847109569006854, 45.412738879676859 ], [ 8.84730860805953, 45.412678240598495 ], [ 8.847775599401871, 45.412654493855534 ], [ 8.8479831561773, 45.412642586149872 ], [ 8.848199344715624, 45.412636779801005 ], [ 8.848311800617319, 45.412618655709686 ], [ 8.848562830604882, 45.412515449839624 ], [ 8.848684258286386, 45.412375531126628 ], [ 8.848766601912155, 45.412320871923463 ], [ 8.850190377881891, 45.410143774019495 ], [ 8.85045898972314, 45.409901937601802 ], [ 8.850629011330174, 45.409722973409671 ], [ 8.85073254891909, 45.409442656804451 ], [ 8.850884796640674, 45.409185838523506 ], [ 8.851059110668491, 45.408773155629376 ], [ 8.851217767525695, 45.408545578691225 ], [ 8.851586661945264, 45.408353997368131 ], [ 8.851980202845096, 45.408043651475971 ], [ 8.852381806741331, 45.407792169514359 ], [ 8.852655309248679, 45.407648523740725 ], [ 8.852909958973864, 45.407500981581109 ], [ 8.853087574273975, 45.407478709659394 ], [ 8.853455229311058, 45.407189023791162 ], [ 8.85372466001364, 45.407028539618601 ], [ 8.853969602386417, 45.40676056797863 ], [ 8.854159092288247, 45.406458866510832 ], [ 8.854184549943518, 45.40622733377328 ], [ 8.854171414338103, 45.406007545238644 ], [ 8.854116143044271, 45.405781401087175 ], [ 8.854010210531939, 45.405628901887127 ], [ 8.85391712776282, 45.4054786675404 ], [ 8.853750209326426, 45.405358850258381 ], [ 8.853576135632036, 45.405195552746783 ], [ 8.853392182767063, 45.405020906965575 ], [ 8.853400157348839, 45.404704845122112 ], [ 8.853474019291658, 45.404459067039646 ], [ 8.853597531906249, 45.404286158562542 ], [ 8.853750671213762, 45.404147305550751 ], [ 8.85403938210864, 45.403982075452376 ], [ 8.8541649779916, 45.403942004619608 ], [ 8.854317303447289, 45.403750503065481 ], [ 8.854377111333411, 45.403642310932263 ], [ 8.854483396412856, 45.403446878986209 ], [ 8.854508018392464, 45.403210310568404 ], [ 8.854340685291683, 45.403007334260067 ], [ 8.854557077586477, 45.402771092112957 ], [ 8.854725585466658, 45.40255162016723 ], [ 8.854869925906172, 45.402349036986216 ], [ 8.855110462439512, 45.402062067058431 ], [ 8.855182812548065, 45.401910154906254 ], [ 8.85520713143182, 45.401791836757162 ], [ 8.855471775296062, 45.4014711453529 ], [ 8.855640256927378, 45.401217925229531 ], [ 8.856824508796835, 45.400558475162462 ], [ 8.857283345480313, 45.400297158542806 ], [ 8.857585712790224, 45.400105179185196 ], [ 8.857898398087102, 45.39973378455214 ], [ 8.857553050918307, 45.399609283245866 ], [ 8.857597288948115, 45.399201285389715 ], [ 8.857702025786582, 45.398799451348935 ], [ 8.85779784270628, 45.398507235572673 ], [ 8.857876174614143, 45.398294167054367 ], [ 8.857947458290596, 45.398135669975325 ], [ 8.858052006833537, 45.397995042161256 ], [ 8.858253410385926, 45.397839683241756 ], [ 8.858361795660784, 45.397679641397971 ], [ 8.858483495375854, 45.397405723416256 ], [ 8.858527665436721, 45.397022087873772 ], [ 8.858736137624707, 45.39661428998761 ], [ 8.858909536785481, 45.396407429403595 ], [ 8.859188508207721, 45.39618892414412 ], [ 8.859254195997552, 45.396152902688407 ], [ 8.859454864590509, 45.396109667195127 ], [ 8.859818519020115, 45.395866495672863 ], [ 8.860130367200014, 45.395598898434081 ], [ 8.860364180559316, 45.395428651252196 ], [ 8.860918888503747, 45.394820287334326 ], [ 8.861586253687239, 45.394090246190167 ], [ 8.861673086548697, 45.393925911962775 ], [ 8.861950267713828, 45.393688719989093 ], [ 8.863033265311968, 45.392642469886397 ], [ 8.86304071600941, 45.392616000578933 ], [ 8.863421061875259, 45.392098127477119 ], [ 8.863774761715808, 45.391545239504268 ], [ 8.863946948674441, 45.391390196474681 ], [ 8.864030160407884, 45.391128312487801 ], [ 8.864047562044751, 45.390587716399345 ], [ 8.864066686628856, 45.390163850394224 ], [ 8.864194426955271, 45.389647324435742 ], [ 8.864811147637898, 45.388956866943396 ], [ 8.865816207293483, 45.387966174040848 ], [ 8.866152840526553, 45.387527286000079 ], [ 8.86635974160604, 45.387249882725676 ], [ 8.86667772813629, 45.386898810597621 ], [ 8.866874587619538, 45.386497379014401 ], [ 8.867133147070021, 45.386241812269027 ], [ 8.867283487515968, 45.385957143098956 ], [ 8.867608865623071, 45.385639644598747 ], [ 8.867871205561762, 45.385250164325484 ], [ 8.868173456297407, 45.384724745676415 ], [ 8.868396149318457, 45.384487137230359 ], [ 8.868572340357357, 45.384178643462008 ], [ 8.868822533183423, 45.383982015504216 ], [ 8.868901900734814, 45.383543455203032 ], [ 8.868895644712659, 45.383424470370116 ], [ 8.868944492641408, 45.382839562084961 ], [ 8.86885046799172, 45.382847099886931 ], [ 8.868291510402125, 45.382685579705218 ], [ 8.867150818212542, 45.38234641836975 ], [ 8.866705889641795, 45.382241331654527 ], [ 8.866637604630697, 45.382152768947755 ], [ 8.866614944320464, 45.382080343950555 ], [ 8.866615337707215, 45.381911418386402 ], [ 8.866764380357795, 45.381630043552114 ], [ 8.866890539780048, 45.381372774393519 ], [ 8.866845238055783, 45.381219887214058 ], [ 8.866470824899837, 45.380246110778216 ], [ 8.866505480924467, 45.380069178023838 ], [ 8.866688781281264, 45.379779800545187 ], [ 8.866822931388546, 45.379552381901618 ], [ 8.866781088082355, 45.379353566709248 ], [ 8.866690576815097, 45.379007562607711 ], [ 8.866610921471642, 45.37890289579029 ], [ 8.86648669836873, 45.378331617287117 ], [ 8.866646773602854, 45.378211139676019 ], [ 8.866841051209182, 45.378106793391829 ], [ 8.867800372212571, 45.37786656770097 ], [ 8.870705426422221, 45.377172429520328 ], [ 8.871013081646316, 45.377021181453522 ], [ 8.871325542204135, 45.376746768255849 ], [ 8.871407598952324, 45.376704486900245 ], [ 8.871455534600093, 45.376647981892908 ], [ 8.872129884311409, 45.376222391646607 ], [ 8.872529693877425, 45.376069992313752 ], [ 8.873009348003235, 45.375941814748202 ], [ 8.873283479862518, 45.375845588009007 ], [ 8.873306307901119, 45.375843317092091 ], [ 8.873662044666926, 45.375526757092715 ], [ 8.87395832073075, 45.375186706199209 ], [ 8.874644489859126, 45.374560006229409 ], [ 8.874941668954142, 45.374359224172508 ], [ 8.875113112292754, 45.374246791552046 ], [ 8.875227313559785, 45.374214737487527 ], [ 8.875336039527049, 45.374201338000567 ], [ 8.8754830585733, 45.374140942784599 ], [ 8.874684062343745, 45.374085090619033 ], [ 8.874802084108747, 45.37361803902494 ], [ 8.874958964682433, 45.373151122530757 ], [ 8.874945221259594, 45.372693556920183 ], [ 8.874110203948536, 45.372552433917768 ], [ 8.87496731419793, 45.369900861478946 ], [ 8.874654762510094, 45.369661130023843 ], [ 8.874459019186046, 45.369507830119858 ], [ 8.874289337595899, 45.369284540717786 ], [ 8.87467891759688, 45.368823727395707 ], [ 8.874988021421276, 45.368709494318296 ], [ 8.875183500202102, 45.368549329354138 ], [ 8.876111692251305, 45.367793987498146 ], [ 8.876779988432721, 45.366935314109426 ], [ 8.877073010741707, 45.366752211201693 ], [ 8.877871790810328, 45.365675965012656 ], [ 8.877986073641097, 45.365412485353289 ], [ 8.87816516186763, 45.365275157510197 ], [ 8.87821420613508, 45.36513769260025 ], [ 8.878344731411064, 45.364908696042427 ], [ 8.878572599658414, 45.36480579744866 ], [ 8.879256053347511, 45.364416914739373 ], [ 8.879353773336504, 45.364313876022891 ], [ 8.880350615801003, 45.363802916943747 ], [ 8.881421315218196, 45.36311005087726 ], [ 8.882338815208296, 45.362608439762248 ], [ 8.883012770744898, 45.362205757069546 ], [ 8.883754482133854, 45.36176920784262 ], [ 8.884151288455501, 45.361526610418863 ], [ 8.88385940181074, 45.361016118971357 ], [ 8.884755648993302, 45.360847013657661 ], [ 8.885651946792235, 45.36070210600446 ], [ 8.887272973978888, 45.359950601708938 ], [ 8.888516318863449, 45.358481964065867 ], [ 8.888999813489491, 45.35792363230626 ], [ 8.889275939360994, 45.357668843151167 ], [ 8.889421322287232, 45.357623710745344 ], [ 8.889421384369152, 45.357623301243514 ], [ 8.889509413967646, 45.357574866395048 ], [ 8.889574769504959, 45.357548108241524 ], [ 8.889673925851417, 45.35750751340629 ], [ 8.889803367515352, 45.357467783033492 ], [ 8.889905571235333, 45.357437686524101 ], [ 8.889995387934842, 45.357412133583004 ], [ 8.89006674336308, 45.357390869055678 ], [ 8.890151370244443, 45.35736844977135 ], [ 8.890264740023174, 45.357337050379542 ], [ 8.890371444506977, 45.357301962020799 ], [ 8.890480475433248, 45.35726736006616 ], [ 8.890542990459945, 45.357247995952683 ], [ 8.890617652009116, 45.357224870066759 ], [ 8.890906709445922, 45.357121627252582 ], [ 8.891072804374868, 45.357058775336853 ], [ 8.891206229606507, 45.356991947669101 ], [ 8.891227086263704, 45.357006050164117 ], [ 8.891246010320199, 45.356982630437209 ], [ 8.891312431770023, 45.356945838483043 ], [ 8.891978708095177, 45.35735522598933 ], [ 8.892021716438993, 45.357452709994732 ], [ 8.891874555248945, 45.357617012150563 ], [ 8.891822515248556, 45.357726590452714 ], [ 8.892625068420919, 45.358171936633461 ], [ 8.892875405332758, 45.358269614118171 ], [ 8.895560460066619, 45.359124723982369 ], [ 8.895974867193464, 45.359265176794977 ], [ 8.896181965082652, 45.359393259221498 ], [ 8.896228471279001, 45.359500737194821 ], [ 8.896920743048094, 45.36025714772974 ], [ 8.89752932764301, 45.360008574668932 ], [ 8.898595145040348, 45.359716212134636 ], [ 8.899539076320341, 45.359394123433781 ], [ 8.900308370058832, 45.358988630056281 ], [ 8.900854225773928, 45.358590321553471 ], [ 8.901284473766124, 45.358253738201185 ], [ 8.901327784985414, 45.357802345692463 ], [ 8.901288040009689, 45.357586856572759 ], [ 8.90155849774281, 45.357410873937745 ], [ 8.902234041468114, 45.357320998579269 ], [ 8.903706800166869, 45.356965122446724 ], [ 8.904081962233271, 45.357003414857402 ], [ 8.904655329945291, 45.357064727917084 ], [ 8.905137640499634, 45.357120473478709 ], [ 8.905763777172011, 45.3571694947209 ], [ 8.906105030764156, 45.35528135093287 ], [ 8.906477550477121, 45.354929941715334 ], [ 8.908448455215952, 45.355066064775336 ], [ 8.909683139460734, 45.357021965703062 ], [ 8.912824070613805, 45.356708394403078 ], [ 8.913013848431133, 45.356320106876403 ], [ 8.91352783617215, 45.355825322242382 ], [ 8.913760946228155, 45.35574072003692 ], [ 8.91394747081368, 45.355620800519382 ], [ 8.914284626768262, 45.355515483330279 ], [ 8.914546938907016, 45.35533091426786 ], [ 8.914547450401344, 45.354987664697482 ], [ 8.914772467228186, 45.354750234576393 ], [ 8.915258655644957, 45.354455220098473 ], [ 8.915859112864913, 45.354196646089655 ], [ 8.916346036388378, 45.354038600396336 ], [ 8.915908954733924, 45.353084400923649 ], [ 8.91631754618925, 45.352999018780572 ], [ 8.916753182315055, 45.35306511911562 ], [ 8.917127276499485, 45.352736179598907 ], [ 8.918247873116142, 45.352693056873875 ], [ 8.918652918572265, 45.352430010109764 ], [ 8.919088844083639, 45.352364436019499 ], [ 8.919337721543895, 45.352430489470223 ], [ 8.919605824314703, 45.352377665825173 ], [ 8.920116331530666, 45.352123685807307 ], [ 8.920840801733137, 45.352748136310439 ], [ 8.921551597855821, 45.35314461041316 ], [ 8.922749057121477, 45.353647061099032 ], [ 8.925218712385782, 45.354704620818538 ], [ 8.92611692138072, 45.355048447222742 ], [ 8.926566720394623, 45.354679113317999 ], [ 8.927739947325385, 45.355172049029441 ], [ 8.928107765402604, 45.354685749233589 ], [ 8.928551315352072, 45.354248816797167 ], [ 8.92942151279483, 45.353666162860172 ], [ 8.930169267030449, 45.353161817656954 ], [ 8.930815349032311, 45.35271590947201 ], [ 8.9316676767417, 45.352245638345643 ], [ 8.932580494038472, 45.35171248416296 ], [ 8.933352376384821, 45.351144775135907 ], [ 8.934554039292038, 45.350502969167927 ], [ 8.935409128174699, 45.349955002273603 ], [ 8.935583469685952, 45.349282278646243 ], [ 8.936018062683708, 45.348481990138694 ], [ 8.936404234328617, 45.347765281303012 ], [ 8.936679312112549, 45.34707848142537 ], [ 8.936881592385841, 45.346436009293654 ], [ 8.937086607164025, 45.345891724387393 ], [ 8.937407685905663, 45.345182898075826 ], [ 8.937641527261158, 45.344646007179691 ], [ 8.938090450829215, 45.344062972631129 ], [ 8.939238759991625, 45.343116358402064 ], [ 8.939954360983631, 45.342748457800141 ], [ 8.939487362782595, 45.340225043460464 ], [ 8.939554925762105, 45.340098033634554 ], [ 8.939534404984013, 45.340092691250476 ], [ 8.939266198162503, 45.338512867102764 ], [ 8.938836740119951, 45.336323921312463 ], [ 8.938904525205558, 45.336019438596388 ], [ 8.939095664359716, 45.335564908087179 ], [ 8.939122678289554, 45.335430946609058 ], [ 8.939369269671262, 45.334678193743535 ], [ 8.93824514261518, 45.334382306044006 ], [ 8.937826955492524, 45.334315469732338 ], [ 8.937381757104129, 45.334277165917648 ], [ 8.937030947628568, 45.334286492033051 ], [ 8.936855518324968, 45.334314944017784 ], [ 8.93673417217083, 45.334238748444889 ], [ 8.936599367184522, 45.334133997337609 ], [ 8.93618476308184, 45.333880164646885 ], [ 8.936019564683852, 45.333810129561094 ], [ 8.935817247391849, 45.333752918379595 ], [ 8.935641947195391, 45.333667175028722 ], [ 8.93545322976906, 45.333514813472 ], [ 8.935250988727095, 45.33339099097212 ], [ 8.935091081512862, 45.333323194384519 ], [ 8.934644960263551, 45.33318909277672 ], [ 8.934734861040306, 45.332887203920613 ], [ 8.93487450649129, 45.332613507834722 ], [ 8.935043993413279, 45.332381860581897 ], [ 8.935342991892519, 45.332080087225975 ], [ 8.935540566155183, 45.331852142985227 ], [ 8.935799436305983, 45.331578692969103 ], [ 8.935928991484243, 45.33138328766011 ], [ 8.936150833851878, 45.331188028338772 ], [ 8.936428147370606, 45.33097965381814 ], [ 8.936557607874512, 45.330862459117661 ], [ 8.936705572276665, 45.330667155841581 ], [ 8.937186356686148, 45.330211399323105 ], [ 8.937593070362832, 45.329833718991964 ], [ 8.937870610193384, 45.32940395057318 ], [ 8.938148218116313, 45.32890893028889 ], [ 8.938243349590229, 45.328613070419173 ], [ 8.938315198665682, 45.32824456912661 ], [ 8.938444684277608, 45.327997053461971 ], [ 8.938703628794244, 45.327723598519015 ], [ 8.939184144790232, 45.327385009053749 ], [ 8.939572242434082, 45.327163726365072 ], [ 8.939923271212793, 45.327072743464576 ], [ 8.941290289050052, 45.32685196112368 ], [ 8.942380222540107, 45.326643984099029 ], [ 8.942727440933075, 45.326563156842639 ], [ 8.943212491885875, 45.325436085706102 ], [ 8.94331997968311, 45.325171363456185 ], [ 8.943338240194139, 45.324793204264388 ], [ 8.943803765870745, 45.323910914049272 ], [ 8.944340747725244, 45.323003365365338 ], [ 8.944305170737756, 45.322801664995872 ], [ 8.94419834164181, 45.322398152263744 ], [ 8.944234312446831, 45.32219648318263 ], [ 8.944556463130068, 45.32167978131919 ], [ 8.944628143204993, 45.321541128542862 ], [ 8.944628264745678, 45.321415043935637 ], [ 8.944646229130132, 45.321225965244992 ], [ 8.944449943611586, 45.320961100414614 ], [ 8.94434287641872, 45.320809760539319 ], [ 8.94400364084837, 45.32050702641326 ], [ 8.943807297258324, 45.320305155955531 ], [ 8.943639627735109, 45.32015441927247 ], [ 8.943771809893343, 45.320015166735359 ], [ 8.944004133812069, 45.320002680680773 ], [ 8.944897426131432, 45.320192281779001 ], [ 8.945629851483895, 45.320381713908304 ], [ 8.945898380098971, 45.319915381512565 ], [ 8.946381662636277, 45.319083488306624 ], [ 8.946596450808531, 45.318692725571509 ], [ 8.946685890877493, 45.318566768139185 ], [ 8.948706642360213, 45.316726958931909 ], [ 8.950726640649076, 45.315731916878498 ], [ 8.951084143842506, 45.315593381051379 ], [ 8.952191938281416, 45.315619045107887 ], [ 8.953424904752902, 45.315543859729765 ], [ 8.954193302265848, 45.315443368889412 ], [ 8.955122559488235, 45.315204160277823 ], [ 8.956087701189576, 45.314801069785503 ], [ 8.956766944101593, 45.314460956069382 ], [ 8.956874326336491, 45.314221422716741 ], [ 8.957178276913064, 45.313918961208273 ], [ 8.957857899469623, 45.313036692994501 ], [ 8.957876575966369, 45.311952494444277 ], [ 8.957841076792302, 45.311586912423699 ], [ 8.957894839309688, 45.311435644253343 ], [ 8.957521039969095, 45.309481385067429 ], [ 8.957682689455167, 45.308384548726465 ], [ 8.957898141323808, 45.306922163467405 ], [ 8.95800645306514, 45.305384138559852 ], [ 8.9577299014909, 45.305265688264008 ], [ 8.957876052169757, 45.304623607117477 ], [ 8.957947588784522, 45.304317821980156 ], [ 8.958030440409122, 45.30379028311453 ], [ 8.95813274737953, 45.303262931301994 ], [ 8.958565050471414, 45.301216263027811 ], [ 8.958719967753039, 45.300643123839471 ], [ 8.959024947468544, 45.299516367069259 ], [ 8.959101736738855, 45.299057676026209 ], [ 8.959197587707232, 45.298706984854412 ], [ 8.959352933008663, 45.298110711867864 ], [ 8.959483702869372, 45.297604250922376 ], [ 8.959602073883799, 45.297079335111206 ], [ 8.959737729363413, 45.296502043040036 ], [ 8.959870995664277, 45.296176384782186 ], [ 8.959941749110394, 45.295612123472068 ], [ 8.960200656725323, 45.294722759026612 ], [ 8.960710379102894, 45.294605846303909 ], [ 8.961360185509587, 45.294633066064947 ], [ 8.961928443068905, 45.294736843903472 ], [ 8.962563289971207, 45.294805539563178 ], [ 8.963084873910152, 45.29487752568302 ], [ 8.963559074517002, 45.29504957254634 ], [ 8.964214953144532, 45.295319785011657 ], [ 8.964966105388504, 45.295401090429877 ], [ 8.966170833110466, 45.295546794768804 ], [ 8.96738017013905, 45.295727497988089 ], [ 8.968157713811568, 45.295675698873012 ], [ 8.969444283496763, 45.295808970351523 ], [ 8.970584971046135, 45.295759047076807 ], [ 8.970649317778825, 45.294966720952054 ], [ 8.970660469259597, 45.294541661347822 ], [ 8.97075828783233, 45.294087591518064 ], [ 8.970857938146287, 45.293776639883895 ], [ 8.970883680977572, 45.293733425028648 ], [ 8.970884646687718, 45.293722886362914 ], [ 8.970926243028705, 45.293609708971616 ], [ 8.970973698487599, 45.293480595062483 ], [ 8.971009318042507, 45.293435610298253 ], [ 8.971155330573158, 45.293251209994139 ], [ 8.971321655432726, 45.293041146026795 ], [ 8.971394449539678, 45.292922709524269 ], [ 8.971500132818875, 45.292695877456843 ], [ 8.971503478835302, 45.292660960713349 ], [ 8.971510159296118, 45.292591291049177 ], [ 8.97151937683269, 45.292495082099663 ], [ 8.971598131311399, 45.29236999576009 ], [ 8.971653749424739, 45.292188043172445 ], [ 8.971721239142314, 45.292059284047795 ], [ 8.971840324430129, 45.291852153754895 ], [ 8.971913772668772, 45.291780295140079 ], [ 8.972074524560238, 45.29131152832494 ], [ 8.972157571645985, 45.290943278810325 ], [ 8.972254257714745, 45.290630017987425 ], [ 8.972389606855131, 45.289948855723324 ], [ 8.972872533623763, 45.288968169588991 ], [ 8.973048962058963, 45.288343804572499 ], [ 8.973090116163943, 45.288099382034481 ], [ 8.973157673067414, 45.287775844544747 ], [ 8.973184727262483, 45.287576010125441 ], [ 8.973252233808248, 45.287357153360418 ], [ 8.973319718804815, 45.287185876525768 ], [ 8.973414211969029, 45.28690992690759 ], [ 8.973576135839135, 45.286576898272038 ], [ 8.975220757511897, 45.286700971462075 ], [ 8.975975671988214, 45.286739194575659 ], [ 8.976265550711057, 45.286826779205093 ], [ 8.976507050298427, 45.286920785609283 ], [ 8.976667783732582, 45.287033769038551 ], [ 8.976650912116858, 45.287244676394778 ], [ 8.976730379864126, 45.287300805991173 ], [ 8.976959549665564, 45.287329399720029 ], [ 8.977606630365489, 45.287358075689518 ], [ 8.978536815683846, 45.287386798843478 ], [ 8.979305214872197, 45.287453551547948 ], [ 8.979830976444008, 45.287463160156285 ], [ 8.980476978512456, 45.287429353057249 ], [ 8.980502521345946, 45.286354536538276 ], [ 8.980610392465586, 45.285132829733669 ], [ 8.980658161048806, 45.284721004998957 ], [ 8.980731533640844, 45.284473521800955 ], [ 8.980937808578883, 45.28422714278075 ], [ 8.981190023234799, 45.284016947890628 ], [ 8.981406897124524, 45.283820875407827 ], [ 8.981737327492183, 45.283635170619718 ], [ 8.982084362443086, 45.283469899031076 ], [ 8.982332324791388, 45.283378679767701 ], [ 8.982709415320656, 45.283268039992144 ], [ 8.98319964335793, 45.2831335599478 ], [ 8.983752312802643, 45.283051201659205 ], [ 8.984246624521623, 45.282971621319255 ], [ 8.984987186936376, 45.282882979977977 ], [ 8.985396756167969, 45.282774406825311 ], [ 8.986057971399672, 45.282503680834736 ], [ 8.987507470857434, 45.28211802082641 ], [ 8.98836285923913, 45.281916872279702 ], [ 8.989194499451559, 45.281598177333599 ], [ 8.989954853649774, 45.281195686073424 ], [ 8.99069142698032, 45.280877060001337 ], [ 8.991235862840915, 45.280777025491908 ], [ 8.994750261085056, 45.280309959707154 ], [ 8.997514090358084, 45.274593986948773 ], [ 8.99843180305429, 45.273074831053918 ], [ 8.998748129716327, 45.27291841598089 ], [ 8.998992026385773, 45.272837600269661 ], [ 8.999396662115544, 45.272636637538128 ], [ 8.999514822580853, 45.272516036962699 ], [ 8.999635298615372, 45.272445749231025 ], [ 9.000369918363731, 45.272297520680006 ], [ 9.001209340504152, 45.272050467010942 ], [ 9.002118768818789, 45.271762186230042 ], [ 9.003613717693508, 45.271304773635201 ], [ 9.003400063148689, 45.27068820547705 ], [ 9.002662246161714, 45.269432478953945 ], [ 9.002327612857432, 45.26873941028034 ], [ 9.002133127039205, 45.268455918075617 ], [ 9.002026423064599, 45.268226336701261 ], [ 9.001729963334483, 45.267560262755602 ], [ 9.001352355709697, 45.266691605585834 ], [ 9.001027215119088, 45.265989530249243 ], [ 9.000813618440747, 45.26562153058719 ], [ 9.00034071285385, 45.265879561159252 ], [ 8.999807051576225, 45.26622047644036 ], [ 8.998698505369747, 45.266640673861147 ], [ 8.997784885842607, 45.265274394994655 ], [ 8.999379243134117, 45.26451527262747 ], [ 8.999206859832171, 45.264315840437853 ], [ 9.000823450978796, 45.263474977726474 ], [ 9.000477949954064, 45.26305576855458 ], [ 9.002144621884739, 45.262236758610499 ], [ 9.002576519786976, 45.262470024763225 ], [ 9.004941115291558, 45.261200334894319 ], [ 9.006662943733721, 45.26026533934035 ], [ 9.006868139745448, 45.260519033083511 ], [ 9.007070765635079, 45.260424882877373 ], [ 9.007622946798522, 45.260169878543621 ], [ 9.008273595262679, 45.259857808330985 ], [ 9.008970280200572, 45.259579660203471 ], [ 9.009129179015838, 45.259506478788211 ], [ 9.009564311998776, 45.258950160244474 ], [ 9.010247977852964, 45.258281591531286 ], [ 9.010924814309629, 45.257720386721772 ], [ 9.011598983228744, 45.257005552772682 ], [ 9.01190803090487, 45.256825431150766 ], [ 9.012479367917425, 45.256468977439575 ], [ 9.013058899884044, 45.25614392442013 ], [ 9.013521502426798, 45.255587590927888 ], [ 9.013721683933028, 45.255067013482297 ], [ 9.013995994494653, 45.254705369189118 ], [ 9.013901322140731, 45.254350334531736 ], [ 9.013721448061188, 45.254114021252462 ], [ 9.013917832738356, 45.253980799224983 ], [ 9.014106391282915, 45.253661370468038 ], [ 9.014404345174681, 45.253332477835599 ], [ 9.014897124683289, 45.252973410348474 ], [ 9.015178494886742, 45.252737755636431 ], [ 9.015595847452278, 45.252511174177023 ], [ 9.016256756689957, 45.252160623740878 ], [ 9.016794415192237, 45.251898201810015 ], [ 9.017346235249228, 45.251901175354718 ], [ 9.017501036602949, 45.251915104108441 ], [ 9.017859718835002, 45.251638391104684 ], [ 9.018146123001003, 45.251482491688677 ], [ 9.018617573702699, 45.251206443328215 ], [ 9.019075568285976, 45.250997009277867 ], [ 9.019354838827459, 45.250527203939406 ], [ 9.019573587843029, 45.250110562309281 ], [ 9.019869947469861, 45.249859414317484 ], [ 9.020220217138574, 45.249559854776443 ], [ 9.02058387471634, 45.249312366499161 ], [ 9.020678090286387, 45.24906492795283 ], [ 9.02068613779568, 45.24870728748229 ], [ 9.02077629445591, 45.248410726393104 ], [ 9.021112855443928, 45.248093687351592 ], [ 9.021729221399671, 45.247701447796445 ], [ 9.022327533011767, 45.247398396533377 ], [ 9.022906505138458, 45.247092735554766 ], [ 9.023821147634381, 45.246669102683356 ], [ 9.024235401489795, 45.246991122010918 ], [ 9.024461644514911, 45.247007001997957 ], [ 9.02543309108666, 45.246977449301674 ], [ 9.025465555185106, 45.246973210445837 ], [ 9.027251166935871, 45.246525773056732 ], [ 9.027740113204137, 45.246992656863839 ], [ 9.02960073509399, 45.246356076413754 ], [ 9.0315674764422, 45.245594610169263 ], [ 9.031399688936769, 45.245247533686729 ], [ 9.03118492000111, 45.244497365520026 ], [ 9.033567586264047, 45.243542410655586 ], [ 9.035279789261171, 45.242638146055477 ], [ 9.035654694496685, 45.242171431931702 ], [ 9.035870047605588, 45.241895392464507 ], [ 9.035970665949712, 45.241696004516811 ], [ 9.035879423819843, 45.241631682074164 ], [ 9.036004721477941, 45.240721397376078 ], [ 9.036936343899876, 45.241026014655645 ], [ 9.037355688621192, 45.241051617290815 ], [ 9.037907028995528, 45.24171198971267 ], [ 9.038016493773036, 45.241678504490075 ], [ 9.038666356933586, 45.241394450522066 ], [ 9.039144745674722, 45.24121250406094 ], [ 9.039343293692948, 45.241104002323766 ], [ 9.03951021639779, 45.240950864417513 ], [ 9.03949326727847, 45.240297250004325 ], [ 9.039164971181492, 45.240295921004019 ], [ 9.039164524300215, 45.23964730116662 ], [ 9.03833481486447, 45.239019752577022 ], [ 9.038512402116911, 45.238747714631394 ], [ 9.038870076996808, 45.238647425124718 ], [ 9.039874413744105, 45.238245052594067 ], [ 9.040318444174185, 45.237993801168379 ], [ 9.040920879164, 45.237857422260717 ], [ 9.041028904263763, 45.237595936162919 ], [ 9.041236072372577, 45.237428462407763 ], [ 9.042630554756794, 45.236721009951424 ], [ 9.04236725919618, 45.236424563473633 ], [ 9.044898158120471, 45.235233809924075 ], [ 9.044514830754627, 45.234866945865981 ], [ 9.044876754550906, 45.2348742737232 ], [ 9.045943112061398, 45.23516679186141 ], [ 9.046535372781268, 45.235103735634617 ], [ 9.047161144580478, 45.234909259601203 ], [ 9.04742375720191, 45.235124339337318 ], [ 9.0483419206601, 45.235207653565062 ], [ 9.048934111125112, 45.235060880370071 ], [ 9.049674232849519, 45.23480946338816 ], [ 9.050475911681341, 45.234443175260736 ], [ 9.050800191338755, 45.234176549416411 ], [ 9.051242707235085, 45.233616020122035 ], [ 9.05199155026876, 45.233268856179627 ], [ 9.052375752276607, 45.232978612630482 ], [ 9.053042751937094, 45.232500580388383 ], [ 9.053380541404765, 45.232218688609152 ], [ 9.053597039267217, 45.232004227675738 ], [ 9.053683592589548, 45.2318694417743 ], [ 9.053787352154387, 45.231593783183314 ], [ 9.053951568970961, 45.231097609002937 ], [ 9.054090172950898, 45.231011799972912 ], [ 9.054220092588041, 45.230907617308233 ], [ 9.055667252945049, 45.230533316708815 ], [ 9.056273787912506, 45.230324783632092 ], [ 9.056759017217367, 45.230159174917198 ], [ 9.05710556594566, 45.22999976002292 ], [ 9.057270152922561, 45.22990168389564 ], [ 9.057971773004322, 45.229448104800881 ], [ 9.058136376904745, 45.229368402299968 ], [ 9.058690936125648, 45.229208878303439 ], [ 9.059652785010456, 45.228969516271711 ], [ 9.059912779497528, 45.228938755959277 ], [ 9.060987458458987, 45.228852441854315 ], [ 9.061230126003244, 45.228827813358286 ], [ 9.06154206670305, 45.228748024157191 ], [ 9.061903040892853, 45.228646579476916 ], [ 9.06121543788548, 45.227749845023077 ], [ 9.063289194638516, 45.227164981092649 ], [ 9.064993000592889, 45.226990418216516 ], [ 9.068190849384246, 45.225442913193291 ], [ 9.068358032985229, 45.22564113314688 ], [ 9.068425935901644, 45.225598037976603 ], [ 9.068802378369432, 45.225324166791445 ], [ 9.069330511793513, 45.225005825527916 ], [ 9.069665205257815, 45.224831820434424 ], [ 9.070371286368996, 45.224542952017416 ], [ 9.07049303079275, 45.224503486062964 ], [ 9.070821429537199, 45.224377997223513 ], [ 9.071409782542212, 45.224106065150416 ], [ 9.072169645850078, 45.223689573546118 ], [ 9.072831341044337, 45.223238468136181 ], [ 9.073233858776671, 45.222952944568149 ], [ 9.073490129368059, 45.222801253757353 ], [ 9.073615552856539, 45.222700614595361 ], [ 9.073795262299248, 45.222573381985228 ], [ 9.074097307639894, 45.222214948042932 ], [ 9.074637539021666, 45.221383535674271 ], [ 9.074346030775221, 45.221308667053357 ], [ 9.074081175219225, 45.221012923107416 ], [ 9.073816390265424, 45.220685950212605 ], [ 9.073838040865772, 45.220374358294762 ], [ 9.072656096020991, 45.219187853003817 ], [ 9.07212938745878, 45.218613545747772 ], [ 9.071759054454496, 45.218276370950662 ], [ 9.071565490334978, 45.218023777492213 ], [ 9.071759600034909, 45.217707669555011 ], [ 9.072011330485736, 45.217611123969817 ], [ 9.072347056298574, 45.217498411819641 ], [ 9.072676948250484, 45.217502163972874 ], [ 9.072932766801545, 45.21756778716928 ], [ 9.073152987590182, 45.217635865725534 ], [ 9.073399148499954, 45.217703746257015 ], [ 9.073632005169117, 45.217716916915613 ], [ 9.073958057495688, 45.217595119170291 ], [ 9.074358331945547, 45.217452568552552 ], [ 9.075165400061515, 45.217176557608148 ], [ 9.07484299102593, 45.216706792147448 ], [ 9.075696977691749, 45.216104048536835 ], [ 9.074160567649516, 45.214705304439164 ], [ 9.074288685265364, 45.214458264425652 ], [ 9.07449455465667, 45.214240871610301 ], [ 9.074810492825305, 45.214029979332267 ], [ 9.075004025667718, 45.213940392816149 ], [ 9.076437153912307, 45.215149566603735 ], [ 9.076686556784452, 45.215055351740638 ], [ 9.077056416176246, 45.21534885787846 ], [ 9.076594072035702, 45.21570907568637 ], [ 9.078934053131267, 45.218062828790977 ], [ 9.078702099693327, 45.218248388141554 ], [ 9.078957005214644, 45.218482477464619 ], [ 9.081155050792686, 45.220512735540204 ], [ 9.081680995418926, 45.220921672258207 ], [ 9.081824465573625, 45.221065565095806 ], [ 9.082107960493795, 45.221150950438577 ], [ 9.082665138994244, 45.221069456014511 ], [ 9.083101148970224, 45.220943137327588 ], [ 9.083503896419993, 45.220767612569155 ], [ 9.08516827761933, 45.219618169208033 ], [ 9.08650072633859, 45.218617542337078 ], [ 9.088056882609868, 45.217515208537321 ], [ 9.09020881519835, 45.216509577120476 ], [ 9.091111387778744, 45.216184230223455 ], [ 9.092949984636682, 45.215461034890147 ], [ 9.094947621153031, 45.214664418345649 ], [ 9.097382242838009, 45.21372024512268 ], [ 9.100295425997954, 45.212584257390361 ], [ 9.100961147557657, 45.212303951812387 ], [ 9.101572903998735, 45.212034036775208 ], [ 9.102076016699581, 45.211733980151635 ], [ 9.102451232474648, 45.211617095176734 ], [ 9.102751642991576, 45.211482904116814 ], [ 9.103141557720917, 45.21130876071588 ], [ 9.103630746582489, 45.211098977754247 ], [ 9.104123527604427, 45.210902867335875 ], [ 9.10454274875813, 45.210737425758239 ], [ 9.10480530513299, 45.210638001969379 ], [ 9.105141193502432, 45.210498826564098 ], [ 9.10566362159615, 45.210327430266986 ], [ 9.105958972043153, 45.210245883947046 ], [ 9.106393904132494, 45.210064221709025 ], [ 9.106789973065929, 45.209878540734785 ], [ 9.107233307759435, 45.209646463898856 ], [ 9.107727731122933, 45.2093864385103 ], [ 9.108208560529148, 45.209105905611302 ], [ 9.10859696166205, 45.20887234791217 ], [ 9.108988170486645, 45.208625013759985 ], [ 9.109354456545256, 45.208412263755356 ], [ 9.109677831143642, 45.208170396708915 ], [ 9.109912267551659, 45.207982251282836 ], [ 9.110244387408944, 45.207703742192919 ], [ 9.110616910410732, 45.207358412837571 ], [ 9.110989884653883, 45.20703135325433 ], [ 9.111364974007152, 45.206660817144488 ], [ 9.111646547527908, 45.206421774796546 ], [ 9.112074196579055, 45.206084845513466 ], [ 9.112582353249822, 45.205735507585537 ], [ 9.113062330019247, 45.205423003725784 ], [ 9.113380292935382, 45.205220006646201 ], [ 9.113900670924819, 45.204845270647041 ], [ 9.114326279670594, 45.204551805415868 ], [ 9.114930530061311, 45.204173741916165 ], [ 9.115348756384643, 45.203919518262403 ], [ 9.11450174200179, 45.203717878569911 ], [ 9.114225201381151, 45.203627798267974 ], [ 9.114066336494766, 45.203416549845194 ], [ 9.113854942171985, 45.203242612116242 ], [ 9.113450005251345, 45.203106218568756 ], [ 9.113145055271747, 45.202874597401546 ], [ 9.112826993003443, 45.202702923760498 ], [ 9.112557545258525, 45.202530573016496 ], [ 9.112409165203093, 45.20236152405004 ], [ 9.112123690659123, 45.202260918251163 ], [ 9.111719796646041, 45.202381733042465 ], [ 9.111304337487748, 45.202442082179836 ], [ 9.110862253670319, 45.20236241585539 ], [ 9.110353441766437, 45.202418081258905 ], [ 9.110162991669915, 45.20242510813727 ], [ 9.109831982214184, 45.20250264451456 ], [ 9.109651418428529, 45.202518752654889 ], [ 9.109441769496227, 45.202535153030951 ], [ 9.10914104974055, 45.202530045231477 ], [ 9.108862897765675, 45.20252229926475 ], [ 9.10866491967454, 45.202490629312507 ], [ 9.108319916140145, 45.202499962245639 ], [ 9.108034640305359, 45.202500234248092 ], [ 9.107753506764562, 45.202744846636676 ], [ 9.107571637225822, 45.202962007192603 ], [ 9.107314836420267, 45.203531945081217 ], [ 9.106111937436085, 45.203513547220965 ], [ 9.106058508539068, 45.203070982509757 ], [ 9.104944135428994, 45.200088369474244 ], [ 9.105095566319822, 45.199819038864064 ], [ 9.105303284102947, 45.199616347295347 ], [ 9.10428230331742, 45.199133998349957 ], [ 9.105881695823303, 45.198267533945774 ], [ 9.107345914703867, 45.197787091352268 ], [ 9.108600080932231, 45.197224932278303 ], [ 9.11091308294761, 45.195784689623714 ], [ 9.112891068813514, 45.194393240221508 ], [ 9.113384389915332, 45.194133909065208 ], [ 9.115251861772899, 45.194165868842163 ], [ 9.117304806723491, 45.194130826521125 ], [ 9.119013416301733, 45.194048677093342 ], [ 9.120478395456733, 45.193933822433031 ], [ 9.122372688763143, 45.193892109547562 ], [ 9.123685803935459, 45.193946841762028 ], [ 9.124544569364437, 45.193716407719151 ], [ 9.125210092357435, 45.193643494250473 ], [ 9.126021089616531, 45.193606685809705 ], [ 9.126778367677073, 45.19348884465159 ], [ 9.12712322353395, 45.193299461494007 ], [ 9.127682568578679, 45.192929748558868 ], [ 9.128254314563563, 45.192429517912799 ], [ 9.128600657133413, 45.192159128385015 ], [ 9.12881501549437, 45.19196979602205 ], [ 9.129309130643842, 45.191640739608602 ], [ 9.129542068553985, 45.191175895513247 ], [ 9.129585781649855, 45.190825747527981 ], [ 9.129462976219669, 45.190416031087963 ], [ 9.129310928436018, 45.190303976467725 ], [ 9.129526669956473, 45.190033732723265 ], [ 9.129599900385861, 45.189785612528837 ], [ 9.129858586022205, 45.189523417258329 ], [ 9.130135537871455, 45.189169582011424 ], [ 9.130541718421776, 45.188684649048419 ], [ 9.131114586208403, 45.188199526064963 ], [ 9.130616960243449, 45.188079137759502 ], [ 9.130990942323658, 45.187381033607195 ], [ 9.131252289614682, 45.18686764329717 ], [ 9.131768172935542, 45.186354052579667 ], [ 9.132417920659133, 45.185903209571855 ], [ 9.13304546947356, 45.185479388193542 ], [ 9.133684021672483, 45.185051052339816 ], [ 9.134162452693712, 45.184829989998086 ], [ 9.134790530240235, 45.184640157635776 ], [ 9.135121394012494, 45.184603764636897 ], [ 9.135496509920166, 45.184459318370308 ], [ 9.136094239735494, 45.18422451474914 ], [ 9.136288162810688, 45.184161281057705 ], [ 9.136428076102428, 45.184116115736778 ], [ 9.136733236155603, 45.183998747545111 ], [ 9.137208641823895, 45.183836175857493 ], [ 9.13755665371826, 45.183687164528727 ], [ 9.138074907903951, 45.183493039984114 ], [ 9.138639190778626, 45.183280853042596 ], [ 9.139658214543601, 45.182919519919601 ], [ 9.140553123071246, 45.182585329103823 ], [ 9.141324330097492, 45.182399870838921 ], [ 9.142279919205611, 45.182160178781992 ], [ 9.143568509602785, 45.181787490764115 ], [ 9.144325723909986, 45.181679433094303 ], [ 9.145112993506691, 45.181506980395426 ], [ 9.146142886327212, 45.181441399995165 ], [ 9.146567350275527, 45.18156937428251 ], [ 9.147385334728428, 45.18154689502952 ], [ 9.148930196803526, 45.181459201682387 ], [ 9.149475611988608, 45.181479906766313 ], [ 9.149778125587201, 45.18132947741033 ], [ 9.152353130715754, 45.18124037316813 ], [ 9.153413639431101, 45.181324627579784 ], [ 9.152938610500652, 45.179958895635572 ], [ 9.151760794867768, 45.179995124883483 ], [ 9.151375360509654, 45.179980429914011 ], [ 9.150968474727492, 45.179950732858885 ], [ 9.150347311126431, 45.179815297084609 ], [ 9.15004712173231, 45.17964910475775 ], [ 9.149896488112146, 45.179361577636747 ], [ 9.149810089422559, 45.179073957062364 ], [ 9.149638131592789, 45.178816788580669 ], [ 9.149059125817768, 45.178423891203742 ], [ 9.148351528523426, 45.178015947887175 ], [ 9.147729497049474, 45.177577652082562 ], [ 9.147107776904399, 45.177215038301647 ], [ 9.146700524077968, 45.177033858488414 ], [ 9.146250639206276, 45.176882969250201 ], [ 9.146072534565112, 45.174218131964807 ], [ 9.14503829409524, 45.173883397683724 ], [ 9.144765561867999, 45.173765577217999 ], [ 9.144251335456651, 45.173599641479072 ], [ 9.143758637105913, 45.173479125668749 ], [ 9.143672664223585, 45.173342974933874 ], [ 9.142816015835685, 45.173177467460754 ], [ 9.142494855453362, 45.173162749430503 ], [ 9.142002237162403, 45.173072466088186 ], [ 9.141226255421072, 45.172886956305376 ], [ 9.141095894186167, 45.172708559724796 ], [ 9.141357611454577, 45.171774127202561 ], [ 9.141582679450782, 45.171213330614677 ], [ 9.141456716931337, 45.170873711070804 ], [ 9.140863293643609, 45.170037846682121 ], [ 9.140734820533188, 45.169898573879443 ], [ 9.14191933823915, 45.169488608360645 ], [ 9.142904042900399, 45.169232314899958 ], [ 9.143827681725433, 45.168897341534922 ], [ 9.145840527196452, 45.168357476279411 ], [ 9.1469599835566, 45.168163072706776 ], [ 9.147869867119704, 45.16800205489691 ], [ 9.148681192422398, 45.167995687002133 ], [ 9.149176639190392, 45.168218505384694 ], [ 9.149711611179724, 45.168465841637932 ], [ 9.150366031184058, 45.168725255032562 ], [ 9.150752893515476, 45.168672904486051 ], [ 9.151220024753826, 45.168619542610529 ], [ 9.151525325320266, 45.168521980349666 ], [ 9.151667958916354, 45.168370007725471 ], [ 9.152096153426697, 45.168513885242106 ], [ 9.152559435533496, 45.168764279540028 ], [ 9.152625301250632, 45.168857023858997 ], [ 9.152609347668506, 45.169025302402495 ], [ 9.152526509974935, 45.169496126929737 ], [ 9.15253680050232, 45.169501162216939 ], [ 9.152480441166183, 45.169895774771568 ], [ 9.152343109962233, 45.170685028047195 ], [ 9.152254059669673, 45.171126099249925 ], [ 9.152148448592552, 45.17150917133997 ], [ 9.152093368268764, 45.171500081017598 ], [ 9.152092623645688, 45.171504803377651 ], [ 9.152103157300537, 45.171505437468888 ], [ 9.152099235105613, 45.171509236890209 ], [ 9.152058453750918, 45.171596321000685 ], [ 9.152518041232478, 45.171688536861105 ], [ 9.152920244394373, 45.17179243265268 ], [ 9.153388205485514, 45.171948457331496 ], [ 9.153954857397439, 45.172197175761617 ], [ 9.154258650256411, 45.172307001010545 ], [ 9.154496792193472, 45.172405310243754 ], [ 9.15457113636579, 45.172214578913923 ], [ 9.154591401136637, 45.172198971422191 ], [ 9.1544970851948, 45.171782223400946 ], [ 9.154428689005959, 45.171488690899643 ], [ 9.15425519401933, 45.171198721868556 ], [ 9.154200232609847, 45.170897928321317 ], [ 9.15408976989128, 45.170520218451358 ], [ 9.154186958463683, 45.170061729177633 ], [ 9.154464986889094, 45.169748044476464 ], [ 9.15471836056612, 45.169416985974863 ], [ 9.154905872162697, 45.168998986394698 ], [ 9.155249587990312, 45.168714221163548 ], [ 9.155650445238619, 45.168330741326294 ], [ 9.155879514501793, 45.168115752801121 ], [ 9.156508964521539, 45.167349024284427 ], [ 9.157172893140707, 45.167683478460098 ], [ 9.15744668593028, 45.16738889282508 ], [ 9.157388527365606, 45.16718872560353 ], [ 9.15814248409481, 45.167007316004032 ], [ 9.158329067422315, 45.167278496334617 ], [ 9.158111147934825, 45.167437467827902 ], [ 9.158330581826554, 45.168126471479809 ], [ 9.159389240914214, 45.167969742798292 ], [ 9.159703834529129, 45.168497237239222 ], [ 9.159130646807087, 45.168671112229248 ], [ 9.159404870181124, 45.169044260003844 ], [ 9.159765254825652, 45.16959494154068 ], [ 9.159889305286828, 45.169957391655323 ], [ 9.160094934479423, 45.170160173804248 ], [ 9.160566666159058, 45.170195769357612 ], [ 9.160433765363425, 45.170333756200201 ], [ 9.160007981821238, 45.170608832049965 ], [ 9.159306855396633, 45.171085195966157 ], [ 9.158619050057299, 45.171524813883615 ], [ 9.157564407158752, 45.172208747722955 ], [ 9.157817671454152, 45.172452116034975 ], [ 9.157978261613183, 45.172386913774794 ], [ 9.158278186921633, 45.172841353897461 ], [ 9.157704304434564, 45.172972201856602 ], [ 9.157095289549678, 45.173035866410892 ], [ 9.156987370032205, 45.173544162611513 ], [ 9.156880847178227, 45.174240624570757 ], [ 9.156423514642022, 45.174972411842134 ], [ 9.156921509302256, 45.175211304018582 ], [ 9.157463734735163, 45.174933803800982 ], [ 9.157830660357195, 45.174680938754655 ], [ 9.158239095300907, 45.174411451076331 ], [ 9.159151956453819, 45.174241067736105 ], [ 9.159843357521796, 45.174025268763614 ], [ 9.16112611405177, 45.173587140000549 ], [ 9.162017038159469, 45.173238835309775 ], [ 9.162984701836853, 45.172866382447467 ], [ 9.163988523223347, 45.172408820921056 ], [ 9.164525609779322, 45.17211662802135 ], [ 9.164638276284682, 45.17170327529076 ], [ 9.165108680014306, 45.172449861399784 ], [ 9.164838937087373, 45.172906909439696 ], [ 9.166608770384549, 45.172937271198577 ], [ 9.167139692166963, 45.172656590841711 ], [ 9.167646593289609, 45.172632266268536 ], [ 9.168622822322844, 45.172723610066086 ], [ 9.168905121951417, 45.17265506300707 ], [ 9.169240234941917, 45.172418674972185 ], [ 9.169707075335268, 45.172579980513063 ], [ 9.171359319792948, 45.173328638446854 ], [ 9.171740391865088, 45.173545500081019 ], [ 9.171545825410654, 45.173997593513967 ], [ 9.171462462223584, 45.17423009723413 ], [ 9.171057306506821, 45.175396831692325 ], [ 9.171389313742635, 45.175661110268692 ], [ 9.171670833273362, 45.175468986536877 ], [ 9.172004879565193, 45.175399543908391 ], [ 9.172542737435204, 45.175331227440843 ], [ 9.17289225032401, 45.175240876820794 ], [ 9.174029620039052, 45.176224279086647 ], [ 9.174886116762121, 45.17691362130973 ], [ 9.175976639021878, 45.176808348975939 ], [ 9.175890466642741, 45.176669522385048 ], [ 9.17937991830258, 45.176000956329396 ], [ 9.179661137147914, 45.17632063902392 ], [ 9.180039178928082, 45.176624960136039 ], [ 9.180438825493772, 45.176891086066682 ], [ 9.18069247076976, 45.17705052280553 ], [ 9.18094750191451, 45.176820077441334 ], [ 9.181395255670255, 45.176766895671541 ], [ 9.181786495568293, 45.176566201193907 ], [ 9.18246550323628, 45.176365226020948 ], [ 9.18299225833699, 45.176239642011183 ], [ 9.183475082836445, 45.176226621551372 ], [ 9.186230095651702, 45.175362918197287 ], [ 9.186031863001604, 45.174980115731557 ], [ 9.186376188952437, 45.174851841642337 ], [ 9.186737117558106, 45.174793199541639 ], [ 9.187557168407789, 45.174571172225221 ], [ 9.188967689903015, 45.174208930529666 ], [ 9.188572309495459, 45.173779930676893 ], [ 9.188423780667604, 45.173547975490131 ], [ 9.18845624433674, 45.173431821311212 ], [ 9.188669209354892, 45.173315369986135 ], [ 9.190358696639937, 45.172940947705762 ], [ 9.190374514374177, 45.172743551981213 ], [ 9.190570791028907, 45.172534243144341 ], [ 9.190629884884189, 45.172412554680001 ], [ 9.190863363246992, 45.17221974357259 ], [ 9.191343897057482, 45.172471656466392 ], [ 9.191876315730465, 45.172830758281137 ], [ 9.192752234907074, 45.173410495808618 ], [ 9.193135949785679, 45.173671562521037 ], [ 9.193682190279167, 45.173859092486481 ], [ 9.194198571042984, 45.174122451014689 ], [ 9.194813076445989, 45.17432254998991 ], [ 9.195277031819534, 45.174566193000906 ], [ 9.195903862904153, 45.174747815233317 ], [ 9.196524266340171, 45.174828917347469 ], [ 9.1971853060888, 45.175066988730904 ], [ 9.197659692617881, 45.17513681546626 ], [ 9.198225555721878, 45.175134210851425 ], [ 9.198645971209466, 45.17513410691415 ], [ 9.199167795972453, 45.174872646246932 ], [ 9.199548085584254, 45.174773253237163 ], [ 9.20009380672135, 45.174714421439909 ], [ 9.200599665524244, 45.174660252398404 ], [ 9.201103896507286, 45.174651891583338 ], [ 9.20162826533398, 45.174668244831878 ], [ 9.202130848330221, 45.174609572165245 ], [ 9.202738059897891, 45.174489695713966 ], [ 9.203286278738982, 45.174366224971557 ], [ 9.203474195647591, 45.17503143459431 ], [ 9.203710751861136, 45.175914177353015 ], [ 9.20470305108905, 45.175770557853625 ], [ 9.205546641758817, 45.175600916243205 ], [ 9.206081056152064, 45.17682520177496 ], [ 9.207063683113436, 45.176674381523249 ], [ 9.208678198633304, 45.176464429403744 ], [ 9.20996631670277, 45.176284308528956 ], [ 9.210940584769949, 45.176121592598385 ], [ 9.211476065009858, 45.17595976628354 ], [ 9.211638182164526, 45.175867487138632 ], [ 9.211719154218628, 45.175798394334691 ], [ 9.211734782910325, 45.175626017985024 ], [ 9.211422935931759, 45.174764761511618 ], [ 9.211225820442461, 45.174190478826191 ], [ 9.20991477992948, 45.170326160504352 ], [ 9.209366329745874, 45.170456412119535 ], [ 9.209277953808286, 45.17019512454398 ], [ 9.207728961002156, 45.170453653485687 ], [ 9.208490219025432, 45.172471854478928 ], [ 9.207904276313373, 45.172544297625222 ], [ 9.206206221142768, 45.172576995115037 ], [ 9.205725453094775, 45.172948665453944 ], [ 9.205075597920477, 45.172964597789161 ], [ 9.20530386419593, 45.172326540218833 ], [ 9.205449070787916, 45.171881410116477 ], [ 9.205447041098791, 45.171317926321926 ], [ 9.205529712851817, 45.170991528743933 ], [ 9.205780340019981, 45.170738894229991 ], [ 9.20653462827751, 45.170618908851878 ], [ 9.20758193927267, 45.170394614277022 ], [ 9.206844663395309, 45.169417120590424 ], [ 9.20947037832163, 45.168386409527251 ], [ 9.20936697215974, 45.168145758794559 ], [ 9.209410667034023, 45.16778505412374 ], [ 9.209634600750904, 45.1675301195176 ], [ 9.210891177865914, 45.166764060963338 ], [ 9.210454469998929, 45.166255828730179 ], [ 9.210933503918627, 45.166063961202127 ], [ 9.210723674515815, 45.165674561151732 ], [ 9.210750017072975, 45.165077903754707 ], [ 9.21097311335112, 45.164600221707182 ], [ 9.211408859473185, 45.164141582156851 ], [ 9.213382914359933, 45.164889215351394 ], [ 9.212766910517701, 45.165798918006239 ], [ 9.213581388907025, 45.165550163444969 ], [ 9.214081825170316, 45.165417279185306 ], [ 9.214176178014108, 45.165396967360884 ], [ 9.21431937780839, 45.165326435330407 ], [ 9.214720600711782, 45.165180546059879 ], [ 9.215027833871037, 45.165046928811542 ], [ 9.215394128346576, 45.164707593198507 ], [ 9.215632264804134, 45.16438664218871 ], [ 9.216294341707551, 45.16315175483939 ], [ 9.216805826230143, 45.162221594862352 ], [ 9.217561244687628, 45.160680006509686 ], [ 9.217693252606491, 45.160273458141283 ], [ 9.21844331094159, 45.158215735515263 ], [ 9.218773971584996, 45.157376522519414 ], [ 9.218906388420448, 45.157080994835091 ], [ 9.219322405379376, 45.156737678311003 ], [ 9.220520487941378, 45.155743243028503 ], [ 9.222401499634325, 45.154381321929748 ], [ 9.223317233184776, 45.153777167592537 ], [ 9.224415974006586, 45.152995405917977 ], [ 9.223321096070293, 45.152059006565437 ], [ 9.225666595891107, 45.150635256701797 ], [ 9.226651750744095, 45.151301098842531 ], [ 9.227128083672699, 45.151028796668676 ], [ 9.227600392671388, 45.15095927255085 ], [ 9.228775388316265, 45.150823895288134 ], [ 9.229380975144108, 45.150715486711839 ], [ 9.230380391601628, 45.15061482648327 ], [ 9.230707457331357, 45.150584104227164 ], [ 9.231207747023101, 45.150535836362174 ], [ 9.23187053088334, 45.150487326539164 ], [ 9.232118886733424, 45.150473951437434 ], [ 9.232361712801291, 45.150572095470153 ], [ 9.232597860881501, 45.150524454929311 ], [ 9.233069952604156, 45.150403336150205 ], [ 9.233396697046212, 45.150295477671861 ], [ 9.233820479061302, 45.150187416933136 ], [ 9.234144106016176, 45.150086222144864 ], [ 9.233928415293633, 45.149929522533363 ], [ 9.235689873778979, 45.148928597435265 ], [ 9.23693681231776, 45.14796876479803 ], [ 9.236957193189832, 45.147166460958324 ], [ 9.23697357320834, 45.147195586161224 ], [ 9.238111951554508, 45.147055958826556 ], [ 9.238356890121562, 45.147108638912101 ], [ 9.239413302720903, 45.147987249520007 ], [ 9.239499024312195, 45.14806761964288 ], [ 9.239500498299348, 45.148069056822777 ], [ 9.23963498281609, 45.148245446450936 ], [ 9.240169192990152, 45.148662006447317 ], [ 9.240838371703802, 45.149391663356639 ], [ 9.240850303936083, 45.149509449623011 ], [ 9.242151221785649, 45.150908889272834 ], [ 9.24265582939702, 45.151334778244049 ], [ 9.243137637686205, 45.151702391561628 ], [ 9.244528087934516, 45.151444978609291 ], [ 9.245448358053006, 45.15189794803802 ], [ 9.243682365460177, 45.152307915491768 ], [ 9.243935226468125, 45.152636681677819 ], [ 9.244516471583477, 45.153339417338628 ], [ 9.244516575901871, 45.153339417115291 ], [ 9.245028159231371, 45.15322986299909 ], [ 9.246785462357703, 45.152844015395338 ], [ 9.247925567333303, 45.152936396012826 ], [ 9.249668464938518, 45.152861397712577 ], [ 9.257521265440294, 45.15082429306711 ], [ 9.257361899495303, 45.150401204743169 ], [ 9.258909902594761, 45.149953900145412 ], [ 9.261872752270317, 45.149755422512413 ], [ 9.261879960785437, 45.149428343956608 ], [ 9.262203506474263, 45.149412748824666 ], [ 9.261818071867296, 45.148444153564554 ], [ 9.261414995668371, 45.147765579583833 ], [ 9.261212263727172, 45.147405864965407 ], [ 9.262150109642086, 45.145958932345387 ], [ 9.264001136378502, 45.145680153756111 ], [ 9.263967315457942, 45.144784547721727 ], [ 9.263977536259446, 45.144612356714859 ], [ 9.263998725250318, 45.144408723520016 ], [ 9.26397533068177, 45.144134727168307 ], [ 9.263884961071714, 45.143735696227019 ], [ 9.263851060647088, 45.143594834933069 ], [ 9.264592414093686, 45.143640094292579 ], [ 9.264897509484918, 45.142660719445225 ], [ 9.264513422059316, 45.141952295327137 ], [ 9.263866609120701, 45.141665753250912 ], [ 9.263176720618336, 45.141347794501989 ], [ 9.262853251680559, 45.141191015010662 ], [ 9.262853217210941, 45.141190987184707 ], [ 9.262671227101682, 45.141029405824085 ], [ 9.262624622167182, 45.140992116321954 ], [ 9.262508493991403, 45.140899259769022 ], [ 9.262420995779154, 45.14064951411877 ], [ 9.26236511193777, 45.140490017978145 ], [ 9.262177071018193, 45.140058360738152 ], [ 9.261975801361707, 45.139509730220375 ], [ 9.261812111279248, 45.139172517268342 ], [ 9.261792265581695, 45.139151245818091 ], [ 9.261745067938016, 45.139100704089842 ], [ 9.261097751884822, 45.139350932648391 ], [ 9.260913476703749, 45.139422172905739 ], [ 9.26082476910728, 45.139458889148699 ], [ 9.26002799939511, 45.139788759676584 ], [ 9.259264679356304, 45.14009655483045 ], [ 9.258796492023652, 45.140277651706619 ], [ 9.258796473911859, 45.140277584234873 ], [ 9.258796434556761, 45.140277600527128 ], [ 9.2586943335776, 45.139843445530715 ], [ 9.25866842854732, 45.139733347626652 ], [ 9.258629227242871, 45.139560766574554 ], [ 9.258538623686315, 45.139162001664218 ], [ 9.258517031852167, 45.138888864925732 ], [ 9.258513365606568, 45.138842543235768 ], [ 9.258594269220618, 45.138621163815884 ], [ 9.258752057914609, 45.138189335655916 ], [ 9.259019970768927, 45.136973537167883 ], [ 9.259411672642308, 45.135352367908403 ], [ 9.259669156892331, 45.134294094884993 ], [ 9.259804700907505, 45.133681693391821 ], [ 9.259929204655268, 45.133282903228839 ], [ 9.259940935795012, 45.13324524215313 ], [ 9.260133710853555, 45.132627757138863 ], [ 9.260357727713025, 45.132032341142327 ], [ 9.26035803812872, 45.132031528479665 ], [ 9.260433677290829, 45.131830385454784 ], [ 9.260789654585578, 45.130416292341089 ], [ 9.261060188760192, 45.129425576698829 ], [ 9.261132978766135, 45.129061427430429 ], [ 9.261293300632371, 45.128259328528266 ], [ 9.261431269020735, 45.127493875173883 ], [ 9.261517047056575, 45.126946230722595 ], [ 9.261694006168163, 45.125816429965333 ], [ 9.260881237178724, 45.125988342870279 ], [ 9.260327037648089, 45.126070624807021 ], [ 9.259414202928864, 45.126160152756675 ], [ 9.25892834956953, 45.126207800525698 ], [ 9.258634832754451, 45.126236583391467 ], [ 9.256067491504547, 45.12652608132548 ], [ 9.255105617333625, 45.126705355473128 ], [ 9.254522076481233, 45.127088330627693 ], [ 9.254291863439175, 45.127252170758666 ], [ 9.253533284530544, 45.127792027214191 ], [ 9.252632882759206, 45.128401289618353 ], [ 9.251727029281144, 45.128910500920696 ], [ 9.250896572583114, 45.129194894193375 ], [ 9.250412090296399, 45.12953113122645 ], [ 9.250265273433881, 45.129793097094556 ], [ 9.24994786761879, 45.130359431553586 ], [ 9.249857272602776, 45.131312245833698 ], [ 9.249635084385673, 45.131702338712358 ], [ 9.249254372596912, 45.131839294219418 ], [ 9.249214300235357, 45.131853708803398 ], [ 9.247446941818628, 45.132489463275967 ], [ 9.246446521024438, 45.132849315061058 ], [ 9.246061432743248, 45.133119541557171 ], [ 9.245740152123201, 45.133464458932764 ], [ 9.245287735764844, 45.134239209948149 ], [ 9.245129960133502, 45.134464044258159 ], [ 9.245453240234767, 45.134583076338401 ], [ 9.245184366386972, 45.134811892336124 ], [ 9.244984711952251, 45.134964926835018 ], [ 9.244267525395394, 45.13539864424822 ], [ 9.243890131434433, 45.135695578330818 ], [ 9.243156368385399, 45.136189108076799 ], [ 9.242597606921302, 45.136607540066514 ], [ 9.241443967182866, 45.137324401903143 ], [ 9.240757678979158, 45.137707496174244 ], [ 9.240282935735303, 45.138063948253105 ], [ 9.239522330851015, 45.138791956794236 ], [ 9.239439801613498, 45.138726185136342 ], [ 9.236416150586882, 45.136316321806881 ], [ 9.235478713200802, 45.135569121592638 ], [ 9.234672076809407, 45.134937846220183 ], [ 9.234164523550481, 45.135275471959801 ], [ 9.233011861341625, 45.135946000488211 ], [ 9.231956764395301, 45.136604799702681 ], [ 9.231827079797016, 45.136720266013398 ], [ 9.231323378359793, 45.136905699986329 ], [ 9.231128284257219, 45.136952177427169 ], [ 9.229908289075009, 45.137092889917305 ], [ 9.228964818441044, 45.137198474168677 ], [ 9.228720665370272, 45.137199056999535 ], [ 9.228117178536873, 45.136877707486725 ], [ 9.227888928173003, 45.13676296376385 ], [ 9.227170491245896, 45.136200009353296 ], [ 9.225668514727746, 45.135016524381996 ], [ 9.223825361404238, 45.133650094064556 ], [ 9.223322783792529, 45.134015673484001 ], [ 9.222999663073821, 45.134254808891221 ], [ 9.222523968451997, 45.134606832391995 ], [ 9.221553777882498, 45.135306408101414 ], [ 9.220869086004736, 45.135856834252259 ], [ 9.220296285853545, 45.136136945917329 ], [ 9.219743540680941, 45.136259514965083 ], [ 9.219352633153306, 45.136305360493196 ], [ 9.21882312288141, 45.136279291003895 ], [ 9.218379265112995, 45.136190145953421 ], [ 9.217609865050713, 45.135989298354552 ], [ 9.216993223138331, 45.135828295868528 ], [ 9.216401186738292, 45.135658334434311 ], [ 9.216162464908615, 45.135595788023927 ], [ 9.214805113660704, 45.135242768736369 ], [ 9.21463422408103, 45.135201781156042 ], [ 9.213427202242412, 45.134912365119966 ], [ 9.212341927213144, 45.134617306292633 ], [ 9.210615474986163, 45.134179425413699 ], [ 9.208822248595604, 45.133741731431087 ], [ 9.207273966548899, 45.13331697483823 ], [ 9.205428337842102, 45.132874733516459 ], [ 9.204048709598853, 45.132472127646103 ], [ 9.203620288664569, 45.132256895151201 ], [ 9.202536845393587, 45.134701079016608 ], [ 9.201798050906469, 45.134591781830892 ], [ 9.201275240864879, 45.134614038457507 ], [ 9.199983993805763, 45.134746364435358 ], [ 9.198754382695189, 45.134900709180094 ], [ 9.197061617054521, 45.134682163425445 ], [ 9.195923919801469, 45.134423937040772 ], [ 9.197750197143336, 45.1372276142991 ], [ 9.19559664614577, 45.137162845895936 ], [ 9.195410520894479, 45.13683376491587 ], [ 9.193231256970629, 45.137844408577706 ], [ 9.19351084227109, 45.138458816713161 ], [ 9.192711216270441, 45.138481142740332 ], [ 9.192249274785475, 45.138371584625254 ], [ 9.190988108624534, 45.138372176599063 ], [ 9.191554804840823, 45.139943985970795 ], [ 9.191722847881357, 45.140169726926594 ], [ 9.188475850014889, 45.140633932187335 ], [ 9.187707779940107, 45.140853721600273 ], [ 9.1868159627222, 45.140919899806306 ], [ 9.185524080880329, 45.140942444038217 ], [ 9.184200199502669, 45.140701593094228 ], [ 9.181739472041818, 45.140746412050845 ], [ 9.179954890997873, 45.140681297512188 ], [ 9.179471714094323, 45.140654439680262 ], [ 9.179472444309631, 45.14065610654864 ], [ 9.179228949094483, 45.140645004550144 ], [ 9.179649913625539, 45.141606391253802 ], [ 9.179646610041733, 45.141604646519163 ], [ 9.179648926351861, 45.141609953880518 ], [ 9.177733952558523, 45.140600908268283 ], [ 9.176107616443762, 45.142330452096992 ], [ 9.173444230035381, 45.144401758470522 ], [ 9.173857014313219, 45.14465699782896 ], [ 9.175699498396721, 45.145503229145881 ], [ 9.181105946797434, 45.147549434400084 ], [ 9.181114284602517, 45.147547256270933 ], [ 9.181287609768061, 45.14757762664582 ], [ 9.181093889418547, 45.147945690959091 ], [ 9.179695886015775, 45.150966562972492 ], [ 9.179706975880466, 45.151131129689333 ], [ 9.179727621376834, 45.151131119706427 ], [ 9.180076943780534, 45.151164140352805 ], [ 9.180240173927912, 45.151230571873228 ], [ 9.180357031156431, 45.151330104492288 ], [ 9.180497129665993, 45.151413132574675 ], [ 9.18029083636946, 45.152160458908874 ], [ 9.180363531131587, 45.152824636142853 ], [ 9.180599513988835, 45.153538590125336 ], [ 9.180483330737772, 45.153588455881412 ], [ 9.178760141362977, 45.153489385752692 ], [ 9.178433465843973, 45.153323488754985 ], [ 9.178378518182832, 45.15330085343593 ], [ 9.177809744923316, 45.153212355427641 ], [ 9.177070596428505, 45.153107842914892 ], [ 9.176889529038597, 45.153013579700058 ], [ 9.176425702202396, 45.152980932391685 ], [ 9.173697725704857, 45.152773799286351 ], [ 9.171237016241321, 45.152571758249444 ], [ 9.169279528609222, 45.152430091290185 ], [ 9.169222705640184, 45.152384831304857 ], [ 9.169163887653049, 45.152379874794455 ], [ 9.168707388632914, 45.152203900042601 ], [ 9.168444757399131, 45.152218227702498 ], [ 9.167654005966522, 45.152294736233252 ], [ 9.166467863619856, 45.152404111626957 ], [ 9.16619412915945, 45.152426036014688 ], [ 9.165418742558732, 45.152556325986033 ], [ 9.165170057280708, 45.152644758397066 ], [ 9.165691621913586, 45.153600436439596 ], [ 9.164098974071738, 45.153907308761006 ], [ 9.164914327711209, 45.155041207821547 ], [ 9.164315964209113, 45.155273462991673 ], [ 9.163432114984085, 45.155830575980794 ], [ 9.163083449399622, 45.155849798776686 ], [ 9.162714851899205, 45.155649715755395 ], [ 9.162501964767838, 45.155752350863878 ], [ 9.161572590035469, 45.154945474172308 ], [ 9.160338366831729, 45.155631761720556 ], [ 9.159059185313001, 45.15460980893009 ], [ 9.158380105218543, 45.154910365550975 ], [ 9.157616607259179, 45.155531348677741 ], [ 9.157192164533011, 45.155691686475549 ], [ 9.156505888369072, 45.155825203916343 ], [ 9.155803715982906, 45.156747225750586 ], [ 9.15477673686984, 45.158185480761645 ], [ 9.154005782417491, 45.159058419900482 ], [ 9.153501429272529, 45.159761109796776 ], [ 9.153403847266187, 45.159881299837771 ], [ 9.152439831548726, 45.160621439870425 ], [ 9.152361713974766, 45.160700049499319 ], [ 9.152205250920613, 45.160769523292501 ], [ 9.151937812352799, 45.160834532101667 ], [ 9.151624734583109, 45.160918068714537 ], [ 9.15137043712337, 45.161015379251324 ], [ 9.151096675490122, 45.161158896251067 ], [ 9.150907768702933, 45.161302298702296 ], [ 9.150738587481822, 45.161501087294958 ], [ 9.15060190752077, 45.161649037246299 ], [ 9.150458540310153, 45.161736963695049 ], [ 9.150360697291545, 45.161760181836186 ], [ 9.150151679655357, 45.161773903517904 ], [ 9.149896317569706, 45.162794709713459 ], [ 9.150563677169217, 45.163011534556198 ], [ 9.150720173785666, 45.164027337449603 ], [ 9.150284882123039, 45.164204402254235 ], [ 9.149424988751642, 45.164476527503282 ], [ 9.148951142328814, 45.164638430230781 ], [ 9.1484831855271, 45.165008851429242 ], [ 9.147809856907726, 45.165128167847662 ], [ 9.147018259462275, 45.165201284821116 ], [ 9.146317125894106, 45.165282199213244 ], [ 9.144932069610634, 45.165361413764025 ], [ 9.143455477776003, 45.165429940732203 ], [ 9.143183840944248, 45.165398242874204 ], [ 9.142629490984742, 45.165350969333161 ], [ 9.142131715989464, 45.165351593484885 ], [ 9.141260823061785, 45.165400650141343 ], [ 9.140932695285706, 45.165393046731509 ], [ 9.140661441607364, 45.165473485148503 ], [ 9.140339430103065, 45.165563791715471 ], [ 9.141692104193417, 45.167146381109063 ], [ 9.140958275781095, 45.167468861840817 ], [ 9.138392001766814, 45.165477798721312 ], [ 9.136880155654897, 45.166315102958158 ], [ 9.135384113430813, 45.166736834460714 ], [ 9.134794554999001, 45.166178098198785 ], [ 9.134447901211404, 45.16619200659877 ], [ 9.133671673559943, 45.16616592173942 ], [ 9.133016105219863, 45.166090193690209 ], [ 9.1320280198987, 45.165924846310311 ], [ 9.131146166203347, 45.165637778453842 ], [ 9.131084894080653, 45.165595910037702 ], [ 9.131086837462567, 45.166443254281653 ], [ 9.129321824017472, 45.166359961294219 ], [ 9.129224219211592, 45.165001569303605 ], [ 9.128650795579745, 45.165128488436132 ], [ 9.128204637356118, 45.16515605004026 ], [ 9.127245198356398, 45.165201130350965 ], [ 9.126831791012091, 45.165300591409839 ], [ 9.126512488489618, 45.165440537077721 ], [ 9.125898512141536, 45.165826043916887 ], [ 9.124803254014591, 45.166368397258537 ], [ 9.124153562733905, 45.166612624664424 ], [ 9.123363795439365, 45.166938172248052 ], [ 9.122726938728405, 45.167227474178965 ], [ 9.122140803693149, 45.167390451096864 ], [ 9.121758567615819, 45.167508107683005 ], [ 9.121363553982057, 45.167616760501417 ], [ 9.120547956514839, 45.167798009465571 ], [ 9.12007643040603, 45.167897720694597 ], [ 9.118939149764316, 45.168153668536142 ], [ 9.118509014350396, 45.168287188122797 ], [ 9.117323591303636, 45.168441744494132 ], [ 9.116431555935362, 45.16856585768398 ], [ 9.115768691273386, 45.168731951423425 ], [ 9.115220680981615, 45.168849755816311 ], [ 9.114456045695459, 45.169030909813266 ], [ 9.114062756242326, 45.16918935170694 ], [ 9.113413231870894, 45.169730090877458 ], [ 9.113259018526483, 45.169767126405013 ], [ 9.111145485569073, 45.171316023240927 ], [ 9.110585425204333, 45.171812618431112 ], [ 9.110558009440396, 45.171801344295332 ], [ 9.110106239079855, 45.172217789503598 ], [ 9.109923380175816, 45.172327348348539 ], [ 9.109497739948161, 45.172627877767489 ], [ 9.109324977893623, 45.172787897337997 ], [ 9.109075086163934, 45.172875870882692 ], [ 9.105666273483726, 45.174021462667007 ], [ 9.105273440753102, 45.174178518983709 ], [ 9.10473166041311, 45.174433989754142 ], [ 9.104238469453044, 45.174690940286609 ], [ 9.103588586226447, 45.175002934668989 ], [ 9.103119607788781, 45.17530981033557 ], [ 9.102731994647252, 45.175633711334257 ], [ 9.102305406151752, 45.176056464215733 ], [ 9.101847581505082, 45.176915291236554 ], [ 9.101560631116561, 45.177115241100282 ], [ 9.101350611603745, 45.177115429464379 ], [ 9.10080225240152, 45.177097879960783 ], [ 9.100611196013972, 45.177224315425462 ], [ 9.100203836076496, 45.177621514730419 ], [ 9.100203851899126, 45.177630536166163 ], [ 9.10010190103038, 45.177666700564217 ], [ 9.099808713987423, 45.177730091999358 ], [ 9.099490448669547, 45.178037018845401 ], [ 9.098854145692171, 45.178786158942401 ], [ 9.098852942490279, 45.178821941519246 ], [ 9.098701414988039, 45.178957653531562 ], [ 9.098638075467242, 45.179201221617575 ], [ 9.098434581780079, 45.179517065008227 ], [ 9.098281727555792, 45.179616407352889 ], [ 9.09794991584776, 45.179472389765586 ], [ 9.097796686534133, 45.179355274673121 ], [ 9.09768176333381, 45.179265183756733 ], [ 9.097515796192065, 45.179157097023321 ], [ 9.095576757206624, 45.178743873789692 ], [ 9.0949899902547, 45.178645156191813 ], [ 9.094772917421087, 45.1784739776203 ], [ 9.094148063289508, 45.178474498918234 ], [ 9.093536121928715, 45.178574215148238 ], [ 9.092822294353443, 45.178755185076156 ], [ 9.092172400625277, 45.179044322121023 ], [ 9.092019488087713, 45.179116598099327 ], [ 9.091917472606442, 45.179116680247184 ], [ 9.091789903743086, 45.179089730203991 ], [ 9.091726127865064, 45.179080761794943 ], [ 9.091535017116724, 45.179189145482951 ], [ 9.091241974989732, 45.179351723705025 ], [ 9.090821447923132, 45.179541461557285 ], [ 9.090349924669921, 45.17974025695387 ], [ 9.089661650913568, 45.179966281499695 ], [ 9.089202800432865, 45.180119964869682 ], [ 9.088858650754068, 45.180228466185881 ], [ 9.088591184993014, 45.180445134643954 ], [ 9.088438363178923, 45.180580537850943 ], [ 9.088196202262099, 45.180670916153318 ], [ 9.087864635574958, 45.180671173514625 ], [ 9.087494684368732, 45.180590287925646 ], [ 9.087328845472568, 45.18055434077305 ], [ 9.087124829225271, 45.180572536776204 ], [ 9.086831809841007, 45.1807621616585 ], [ 9.086143790340724, 45.181177561087225 ], [ 9.085939965266437, 45.181322023535735 ], [ 9.085928563650324, 45.181350937281053 ], [ 9.085245302382802, 45.181565952977103 ], [ 9.08414143324344, 45.181975914065738 ], [ 9.083826144240737, 45.182125007813404 ], [ 9.083352510245001, 45.182013759339533 ], [ 9.082773707714162, 45.181828154213242 ], [ 9.082194801979089, 45.181568208881096 ], [ 9.081571848484318, 45.181328898625594 ], [ 9.081240954001343, 45.181356139397479 ], [ 9.080450272911005, 45.181406202707983 ], [ 9.079478197328338, 45.181438389939579 ], [ 9.078530019850445, 45.181448051968829 ], [ 9.077602337577884, 45.181399193244829 ], [ 9.076452246552048, 45.181512470493431 ], [ 9.075892200309362, 45.181521844750797 ], [ 9.075025163848311, 45.181544915394269 ], [ 9.074247143750776, 45.181576920561227 ], [ 9.073648925161326, 45.18153230689024 ], [ 9.073173130076494, 45.181519112955257 ], [ 9.072463546301952, 45.181470063550428 ], [ 9.072035499694506, 45.181452334651361 ], [ 9.071166613127732, 45.181340379574891 ], [ 9.070418713442818, 45.181196841213449 ], [ 9.069591189964898, 45.180999259237311 ], [ 9.069510030367825, 45.180976808159606 ], [ 9.0693556588528, 45.180994902587955 ], [ 9.06931907129592, 45.181030923261112 ], [ 9.069288876253495, 45.181057942004465 ], [ 9.069245990781496, 45.181093968274716 ], [ 9.069183982470344, 45.181112004633434 ], [ 9.069105996110183, 45.181107551027125 ], [ 9.06901528832182, 45.181089607095643 ], [ 9.068864103263474, 45.181053698992478 ], [ 9.068558599110858, 45.180986380385903 ], [ 9.067754884013034, 45.180766359417767 ], [ 9.066817515911698, 45.180595821064216 ], [ 9.065921618535617, 45.180429841920535 ], [ 9.065173779851598, 45.180317769500242 ], [ 9.064231669454095, 45.180115804087215 ], [ 9.063889537392825, 45.180048406257818 ], [ 9.063840976151971, 45.180045414261741 ], [ 9.063757260699576, 45.180073224790469 ], [ 9.063586855367085, 45.180100538955578 ], [ 9.06336696435746, 45.180120100213621 ], [ 9.063130528121299, 45.180096902493418 ], [ 9.062855558184587, 45.180027062784511 ], [ 9.062415622733226, 45.179933985828455 ], [ 9.061931653126145, 45.179790382339043 ], [ 9.061684158704102, 45.179704974566441 ], [ 9.06130465456698, 45.179565199755608 ], [ 9.06117813278019, 45.179499165833377 ], [ 9.061145135218538, 45.179487518274826 ], [ 9.06097490882977, 45.179682021363355 ], [ 9.060870591948804, 45.179814278732145 ], [ 9.060777553008304, 45.180214821243204 ], [ 9.060591463940112, 45.181004240733159 ], [ 9.060542239240821, 45.181245339769461 ], [ 9.060487721736537, 45.181684746799931 ], [ 9.060460748394808, 45.182170795586607 ], [ 9.06046649807779, 45.182407974917375 ], [ 9.060527512075485, 45.182909532771305 ], [ 9.060544306452272, 45.183193369800591 ], [ 9.060489631918506, 45.183485017600852 ], [ 9.060385713925399, 45.184002214795406 ], [ 9.06028725468695, 45.184484410609905 ], [ 9.06007392850143, 45.185538248023086 ], [ 9.060008316487744, 45.185888224605193 ], [ 9.05995357415881, 45.186121550469458 ], [ 9.059805440654921, 45.186428803434083 ], [ 9.059514863671135, 45.187237229707058 ], [ 9.059432678063576, 45.187519172066203 ], [ 9.05942622011483, 45.187917723494444 ], [ 9.059440619327113, 45.188544701077426 ], [ 9.059447700795518, 45.188743970042964 ], [ 9.059599221811755, 45.189035513221071 ], [ 9.059791008336957, 45.189282647185664 ], [ 9.059853885683591, 45.189365882005795 ], [ 9.059572447897882, 45.189725695461313 ], [ 9.059304709588565, 45.190041754084334 ], [ 9.059236048101219, 45.190114697487999 ], [ 9.059071188722866, 45.190216847811236 ], [ 9.058871947548573, 45.19030443748926 ], [ 9.058700185181667, 45.190382290042677 ], [ 9.058555904481864, 45.190445550117531 ], [ 9.058363532303614, 45.19052827450539 ], [ 9.058164288811817, 45.190620720222363 ], [ 9.057889536086874, 45.190810414238449 ], [ 9.057655974658203, 45.190951479826857 ], [ 9.057463583326074, 45.191024483646935 ], [ 9.057126937854106, 45.191189904352704 ], [ 9.056618516243992, 45.191423451722542 ], [ 9.056329929663434, 45.191534775278505 ], [ 9.055702986177868, 45.19182670297247 ], [ 9.055127541523957, 45.192069997200299 ], [ 9.054930032060756, 45.192185526475946 ], [ 9.054466286867955, 45.192434839675606 ], [ 9.053873775663888, 45.192811797182806 ], [ 9.053427260259571, 45.193121852651338 ], [ 9.053066645194624, 45.193407563901168 ], [ 9.052585808474698, 45.193778387526166 ], [ 9.05246566518548, 45.193942480205919 ], [ 9.052345592336117, 45.19418555113414 ], [ 9.052122577608857, 45.194610933737344 ], [ 9.052011052839291, 45.194811474036591 ], [ 9.051933825291943, 45.194926939635799 ], [ 9.051641788017546, 45.195054655595264 ], [ 9.050877429912099, 45.195492428675003 ], [ 9.050542475629031, 45.19568091823777 ], [ 9.050456613983991, 45.195753858500389 ], [ 9.050336384161252, 45.195832891741617 ], [ 9.049906871203426, 45.195978888424769 ], [ 9.049537468633785, 45.196082332895422 ], [ 9.049365646961283, 45.196124935428969 ], [ 9.049150853715268, 45.196155404022107 ], [ 9.048807154514314, 45.196173778788555 ], [ 9.048497829969081, 45.196198212220182 ], [ 9.047990871533235, 45.196222728028935 ], [ 9.047397957968089, 45.196216897735503 ], [ 9.047208929319678, 45.19623520429937 ], [ 9.047097231303983, 45.196247398095991 ], [ 9.047011319386222, 45.196265661764237 ], [ 9.046856683986507, 45.19630825164618 ], [ 9.046659099584735, 45.196375164136647 ], [ 9.046298233037559, 45.196417838227376 ], [ 9.045851434883955, 45.196460548408382 ], [ 9.045636612941056, 45.196460633548391 ], [ 9.0453874366136, 45.196485031804514 ], [ 9.045138243407893, 45.196485129660992 ], [ 9.044923409265296, 45.19647306488325 ], [ 9.044794512321618, 45.196467039419119 ], [ 9.044682770545849, 45.196424555954735 ], [ 9.044399176848009, 45.1963882127068 ], [ 9.04423590993119, 45.196388276059075 ], [ 9.043969548393427, 45.196412679677209 ], [ 9.0437977241123, 45.196455273832839 ], [ 9.043308021313875, 45.19657696798707 ], [ 9.043033101368037, 45.196649978690665 ], [ 9.04269802860175, 45.196716932444318 ], [ 9.042474627436732, 45.196741318306202 ], [ 9.042242646371907, 45.19677785548518 ], [ 9.041529502395937, 45.196875323669431 ], [ 9.041288926942588, 45.196917937225393 ], [ 9.041117096592771, 45.196960528246763 ], [ 9.041022584770738, 45.196972713513091 ], [ 9.040991750016563, 45.196965458480236 ], [ 9.040894653545857, 45.196995277832528 ], [ 9.040240692402609, 45.197148510570052 ], [ 9.040013093432396, 45.197171089170553 ], [ 9.039909679485248, 45.197171125353826 ], [ 9.03983008914004, 45.197153152608166 ], [ 9.039701136010081, 45.197117196446939 ], [ 9.03952124313804, 45.197045260319001 ], [ 9.039323832272938, 45.196995827676837 ], [ 9.039156749434177, 45.196923794745487 ], [ 9.03908188489209, 45.19691032156522 ], [ 9.038978470142947, 45.196910356905605 ], [ 9.038790696077207, 45.196978009464104 ], [ 9.03849954116351, 45.197095107374189 ], [ 9.036902179696179, 45.197779720457909 ], [ 9.036611069154883, 45.197982398166417 ], [ 9.03626271102191, 45.198306507076659 ], [ 9.035911136548961, 45.198527208990221 ], [ 9.03564551537923, 45.198702789441299 ], [ 9.035359100718921, 45.198869377696901 ], [ 9.035101408399886, 45.198968456016836 ], [ 9.034994758950408, 45.199004487991438 ], [ 9.034886580807116, 45.199108108936848 ], [ 9.03476098754337, 45.199247645209375 ], [ 9.034605052829082, 45.199382692432273 ], [ 9.034508091910201, 45.199463722769806 ], [ 9.034376058702936, 45.199544760885011 ], [ 9.034242370092292, 45.199666388507296 ], [ 9.034088114934169, 45.199801435411061 ], [ 9.033921050657735, 45.199945483918292 ], [ 9.033857505118403, 45.200080499926507 ], [ 9.033808275693126, 45.200269604134981 ], [ 9.03364923507244, 45.200490148238053 ], [ 9.033459938040902, 45.200688291472467 ], [ 9.033289710277112, 45.200809842238499 ], [ 9.033044716543662, 45.200917911990942 ], [ 9.032820382530639, 45.200985475241872 ], [ 9.032468707831889, 45.201089074457499 ], [ 9.032101083092684, 45.201206266801051 ], [ 9.031698504409716, 45.201345878969825 ], [ 9.031381800305084, 45.201467466537146 ], [ 9.031125696272781, 45.201625032354741 ], [ 9.030864740868209, 45.201737693484404 ], [ 9.030641979640176, 45.201814251829084 ], [ 9.030158226130867, 45.201949380399689 ], [ 9.029742825112598, 45.202075488431284 ], [ 9.029262219455967, 45.202219701303378 ], [ 9.028788034904222, 45.202386318230829 ], [ 9.028485688648859, 45.202476393903147 ], [ 9.02809419663831, 45.20256198903332 ], [ 9.027842772139547, 45.20265205406433 ], [ 9.027640702766986, 45.202764688935964 ], [ 9.027476860176812, 45.202881727745201 ], [ 9.027340017006033, 45.203043760684523 ], [ 9.027166671761647, 45.203273387097049 ], [ 9.026956675979545, 45.203498434675524 ], [ 9.026684651640558, 45.203777587010222 ], [ 9.0264411495471, 45.203993643440825 ], [ 9.026218406650347, 45.204142190652576 ], [ 9.026009925722478, 45.204250240464454 ], [ 9.025635978551499, 45.204398911783919 ], [ 9.025109993893143, 45.204547168922808 ], [ 9.024585594074066, 45.20450264135853 ], [ 9.024249691725018, 45.204493712468384 ], [ 9.024077817377121, 45.204525249042504 ], [ 9.02268950322593, 45.205066248770237 ], [ 9.021384114886377, 45.205630073841576 ], [ 9.022062073628479, 45.206586997798148 ], [ 9.020881406648536, 45.207181576481652 ], [ 9.020448247024241, 45.207453629165094 ], [ 9.020074715458527, 45.207675546127653 ], [ 9.019850570265225, 45.207802390819815 ], [ 9.01958162125184, 45.208034907116314 ], [ 9.019327548198541, 45.208172290470863 ], [ 9.01895397695607, 45.208309689549914 ], [ 9.01875960373537, 45.208299191572827 ], [ 9.018572453159374, 45.208217593873279 ], [ 9.018235847665249, 45.208046289199991 ], [ 9.017778161532318, 45.207846563692101 ], [ 9.017145422479757, 45.207618239473248 ], [ 9.016426006591688, 45.207935503916097 ], [ 9.015745445788578, 45.207513774068339 ], [ 9.013544641289739, 45.208104090325307 ], [ 9.014143821653926, 45.208541683460496 ], [ 9.012846837232619, 45.20889139391732 ], [ 9.012615996054135, 45.208765510717875 ], [ 9.012319867605713, 45.208751320521813 ], [ 9.01209776183167, 45.208694198527333 ], [ 9.011843412532464, 45.208607732442296 ], [ 9.011642402058861, 45.2084824742834 ], [ 9.011234627651795, 45.20835984495654 ], [ 9.01094343453452, 45.208330714354645 ], [ 9.010568123153135, 45.208269732371107 ], [ 9.010160465644772, 45.208181388979497 ], [ 9.009465206060559, 45.208166599678975 ], [ 9.009012625074078, 45.208190305990129 ], [ 9.008556570194624, 45.208156857824825 ], [ 9.00816563892764, 45.208228346525921 ], [ 9.007061207875225, 45.208588959320352 ], [ 9.006698976593952, 45.208123681375383 ], [ 9.006275602186836, 45.208267704879312 ], [ 9.005401755441513, 45.208560337466949 ], [ 9.004917883658702, 45.2086503599933 ], [ 9.004320916261555, 45.208753880896808 ], [ 9.003829055990982, 45.208794398429454 ], [ 9.003493235324221, 45.208794409194375 ], [ 9.003324485618244, 45.208758414145571 ], [ 9.00319878870212, 45.208735918244287 ], [ 9.00284857744597, 45.208659427445809 ], [ 9.002501521976599, 45.208596435198267 ], [ 9.002025616255422, 45.208452356066552 ], [ 9.001904654802077, 45.2086504481913 ], [ 9.001653174118877, 45.20910953712869 ], [ 9.001344350949937, 45.209600125447288 ], [ 9.001029226932465, 45.210113216931774 ], [ 9.000446635814507, 45.211152892165174 ], [ 9.000239655674049, 45.211539889254517 ], [ 9.000093266520439, 45.211769475973902 ], [ 8.999921254796197, 45.211971976692645 ], [ 8.999792402303607, 45.212084474820855 ], [ 8.999655462640437, 45.212188066602998 ], [ 8.998795902588183, 45.212709962209239 ], [ 8.997185442272189, 45.213507238888958 ], [ 8.996560988592377, 45.213818620059207 ], [ 8.996107712488461, 45.214092653470239 ], [ 8.995450901482856, 45.214397364456531 ], [ 8.994714884736601, 45.214869108663478 ], [ 8.994101280800384, 45.215248496400143 ], [ 8.994005660772865, 45.215339415544861 ], [ 8.993815398532307, 45.215468491746577 ], [ 8.993236999546964, 45.215877237171995 ], [ 8.992978203787425, 45.21635591594373 ], [ 8.992940133395015, 45.216511893953367 ], [ 8.992924105173564, 45.217374742467946 ], [ 8.992952697568331, 45.217912876846491 ], [ 8.989211040449616, 45.217963074559442 ], [ 8.985804097598246, 45.218771490406219 ], [ 8.985816307025067, 45.219851355660786 ], [ 8.985937745954541, 45.221201403046557 ], [ 8.98591488700041, 45.221314351116291 ], [ 8.985100156007809, 45.222820261741106 ], [ 8.985014327569813, 45.222991096790942 ], [ 8.984992557902716, 45.223040208321088 ], [ 8.984909477247875, 45.22342403798131 ], [ 8.984990336146062, 45.223549812317962 ], [ 8.985184444520327, 45.223687037839838 ], [ 8.985265298490331, 45.223835679570939 ], [ 8.985346162577548, 45.223961454547393 ], [ 8.985410823378274, 45.224167263075323 ], [ 8.985362260125308, 45.224270155633704 ], [ 8.985159089392745, 45.224542832034814 ], [ 8.984539938099543, 45.225709037518421 ], [ 8.985998400180479, 45.226237340501932 ], [ 8.985905559856054, 45.226587063431488 ], [ 8.985563768052511, 45.226966275710481 ], [ 8.98389239992448, 45.228223162442546 ], [ 8.983353091714825, 45.228984926283935 ], [ 8.98290483411556, 45.229777482887513 ], [ 8.980337347390925, 45.231066488635058 ], [ 8.980832098934638, 45.231481825550262 ], [ 8.980337086161519, 45.231831478128719 ], [ 8.980800885048119, 45.232159334434847 ], [ 8.980151424549343, 45.232246703271258 ], [ 8.97956379341638, 45.232159120682205 ], [ 8.97943997153363, 45.232355836543363 ], [ 8.979161473896554, 45.23266178326908 ], [ 8.978945024183794, 45.232771000891603 ], [ 8.978975547423047, 45.233754426712366 ], [ 8.978418734762682, 45.233819934306148 ], [ 8.976810673946051, 45.233251364315166 ], [ 8.976343152429214, 45.234354839522666 ], [ 8.974698714015657, 45.233989203914895 ], [ 8.974672141326652, 45.234049218604902 ], [ 8.974411810896676, 45.234248357821265 ], [ 8.974238310616251, 45.234263643068282 ], [ 8.974206802622358, 45.234274110167981 ], [ 8.974163048220255, 45.234311617864698 ], [ 8.973964648412601, 45.234430910041333 ], [ 8.97392683404326, 45.234653021106936 ], [ 8.973958536727716, 45.234933733745237 ], [ 8.974023905564767, 45.235351346065634 ], [ 8.974133752535451, 45.235679776502032 ], [ 8.974249411802205, 45.235937288484315 ], [ 8.974349700082064, 45.236270218200367 ], [ 8.974303867266837, 45.236562795273151 ], [ 8.974265956339183, 45.237001441383036 ], [ 8.974221430183761, 45.237430995286971 ], [ 8.974208861232187, 45.237814748370958 ], [ 8.974160875813002, 45.238216944798019 ], [ 8.974144146573755, 45.238504754765323 ], [ 8.974133507482918, 45.238519834452639 ], [ 8.973984890770446, 45.238541336905371 ], [ 8.973639682440822, 45.23851558623457 ], [ 8.973294451288966, 45.238528342243853 ], [ 8.972976459541069, 45.238579616787298 ], [ 8.972485794263282, 45.238759215571811 ], [ 8.972213185066217, 45.238893935169891 ], [ 8.97168613785651, 45.239150545203174 ], [ 8.971349941523036, 45.239265995339025 ], [ 8.971041000920364, 45.239368612488668 ], [ 8.970631961043646, 45.239798543491325 ], [ 8.970186474990079, 45.240421016474421 ], [ 8.970031953414322, 45.240562179693129 ], [ 8.969768409700599, 45.240703316594413 ], [ 8.969550307795313, 45.240818791698963 ], [ 8.969186833952547, 45.240947064362459 ], [ 8.969014163607502, 45.241043292779388 ], [ 8.968886777408921, 45.241402692552455 ], [ 8.968713943134203, 45.241794169326077 ], [ 8.968568488351936, 45.241954587316961 ], [ 8.96838672199252, 45.242063651166866 ], [ 8.968014109555144, 45.242268939248966 ], [ 8.967614180219609, 45.242576910671012 ], [ 8.967405062323026, 45.242846427590635 ], [ 8.96712322059172, 45.243180106000494 ], [ 8.96692326639622, 45.243308415659207 ], [ 8.966750526446724, 45.243507336483212 ], [ 8.966241144995434, 45.24450846445621 ], [ 8.96601379584944, 45.244861409517469 ], [ 8.965877427570568, 45.244989738911094 ], [ 8.965650243172451, 45.245060275285013 ], [ 8.965059605447355, 45.245156370285812 ], [ 8.964850520144404, 45.245336023655817 ], [ 8.964641369816128, 45.245618369768032 ], [ 8.964559423365188, 45.245900757725778 ], [ 8.964477572112422, 45.246029096927238 ], [ 8.963995917613355, 45.246182993022266 ], [ 8.963568835934824, 45.24624704305586 ], [ 8.963059995553911, 45.246285387292836 ], [ 8.962342117641001, 45.246413524677152 ], [ 8.961633315148369, 45.246548076890903 ], [ 8.961206244832765, 45.246580024010541 ], [ 8.960997236949551, 45.246624883998919 ], [ 8.960724567408761, 45.246753158773629 ], [ 8.960515379374904, 45.247054753333018 ], [ 8.960324329762324, 45.247407703055146 ], [ 8.960033230288635, 45.247895400150853 ], [ 8.959460190290841, 45.248748851471099 ], [ 8.959205463462288, 45.249185212704134 ], [ 8.95910525643693, 45.249544609857757 ], [ 8.95908695161102, 45.249724317087754 ], [ 8.958968652642154, 45.249968175650807 ], [ 8.958931998502315, 45.250398196223088 ], [ 8.958859194449241, 45.250552212315512 ], [ 8.958595551440814, 45.250731834399573 ], [ 8.958350129518298, 45.250840858114628 ], [ 8.958204752116334, 45.250827967926178 ], [ 8.957705003289853, 45.250795694401724 ], [ 8.957332444267008, 45.250801975722226 ], [ 8.957105265791251, 45.250814725910082 ], [ 8.956850766718439, 45.250910908610962 ], [ 8.956468950310372, 45.251141827594147 ], [ 8.956341679856283, 45.251212380712694 ], [ 8.95611449952346, 45.251225129828377 ], [ 8.955860101350938, 45.251186523252535 ], [ 8.9555693696334, 45.251122227818691 ], [ 8.955314949610102, 45.251109293282134 ], [ 8.954833329201339, 45.251134775300713 ], [ 8.954506152735979, 45.251205250745834 ], [ 8.954124398544392, 45.251339885148383 ], [ 8.953624405876425, 45.251609257417797 ], [ 8.952996962629348, 45.252160987252218 ], [ 8.952414872581045, 45.252796170345334 ], [ 8.952023795970927, 45.253193948932868 ], [ 8.9517873786699, 45.253379985639491 ], [ 8.95157822262669, 45.253559614423438 ], [ 8.951523638955162, 45.253630191135706 ], [ 8.951196371335433, 45.253784093970168 ], [ 8.950823663391073, 45.253937980807699 ], [ 8.950723671387388, 45.253976448036127 ], [ 8.950572695087061, 45.254019867366999 ], [ 8.950562200646985, 45.253975207159201 ], [ 8.950325941416702, 45.253625730245432 ], [ 8.950025224203021, 45.253200263456122 ], [ 8.949788851011386, 45.252987494221529 ], [ 8.949402001112308, 45.252759535361051 ], [ 8.946543354963014, 45.25128487384724 ], [ 8.944587526449203, 45.250357319689769 ], [ 8.944329465691224, 45.250326863538724 ], [ 8.943705800664583, 45.250417638937748 ], [ 8.942888533070903, 45.250645114144987 ], [ 8.940154330680615, 45.2514272496731 ], [ 8.939877160636698, 45.251479037528284 ], [ 8.939468642538673, 45.251418074933206 ], [ 8.938995694689313, 45.251372191849143 ], [ 8.938006622818875, 45.251265373725104 ], [ 8.937468870095239, 45.251477751607531 ], [ 8.937189052332876, 45.251644634039401 ], [ 8.936172836546271, 45.252320237561825 ], [ 8.93547125431942, 45.25279602863629 ], [ 8.935443905712109, 45.253100749968176 ], [ 8.935119878364508, 45.253500613089813 ], [ 8.934499257344017, 45.253919204258331 ], [ 8.933095902034975, 45.254965980135871 ], [ 8.932906908781106, 45.255175389630658 ], [ 8.932744773109061, 45.255422882963629 ], [ 8.932285230737326, 45.25637497877576 ], [ 8.931906865870952, 45.25709852470429 ], [ 8.931042367651166, 45.258469319955793 ], [ 8.930096652036269, 45.259954449917238 ], [ 8.929988630223647, 45.260106751506733 ], [ 8.929637853704142, 45.260316055218574 ], [ 8.929502866377465, 45.260430182302045 ], [ 8.92947571407611, 45.260544462274083 ], [ 8.928826876648666, 45.261839233592767 ], [ 8.92874570970222, 45.262029711699554 ], [ 8.92869110222885, 45.262582000490767 ], [ 8.92855566000377, 45.263058098488244 ], [ 8.928501239673961, 45.26345801774584 ], [ 8.928339240220183, 45.263648354864628 ], [ 8.927266962159148, 45.264517160735572 ], [ 8.926829241561361, 45.264792726971983 ], [ 8.926638528876953, 45.264904384459896 ], [ 8.926638236992067, 45.265132982060265 ], [ 8.926691718395221, 45.265315533662715 ], [ 8.926718834963232, 45.265399608037796 ], [ 8.926772319730103, 45.265742536739538 ], [ 8.926663843012291, 45.266237641791676 ], [ 8.926366443335612, 45.266751703746628 ], [ 8.926312057151472, 45.267113553461712 ], [ 8.926311592754308, 45.267475438829571 ], [ 8.926176430963356, 45.267703946531135 ], [ 8.926041050652829, 45.268103814632937 ], [ 8.925797667507842, 45.268617909903448 ], [ 8.925689396581143, 45.268941655933638 ], [ 8.925635175603015, 45.269170127354023 ], [ 8.925580998718242, 45.269360620536382 ], [ 8.924446413195106, 45.270655049235025 ], [ 8.923257594505699, 45.272216096575058 ], [ 8.922852045724392, 45.272901436688201 ], [ 8.922609281143586, 45.272920351121535 ], [ 8.922420316871165, 45.273034522109981 ], [ 8.922230529632778, 45.273758163600306 ], [ 8.922364943130958, 45.274024920691595 ], [ 8.922661387333363, 45.274272705177729 ], [ 8.92346977996243, 45.27486363779601 ], [ 8.923874202204363, 45.275035354079648 ], [ 8.924494149138809, 45.275359576253543 ], [ 8.924871656787177, 45.275455045667705 ], [ 8.924941128001697, 45.275487969289429 ], [ 8.925163134628686, 45.275634762759658 ], [ 8.925301578799537, 45.275836158225104 ], [ 8.925246994544501, 45.276331221574544 ], [ 8.925269904505468, 45.276489015577084 ], [ 8.92542369133076, 45.276744825902163 ], [ 8.925408117181206, 45.276869949931509 ], [ 8.925315437299584, 45.277027665661713 ], [ 8.924520852748801, 45.27768546626146 ], [ 8.923240478285763, 45.278555119749861 ], [ 8.922607842538742, 45.279093319238214 ], [ 8.922422654803825, 45.279267294032465 ], [ 8.921843280607051, 45.280295184502037 ], [ 8.921572675875122, 45.280936993777551 ], [ 8.921502841508321, 45.281285149239764 ], [ 8.921540910910078, 45.281622493320519 ], [ 8.921686675282704, 45.282106808226054 ], [ 8.921809584099268, 45.282400689051727 ], [ 8.922055767841012, 45.282716411399321 ], [ 8.922032488073784, 45.282836089984265 ], [ 8.921885836813736, 45.282999208205304 ], [ 8.921715951369864, 45.283243923119457 ], [ 8.92160714838197, 45.283907604001513 ], [ 8.921591235373539, 45.284272115110497 ], [ 8.921675337357954, 45.284767270242256 ], [ 8.922267231929586, 45.285910205787658 ], [ 8.922551746626604, 45.286394613569712 ], [ 8.922690269087747, 45.286547044756304 ], [ 8.922690057323425, 45.286704820639727 ], [ 8.922589580145074, 45.286911501121729 ], [ 8.922334812142461, 45.287226884697375 ], [ 8.922064366149872, 45.287732678627229 ], [ 8.921917294346509, 45.288195032369444 ], [ 8.921993926186847, 45.288521523968534 ], [ 8.922026549298312, 45.288549788357983 ], [ 8.922035119426175, 45.288588341205013 ], [ 8.922182716898126, 45.288774919018294 ], [ 8.922351639391687, 45.288901750376056 ], [ 8.92252053153118, 45.288969003432918 ], [ 8.922774005116167, 45.289013900699956 ], [ 8.923016910590222, 45.289096142779776 ], [ 8.923224145134146, 45.289196269693079 ], [ 8.923334061102516, 45.289334763619429 ], [ 8.923625659630705, 45.289573629327997 ], [ 8.923818984653671, 45.289775355329027 ], [ 8.923977170152414, 45.289991725504414 ], [ 8.923955737947866, 45.290215448124272 ], [ 8.924008398445313, 45.290312409177062 ], [ 8.924390753492959, 45.290713064398375 ], [ 8.924433704212481, 45.290758090256141 ], [ 8.924392728930632, 45.29112957797134 ], [ 8.924068370287809, 45.291558025209959 ], [ 8.923095427156039, 45.292729067909868 ], [ 8.922612313199187, 45.292956799078645 ], [ 8.922487546494802, 45.293300243614979 ], [ 8.922081699653623, 45.294162869240971 ], [ 8.922089790374052, 45.294865131840709 ], [ 8.922241619377996, 45.295586389963866 ], [ 8.922241347355184, 45.295786364394523 ], [ 8.922281646314774, 45.295929308885462 ], [ 8.922402738963395, 45.296129458537152 ], [ 8.922685757811294, 45.296358335212965 ], [ 8.922887904340422, 45.296587068392562 ], [ 8.923006651948786, 45.297283370706474 ], [ 8.92292727635826, 45.297415885222435 ], [ 8.922846143431414, 45.297530128237391 ], [ 8.922305699906683, 45.297735500967093 ], [ 8.922069271468599, 45.297890228844999 ], [ 8.922021485589843, 45.298072531513412 ], [ 8.921997828347608, 45.298066575299224 ], [ 8.921995400734922, 45.29807251370169 ], [ 8.921832791504407, 45.298080593856014 ], [ 8.921486723716063, 45.298116087768264 ], [ 8.921284347368394, 45.298056373242318 ], [ 8.921157750429169, 45.298032525682707 ], [ 8.920821459839576, 45.298071712224456 ], [ 8.920497869580441, 45.297899953907248 ], [ 8.920255144398553, 45.297814107941683 ], [ 8.919971807825528, 45.297813819753344 ], [ 8.919728766372831, 45.297956569815348 ], [ 8.919394105422052, 45.298180161615164 ], [ 8.919121157862254, 45.298270507098479 ], [ 8.918912641305068, 45.298537205582562 ], [ 8.918844765887355, 45.298787262786178 ], [ 8.918593674990538, 45.299184609009423 ], [ 8.91863398143613, 45.299241786158476 ], [ 8.918795709098299, 45.299413435651864 ], [ 8.918673948255366, 45.299613324400767 ], [ 8.918227922232701, 45.300184587375732 ], [ 8.918227635924994, 45.300384653439934 ], [ 8.918105788601521, 45.30064178081615 ], [ 8.91737694966363, 45.300755559036922 ], [ 8.917417195933394, 45.300927034279674 ], [ 8.917293502754699, 45.302605681808998 ], [ 8.917090708186512, 45.30275583376082 ], [ 8.917050005741716, 45.302898721095545 ], [ 8.91632094860662, 45.303212556744079 ], [ 8.915915848532972, 45.30338370799921 ], [ 8.91563236214119, 45.3034691792232 ], [ 8.915207700918275, 45.303846949811678 ], [ 8.914878276344142, 45.304265468245084 ], [ 8.914962998525262, 45.30451572382767 ], [ 8.915148992234176, 45.304851827581466 ], [ 8.915294481675177, 45.305125708202986 ], [ 8.91562303299165, 45.305586919830027 ], [ 8.915649541481521, 45.305872143838378 ], [ 8.915332431424437, 45.306279062466082 ], [ 8.914393063186381, 45.30749928267236 ], [ 8.914168494909326, 45.307840655780616 ], [ 8.913478634132764, 45.308897529832322 ], [ 8.913518570135603, 45.30926907102517 ], [ 8.913558465840451, 45.309669143104145 ], [ 8.913203510583836, 45.310243331196645 ], [ 8.912721911692959, 45.31031946650814 ], [ 8.912331367193543, 45.310425999151818 ], [ 8.911607650689939, 45.310543253955267 ], [ 8.911050904996516, 45.310641101209441 ], [ 8.910547264736053, 45.310747989687037 ], [ 8.910016713006613, 45.310913623313056 ], [ 8.909518100525501, 45.311097818231168 ], [ 8.909069447289768, 45.311353598652587 ], [ 8.908664316016015, 45.31182486773033 ], [ 8.908384092872558, 45.312203716163104 ], [ 8.907884436515253, 45.312700738855341 ], [ 8.907308968333588, 45.31290978882798 ], [ 8.906770727251935, 45.313059921311108 ], [ 8.906000612237827, 45.31315100480073 ], [ 8.904952402052656, 45.313143664400215 ], [ 8.903931962950765, 45.313136248627274 ], [ 8.903152727952024, 45.313142164302818 ], [ 8.902447637594562, 45.313161276501994 ], [ 8.901761180331924, 45.313173833832025 ], [ 8.901213536677158, 45.313336980507792 ], [ 8.900721612709512, 45.31351988703247 ], [ 8.900430018338483, 45.313687569299773 ], [ 8.90045166921797, 45.314062968522968 ], [ 8.900395252722674, 45.314501571612304 ], [ 8.900357203210222, 45.315025237062692 ], [ 8.900281789725843, 45.315738676640414 ], [ 8.900235054010334, 45.315935010965966 ], [ 8.900252986739101, 45.316268918355561 ], [ 8.900054569773692, 45.316748797266641 ], [ 8.899935906442128, 45.317224422306651 ], [ 8.899805321692964, 45.317597441191253 ], [ 8.899702727786792, 45.317963914345633 ], [ 8.899562928343318, 45.318310734271257 ], [ 8.899422904438863, 45.31878202097991 ], [ 8.899271306511158, 45.319314137881605 ], [ 8.898031235262589, 45.321401808076573 ], [ 8.896690910227377, 45.323601062967633 ], [ 8.89543474520732, 45.324028588843561 ], [ 8.894300461746123, 45.324256148304904 ], [ 8.893247028696411, 45.324512300267735 ], [ 8.891951170787095, 45.324482469862417 ], [ 8.890736658923165, 45.32428125717253 ], [ 8.89047150712303, 45.32427794723543 ], [ 8.890146594482124, 45.324273495451123 ], [ 8.889980826127367, 45.3257183471015 ], [ 8.889073638636697, 45.326664972581447 ], [ 8.890675480096945, 45.327552806601794 ], [ 8.889954079259779, 45.328022897394213 ], [ 8.890591335217607, 45.32835757703927 ], [ 8.890520966590371, 45.328452006387508 ], [ 8.890431389100353, 45.328577919490307 ], [ 8.890348258372951, 45.328685835895307 ], [ 8.890242646640566, 45.328829824478007 ], [ 8.890178713067531, 45.32891526108488 ], [ 8.890176945761223, 45.329014257755006 ], [ 8.890144921670029, 45.329086223807892 ], [ 8.890069529567304, 45.329275149296571 ], [ 8.890032471855683, 45.329446199745959 ], [ 8.88995401281414, 45.329644119098404 ], [ 8.889907191756503, 45.329914157542582 ], [ 8.889863812822178, 45.330089612513333 ], [ 8.88982357461234, 45.330274071896291 ], [ 8.889802626680792, 45.330386636753225 ], [ 8.889792848515077, 45.330490126364772 ], [ 8.889781530463679, 45.330575612579821 ], [ 8.889768525309911, 45.330661097164246 ], [ 8.889773222461557, 45.330737600127613 ], [ 8.889814708200666, 45.330724139850567 ], [ 8.889840436706951, 45.330643165535243 ], [ 8.889891629355546, 45.330562217563916 ], [ 8.889918856497196, 45.330467746167635 ], [ 8.889973305811173, 45.330391301097848 ], [ 8.889998554748425, 45.330503820466426 ], [ 8.890025356392727, 45.330683841949799 ], [ 8.890037781437146, 45.33084585217496 ], [ 8.89001038122184, 45.331030409471396 ], [ 8.890030806326246, 45.331187924889242 ], [ 8.890065531411283, 45.331354454566203 ], [ 8.890066797730132, 45.331516544042394 ], [ 8.890045770351344, 45.331669517938082 ], [ 8.890040045038884, 45.331747544682017 ], [ 8.890034314386742, 45.331827003542507 ], [ 8.890003728880448, 45.331971062232576 ], [ 8.889998622242173, 45.33216455234443 ], [ 8.889983971259767, 45.33228603554894 ], [ 8.889972625714465, 45.332385022931021 ], [ 8.889918194338289, 45.332506555108417 ], [ 8.889860537112153, 45.332609998532241 ], [ 8.889672006038484, 45.332744814185396 ], [ 8.889667261339422, 45.332749310302503 ], [ 8.889372726740893, 45.333280102616698 ], [ 8.889340613362164, 45.333343073205072 ], [ 8.889311927923679, 45.333374543107446 ], [ 8.889267087890618, 45.333432999740239 ], [ 8.88922077374051, 45.333491454925117 ], [ 8.889166314039391, 45.333572487597706 ], [ 8.889115141420493, 45.333639940323032 ], [ 8.889060796311686, 45.333716384141226 ], [ 8.889015938169956, 45.333783841153135 ], [ 8.888948867459769, 45.333855772750965 ], [ 8.88890562295617, 45.333905230289616 ], [ 8.888851337649005, 45.33395017636861 ], [ 8.888790639109841, 45.333990615478093 ], [ 8.888718760946773, 45.334044633974983 ], [ 8.888667600021469, 45.334107584006119 ], [ 8.888616445251182, 45.334166034220658 ], [ 8.888578058602915, 45.334206496771792 ], [ 8.888531638463453, 45.334264950665769 ], [ 8.888493317288384, 45.334327913146282 ], [ 8.888413359637841, 45.334422331735418 ], [ 8.888027408946504, 45.334331960750198 ], [ 8.888024245234613, 45.334336458347678 ], [ 8.888005047221363, 45.334358935819047 ], [ 8.887988986282398, 45.334390423162418 ], [ 8.887973007198418, 45.334435405479368 ], [ 8.88796333530027, 45.334484892879239 ], [ 8.887963238971039, 45.334534393271447 ], [ 8.887966317624937, 45.334574983593527 ], [ 8.887945445727308, 45.334646963498351 ], [ 8.887906987252684, 45.334723426839275 ], [ 8.887890981375785, 45.33478190761133 ], [ 8.887881342309697, 45.334813396739591 ], [ 8.887887616585433, 45.334835902790992 ], [ 8.887916310562879, 45.334853930146132 ], [ 8.887972130000838, 45.33488548709829 ], [ 8.888027855001701, 45.334912539631304 ], [ 8.888021532561053, 45.334917030531052 ], [ 8.88800877158879, 45.33493051921522 ], [ 8.887949628595058, 45.334984461491601 ], [ 8.887872854464868, 45.335065385219899 ], [ 8.887796071053714, 45.335150897798393 ], [ 8.887711383802301, 45.335240815038617 ], [ 8.887631399416902, 45.335348734233527 ], [ 8.887605784282723, 45.335425206497639 ], [ 8.887605652033354, 45.335492706037961 ], [ 8.887626313628035, 45.335528723851183 ], [ 8.887658175507585, 45.335542254587722 ], [ 8.887742644850361, 45.335564836627292 ], [ 8.887792042753683, 45.335596387352084 ], [ 8.887795192610286, 45.335600889344192 ], [ 8.887769686577959, 45.335618951690286 ], [ 8.887726598980992, 45.335641411934624 ], [ 8.887681817795954, 45.33566836759465 ], [ 8.88759393996769, 45.335722278719174 ], [ 8.887533269182525, 45.335749221382471 ], [ 8.887445502107129, 45.335798630903078 ], [ 8.887413591734376, 45.335812101546857 ], [ 8.887316108282922, 45.335879504180845 ], [ 8.887242612033548, 45.335951433811786 ], [ 8.887148348196337, 45.335987339096036 ], [ 8.88711006017877, 45.335978299864472 ], [ 8.887054317959182, 45.335960245566838 ], [ 8.887006475881735, 45.335937699259965 ], [ 8.886963455538977, 45.335924157300184 ], [ 8.886912394624062, 45.33593310815197 ], [ 8.886866045593262, 45.335955562140839 ], [ 8.886799064385505, 45.335977994764256 ], [ 8.886688910679313, 45.336013885720085 ], [ 8.886511633511761, 45.336090211673316 ], [ 8.88636155593151, 45.336144151841076 ], [ 8.886235544249267, 45.336162028290531 ], [ 8.886174880097194, 45.336184466838858 ], [ 8.886265490209031, 45.336346552506242 ], [ 8.886298974726767, 45.336337585349078 ], [ 8.886372399388744, 45.336301660038622 ], [ 8.886501718440735, 45.336261287738353 ], [ 8.886651751134426, 45.336229935443818 ], [ 8.886787387373356, 45.336189569088454 ], [ 8.886945455203307, 45.336140226982231 ], [ 8.887055591285296, 45.336113243543096 ], [ 8.887140157006353, 45.336086328348912 ], [ 8.887162579797719, 45.336081850705185 ], [ 8.887178455314936, 45.336090866882735 ], [ 8.887191258853457, 45.336108879619026 ], [ 8.887205510792649, 45.336140482290418 ], [ 8.887218138242055, 45.33619449142887 ], [ 8.887221358285171, 45.336216994495551 ], [ 8.88721176454154, 45.336225985517316 ], [ 8.887179733903924, 45.336243954873247 ], [ 8.887122315587543, 45.336275397625329 ], [ 8.887060026909484, 45.336320334924658 ], [ 8.886970549544747, 45.336383245376616 ], [ 8.886904998462535, 45.336428179362052 ], [ 8.886791615976588, 45.336500069195175 ], [ 8.886711734463582, 45.336553989358677 ], [ 8.886639851260281, 45.336607915603985 ], [ 8.886566400687913, 45.336657344050451 ], [ 8.886459355349686, 45.336715825966493 ], [ 8.886376343959896, 45.336756244291301 ], [ 8.886294953696748, 45.336774163384256 ], [ 8.886194417895778, 45.336787564447718 ], [ 8.886106588495718, 45.336814475684093 ], [ 8.886022018552659, 45.336845891702588 ], [ 8.885942178442242, 45.336877310581315 ], [ 8.885790475694851, 45.336953660939201 ], [ 8.885673853166383, 45.337012045225727 ], [ 8.885472626180764, 45.337115342558164 ], [ 8.885466199911383, 45.337119834110801 ], [ 8.885440691356573, 45.337137808615964 ], [ 8.88536399500973, 45.337178231635562 ], [ 8.885266665782241, 45.337218722993263 ], [ 8.885105391708176, 45.337290562125169 ], [ 8.884945696011579, 45.337362400818108 ], [ 8.884822757924731, 45.337420776069273 ], [ 8.884707675704338, 45.337497159203252 ], [ 8.884613494076055, 45.337542064761955 ], [ 8.88450012349263, 45.337604950925517 ], [ 8.884412257962822, 45.337649859103635 ], [ 8.884351571899549, 45.337681299848619 ], [ 8.884313171770607, 45.337726348937721 ], [ 8.884255526531698, 45.337816290061291 ], [ 8.884204327195315, 45.337892736500869 ], [ 8.884151561929245, 45.337964680632084 ], [ 8.884100433204575, 45.338005128726898 ], [ 8.883990229197753, 45.338063516896298 ], [ 8.883913497875195, 45.338117440988036 ], [ 8.883812822376285, 45.338198336748135 ], [ 8.883704257475754, 45.338279315299857 ], [ 8.883547655679822, 45.338378152149822 ], [ 8.883416695489538, 45.338445522690158 ], [ 8.883402366890611, 45.338454505855061 ], [ 8.883312890079589, 45.338512914523314 ], [ 8.883199500169578, 45.338584798956589 ], [ 8.883095604278855, 45.338643190907156 ], [ 8.882979090716994, 45.338697073641207 ], [ 8.882851244019871, 45.338787029409161 ], [ 8.882693025898277, 45.338903865302406 ], [ 8.882547684276071, 45.339002715035008 ], [ 8.882434280551992, 45.339079100283691 ], [ 8.882333647842868, 45.339137495794994 ], [ 8.882213843516203, 45.339204870138289 ], [ 8.88210837852802, 45.339258763371951 ], [ 8.882014170497623, 45.339312755449981 ], [ 8.881940658851809, 45.339389178704678 ], [ 8.881862326243199, 45.339452097540253 ], [ 8.881723334617412, 45.339532952702839 ], [ 8.881633859489224, 45.339591359146361 ], [ 8.881533216942969, 45.339654253731744 ], [ 8.881467761171498, 45.339699184669904 ], [ 8.88137182915734, 45.339775583384004 ], [ 8.881299935335782, 45.339829600741851 ], [ 8.881207297775177, 45.339888002661517 ], [ 8.881116235840237, 45.339950906840059 ], [ 8.880954851917918, 45.340067737906793 ], [ 8.880922924352419, 45.340085704703348 ], [ 8.880881390647266, 45.340117164456665 ], [ 8.880835041434656, 45.340135114387039 ], [ 8.880780808618971, 45.340148556275807 ], [ 8.880755215272735, 45.340157533648515 ], [ 8.88074405732287, 45.340157521999068 ], [ 8.880664316176929, 45.340139438636335 ], [ 8.880549545150423, 45.340112318100182 ], [ 8.880485696085897, 45.340094251231442 ], [ 8.880417175986814, 45.340094179514224 ], [ 8.880338938056118, 45.340112099453258 ], [ 8.880241505239404, 45.34014799659144 ], [ 8.880148950237471, 45.340165899587589 ], [ 8.880041979945446, 45.34018378827016 ], [ 8.87996699592747, 45.340206209365483 ], [ 8.879912753321433, 45.340224153326282 ], [ 8.879828044803443, 45.340264563282602 ], [ 8.879711490350271, 45.340336530015456 ], [ 8.879588422425096, 45.340399399259809 ], [ 8.879423955314369, 45.340480225651611 ], [ 8.87930732028574, 45.340538603388516 ], [ 8.879187630661638, 45.340596977774865 ], [ 8.879093327850198, 45.340646377523136 ], [ 8.87894807267736, 45.340700222997945 ], [ 8.878799563134516, 45.340749567740879 ], [ 8.878572900591324, 45.340825825294388 ], [ 8.878528137294129, 45.340839277078778 ], [ 8.878459454953292, 45.340866294591272 ], [ 8.878373293322722, 45.340897704130775 ], [ 8.87822638222038, 45.340938047541066 ], [ 8.87807788819326, 45.340978391772865 ], [ 8.877948688655804, 45.341005252548918 ], [ 8.877812939671113, 45.341041107560059 ], [ 8.877696484007158, 45.34106348458954 ], [ 8.877552766015723, 45.341085829576805 ], [ 8.877364569100616, 45.341090128361358 ], [ 8.877166702599149, 45.341085417750406 ], [ 8.876946535997421, 45.341076184780654 ], [ 8.876764656709161, 45.341075990489408 ], [ 8.876566808589509, 45.34106227837173 ], [ 8.876418539036912, 45.341048618664352 ], [ 8.876262185418035, 45.341025950419727 ], [ 8.876117090868552, 45.341003295973508 ], [ 8.875989455147637, 45.340985157392907 ], [ 8.875860245731012, 45.340967017859377 ], [ 8.875719889411011, 45.340944368058011 ], [ 8.875625823049516, 45.340930768986489 ], [ 8.875402518015331, 45.340912526434764 ], [ 8.875383360858875, 45.340912505535329 ], [ 8.875239796419905, 45.340912349712021 ], [ 8.875100950107798, 45.340921199355201 ], [ 8.87494930606168, 45.340957034481214 ], [ 8.87479281825664, 45.340997363889677 ], [ 8.874685934355687, 45.341019746541733 ], [ 8.874582165634655, 45.341015133752634 ], [ 8.874475364994179, 45.341001517049861 ], [ 8.874387614370386, 45.340987921198995 ], [ 8.874293596773468, 45.340951820315397 ], [ 8.874170760751268, 45.340906686222375 ], [ 8.874027315004268, 45.340852439666818 ], [ 8.873855156829821, 45.340789252550294 ], [ 8.873708543724474, 45.340739593703162 ], [ 8.873582532127157, 45.340703455952465 ], [ 8.873445333847949, 45.340680804149798 ], [ 8.873306632634181, 45.340671651697185 ], [ 8.873166213957152, 45.340675998350996 ], [ 8.873046535043521, 45.340680365185669 ], [ 8.872891711045028, 45.34068019389553 ], [ 8.872693944766789, 45.340679975441255 ], [ 8.872540790377451, 45.340684307130523 ], [ 8.872414692521049, 45.34068866613994 ], [ 8.872408061393202, 45.340783157104006 ], [ 8.87239532316983, 45.340783143773812 ], [ 8.872331531327749, 45.340787572282117 ], [ 8.872256476742114, 45.340791988158998 ], [ 8.872184694682378, 45.34079190875503 ], [ 8.872090599034086, 45.340791804320034 ], [ 8.871990094636102, 45.340787192831357 ], [ 8.871835404193762, 45.340773521777749 ], [ 8.871688608203575, 45.340759858483217 ], [ 8.871581702803461, 45.340746238956399 ], [ 8.871458915509898, 45.340728100763251 ], [ 8.871305846284498, 45.340696431641298 ], [ 8.871170204840187, 45.340682781148047 ], [ 8.870994799377845, 45.340660085101071 ], [ 8.87088316922371, 45.340641958889613 ], [ 8.870760383652469, 45.34062382174745 ], [ 8.870672624263143, 45.340614722825578 ], [ 8.870594421009308, 45.340614635151432 ], [ 8.870477991621293, 45.34062350457058 ], [ 8.870335967003793, 45.340641343505382 ], [ 8.870190669604121, 45.340663680138285 ], [ 8.870066252599091, 45.340668039365454 ], [ 8.869930553534569, 45.340681386097899 ], [ 8.869775801992407, 45.340694710048346 ], [ 8.869628927914498, 45.340717045068956 ], [ 8.869454968685316, 45.340752846528574 ], [ 8.869442233025, 45.340752831971827 ], [ 8.869351224034519, 45.34078422736507 ], [ 8.869269800667675, 45.340811133863518 ], [ 8.869162741360103, 45.340865101517643 ], [ 8.869047768190475, 45.340927969571482 ], [ 8.868856120490797, 45.34101325026721 ], [ 8.868659607539501, 45.341107524632783 ], [ 8.868477505381884, 45.341206315047067 ], [ 8.868268186134934, 45.341332073442942 ], [ 8.868132453724385, 45.341404006226831 ], [ 8.868003056395985, 45.341466855669218 ], [ 8.867905604290838, 45.34150724384736 ], [ 8.867805007278367, 45.341543128509016 ], [ 8.867722004476333, 45.341570030272258 ], [ 8.867244378771014, 45.340562221772942 ], [ 8.86607019404131, 45.340426043502816 ], [ 8.865523898038667, 45.340444662797687 ], [ 8.864785991708709, 45.340617137674897 ], [ 8.864020126115831, 45.341040033610192 ], [ 8.863308611002553, 45.341617162487516 ], [ 8.86297947505857, 45.342194649912123 ], [ 8.86278707528821, 45.342676088472068 ], [ 8.862158069985888, 45.342983489913742 ], [ 8.861829105738217, 45.343479168617954 ], [ 8.860940320941836, 45.343911617323705 ], [ 8.860270226233908, 45.344267108465125 ], [ 8.859558743480411, 45.344757543894445 ], [ 8.859094114563733, 45.344891793446422 ], [ 8.858820600631121, 45.344997385756848 ], [ 8.858587886909081, 45.345247567607046 ], [ 8.858327270205644, 45.345671047646746 ], [ 8.858135473456439, 45.3459309062657 ], [ 8.857587888606496, 45.346402182460629 ], [ 8.857191118714542, 45.346671414285304 ], [ 8.8567539725728, 45.346709390084044 ], [ 8.856017174085636, 45.346400227650733 ], [ 8.855266424352541, 45.346197059217431 ], [ 8.854815937347254, 45.346100193435447 ], [ 8.853026802009904, 45.346059310941797 ], [ 8.852724936633896, 45.346131461531719 ], [ 8.852479803531365, 45.346328334810295 ], [ 8.852206054202487, 45.346559186742475 ], [ 8.851822739647446, 45.34690546101924 ], [ 8.851520891358714, 45.347415540773291 ], [ 8.851383285940107, 45.347791017185948 ], [ 8.851094639932839, 45.348484170294093 ], [ 8.850861447019357, 45.348859520452407 ], [ 8.850299920403241, 45.349436762350351 ], [ 8.849356450232706, 45.349820812222497 ], [ 8.848932603510633, 45.349993592778439 ], [ 8.848658743046904, 45.350214811645877 ], [ 8.848453329100776, 45.35042639560038 ], [ 8.848096872801849, 45.350907597235476 ], [ 8.847919184464335, 45.350984399027624 ], [ 8.847099239410356, 45.351098872059552 ], [ 8.846642430961966, 45.351179848969913 ], [ 8.846425096378303, 45.351296578387746 ], [ 8.846141593465775, 45.351646674235703 ], [ 8.845292631366076, 45.352406472731083 ], [ 8.844826342714585, 45.353080109361066 ], [ 8.844743293224132, 45.35350380252364 ], [ 8.844946098714892, 45.354265009497666 ], [ 8.845469403474967, 45.354861862969258 ], [ 8.845396230475467, 45.355214645379242 ], [ 8.844917464266031, 45.355277361446213 ], [ 8.844588105020726, 45.355295188354155 ], [ 8.844355990414192, 45.355285244434548 ], [ 8.844195627317402, 45.355216898968074 ], [ 8.843567096326991, 45.355030197687618 ], [ 8.843068559429557, 45.354969311782554 ], [ 8.842505503916181, 45.354979521156231 ], [ 8.841692372583719, 45.355194851993097 ], [ 8.841063276041996, 45.355444448523144 ], [ 8.840557026853583, 45.355732732668493 ], [ 8.840243101117862, 45.355991221860656 ], [ 8.840159950938698, 45.356059686921959 ], [ 8.839882816155242, 45.356449714004093 ], [ 8.839665791289773, 45.356916232847475 ], [ 8.839582674556238, 45.357311028407572 ], [ 8.839471530201365, 45.357975511176903 ], [ 8.839375151396263, 45.358254732009627 ], [ 8.839368779662879, 45.358461180948147 ], [ 8.839402711087249, 45.35893965903157 ], [ 8.839508979545922, 45.359227710568952 ], [ 8.839644268748787, 45.359530022185112 ], [ 8.83993367640994, 45.359916519774742 ], [ 8.840268426387441, 45.360316669371684 ], [ 8.840325139991849, 45.360519600549502 ], [ 8.84032417482638, 45.360866362959378 ], [ 8.840670142856466, 45.361362373427902 ], [ 8.840731841044651, 45.361666382134977 ], [ 8.840498581957572, 45.362022453580565 ], [ 8.840159763216697, 45.362586092094524 ], [ 8.83989242710572, 45.362962091255071 ], [ 8.839580035829753, 45.363409219090734 ], [ 8.839538870175074, 45.363672587635179 ], [ 8.839361987723839, 45.364004974053458 ], [ 8.839214114668163, 45.36428232085219 ], [ 8.83896119281545, 45.364582470129847 ], [ 8.838837045453554, 45.364996467848123 ], [ 8.838806980703426, 45.365427967216775 ], [ 8.838805385923379, 45.365920255926611 ], [ 8.838969905327609, 45.366354816527718 ], [ 8.839078608838971, 45.366566825441168 ], [ 8.839023041673698, 45.366894252150679 ], [ 8.83858971177156, 45.367200717950752 ], [ 8.838295937397165, 45.367418731792313 ], [ 8.837999011682877, 45.367671207452723 ], [ 8.837673365430593, 45.368063320788551 ], [ 8.837467495574998, 45.368434634138168 ], [ 8.8369249232353, 45.36878593755727 ], [ 8.836453292595431, 45.3690729929748 ], [ 8.835916908386725, 45.369355636383602 ], [ 8.835533128232596, 45.369593041217222 ], [ 8.834708746646839, 45.370085863771358 ], [ 8.834230387554756, 45.370470634970701 ], [ 8.83366856485214, 45.371018904494328 ], [ 8.833191778266945, 45.371400617616438 ], [ 8.832981839060924, 45.371565819358381 ], [ 8.832422195968467, 45.372009148228223 ], [ 8.831792301775868, 45.372489899266235 ], [ 8.831264976072193, 45.37314422441785 ], [ 8.83092800825013, 45.373634849851456 ], [ 8.830749437790255, 45.373942739822105 ], [ 8.830475492920581, 45.374163914042107 ], [ 8.829831960017216, 45.374577135537926 ], [ 8.829461500641012, 45.375096777329091 ], [ 8.829213529631772, 45.375751324934548 ], [ 8.829197887080621, 45.376406307791015 ], [ 8.829188805204115, 45.37662642987506 ], [ 8.829183238998711, 45.376762678303443 ], [ 8.829387067613085, 45.377138633687188 ], [ 8.82935892914624, 45.37742757576418 ], [ 8.829249518955519, 45.378200316819409 ], [ 8.829022533182346, 45.378382406301206 ], [ 8.828795890334717, 45.378450377898353 ], [ 8.827759530430109, 45.378904763194171 ], [ 8.82701351039672, 45.379610399308824 ], [ 8.826850081227485, 45.380157249591598 ], [ 8.82675259128788, 45.380316670064879 ], [ 8.826589572890581, 45.380726815609783 ], [ 8.826588952283739, 45.380931920654234 ], [ 8.826779757886325, 45.382026494802993 ], [ 8.826778240303568, 45.382528053391567 ], [ 8.826712604047676, 45.382847086697168 ], [ 8.826127848355254, 45.383666892595691 ], [ 8.825770513228219, 45.384167908835124 ], [ 8.82570469594561, 45.384509710930253 ], [ 8.825671038574486, 45.384942821020928 ], [ 8.825765104840162, 45.385945989457596 ], [ 8.825634539313494, 45.386310555962822 ], [ 8.825308268378807, 45.387221920382032 ], [ 8.824981780954214, 45.388201678970113 ], [ 8.824622872584323, 45.389204246412909 ], [ 8.824524525974621, 45.389637165553253 ], [ 8.824264369278657, 45.390069929352656 ], [ 8.824134730117896, 45.390160895992658 ], [ 8.82390774712429, 45.390320114307642 ], [ 8.823583677867472, 45.390502041984192 ], [ 8.823292013710667, 45.39066115914769 ], [ 8.823032478150544, 45.390888724490694 ], [ 8.822707974155119, 45.391207354563733 ], [ 8.822643947496001, 45.391408407400732 ], [ 8.822640611482932, 45.391414667131173 ], [ 8.822639165749646, 45.391417393182756 ], [ 8.8226365142042, 45.391422925770073 ], [ 8.822632714193791, 45.391430901329237 ], [ 8.82261024638864, 45.391466871670453 ], [ 8.822550884881434, 45.391556792544343 ], [ 8.822504252250354, 45.391660236028379 ], [ 8.822454456392375, 45.391754672367028 ], [ 8.822411018501802, 45.39185812077524 ], [ 8.822348347101066, 45.391984042520455 ], [ 8.822308174455555, 45.392064990896039 ], [ 8.822229560428916, 45.39218188736227 ], [ 8.822173392667217, 45.392271813899441 ], [ 8.822139467333635, 45.392397779370391 ], [ 8.822140825541876, 45.392474292590144 ], [ 8.822167820592892, 45.39251931594989 ], [ 8.822258816924792, 45.392519456685271 ], [ 8.822420114821909, 45.392515206913643 ], [ 8.822667724325418, 45.392502092341267 ], [ 8.822868997522866, 45.392484402931736 ], [ 8.822897678192751, 45.392475446998624 ], [ 8.822931421705436, 45.392430502682487 ], [ 8.822997204326576, 45.392313604757803 ], [ 8.823067902813463, 45.392174129228707 ], [ 8.823153115806157, 45.392007764017784 ], [ 8.823218894919739, 45.391890866851483 ], [ 8.823334394850495, 45.391742459169713 ], [ 8.823409637471045, 45.3916660761085 ], [ 8.823452865655065, 45.39162114449482 ], [ 8.823484781831759, 45.391621193821457 ], [ 8.823638124783296, 45.391634929050596 ], [ 8.823845630599157, 45.391644247863297 ], [ 8.824043636964166, 45.391658050519311 ], [ 8.824278292933887, 45.391676411674467 ], [ 8.824524209232878, 45.39169928670016 ], [ 8.824725352550798, 45.391722093400865 ], [ 8.824781162505451, 45.391731178535181 ], [ 8.824964733437239, 45.391744960149516 ], [ 8.825177084240931, 45.391754281267168 ], [ 8.825348484406856, 45.391775928781456 ], [ 8.825394254454348, 45.391781690283644 ], [ 8.825598574530655, 45.391809005456722 ], [ 8.82580615645735, 45.391813821970196 ], [ 8.825919600888668, 45.391778001393376 ], [ 8.825923272687053, 45.391775442516831 ], [ 8.825926045776477, 45.39177349795996 ], [ 8.825928090922849, 45.391771473082166 ], [ 8.825953198236315, 45.39174646430407 ], [ 8.825993302761816, 45.391688026808787 ], [ 8.826160197276254, 45.391436284821921 ], [ 8.826280607360054, 45.39122938121961 ], [ 8.826399354969178, 45.391013569061379 ], [ 8.826518120016056, 45.390824749923446 ], [ 8.826649663985707, 45.390626865029105 ], [ 8.826733084164704, 45.390491993564304 ], [ 8.826795733491894, 45.390397591033526 ], [ 8.826867865396567, 45.390303201040169 ], [ 8.827015325312555, 45.39010083827494 ], [ 8.827124326958323, 45.389970508606723 ], [ 8.827229978276399, 45.389903164034521 ], [ 8.827340127002257, 45.38988083091445 ], [ 8.827475957476944, 45.389867535091426 ], [ 8.827632443026733, 45.389849770523249 ], [ 8.827779486780603, 45.389818489539159 ], [ 8.827958468121018, 45.389782755819191 ], [ 8.828121419034225, 45.389756000808411 ], [ 8.828279531583179, 45.389751736167121 ], [ 8.828416845148489, 45.389756441375511 ], [ 8.828509173154023, 45.389772685177206 ], [ 8.828571662388365, 45.389783669665889 ], [ 8.828684901413716, 45.389819839404112 ], [ 8.828807700884658, 45.389865020168919 ], [ 8.828964104594553, 45.389910252925425 ], [ 8.829109291605263, 45.389937467865906 ], [ 8.82923217169326, 45.389955649763891 ], [ 8.829564314882063, 45.389956141350893 ], [ 8.829664905375907, 45.389960788456527 ], [ 8.829733533701912, 45.389978890698892 ], [ 8.829794157387269, 45.389996980072141 ], [ 8.829806877077965, 45.390005995835018 ], [ 8.829862760089343, 45.390024077207862 ], [ 8.829885067274203, 45.390033111743094 ], [ 8.8299632684798, 45.390055728759087 ], [ 8.830086056009208, 45.390105405184364 ], [ 8.830212111534472, 45.390155093536059 ], [ 8.830338085635825, 45.390195776716801 ], [ 8.830461880958614, 45.390227766659848 ], [ 8.83051363691736, 45.390241114999917 ], [ 8.830702438422955, 45.390294651242897 ], [ 8.830737015157256, 45.390304450004869 ], [ 8.831020924540875, 45.390408365628666 ], [ 8.83121552918465, 45.390467147468861 ], [ 8.831406977542798, 45.390525927018629 ], [ 8.831614421201701, 45.390589229582673 ], [ 8.831834575968317, 45.390666048847372 ], [ 8.831953924787479, 45.390704112808677 ], [ 8.832051115855457, 45.390735152750288 ], [ 8.8320898284978, 45.390747495552375 ], [ 8.832423291390786, 45.390842494509933 ], [ 8.832539869193861, 45.390870904389246 ], [ 8.832683370373982, 45.390905866937956 ], [ 8.832938621284811, 45.390978235720716 ], [ 8.833139627954681, 45.391046025848865 ], [ 8.833375745933147, 45.391140863571572 ], [ 8.833417163395971, 45.391172421361084 ], [ 8.833536830322197, 45.391208596554534 ], [ 8.83371250862621, 45.391260044686724 ], [ 8.833737865970807, 45.391267460872228 ], [ 8.833980367321058, 45.391344320218955 ], [ 8.834016543742571, 45.391354886322745 ], [ 8.834243605933452, 45.391421199243567 ], [ 8.834502138345798, 45.391489068633703 ], [ 8.834735072531219, 45.391556900403359 ], [ 8.834980729423977, 45.391633749586013 ], [ 8.83518174469666, 45.391701537025043 ], [ 8.835343810661639, 45.39175897137352 ], [ 8.835411495918336, 45.391782936791337 ], [ 8.83570341572004, 45.391891369147046 ], [ 8.835717731295723, 45.391898122715382 ], [ 8.835751269157592, 45.391913934036076 ], [ 8.835854930500297, 45.391950080178852 ], [ 8.836017638229013, 45.392004308225367 ], [ 8.836288834206842, 45.392103691817518 ], [ 8.836609489942044, 45.39222114363772 ], [ 8.836895993678297, 45.392306042075035 ], [ 8.837037109175906, 45.392347827729928 ], [ 8.837238153974527, 45.392406621078536 ], [ 8.837385599107931, 45.392457247403172 ], [ 8.837396064639043, 45.392460840321377 ], [ 8.837603537533903, 45.392519630474688 ], [ 8.837863539118578, 45.392591997685358 ], [ 8.838181145544516, 45.392673439131379 ], [ 8.838436431993268, 45.392736794349702 ], [ 8.838672665751643, 45.392795625036001 ], [ 8.83893271440699, 45.392890575951959 ], [ 8.838975107032001, 45.392910038037016 ], [ 8.839109728660583, 45.392971829075051 ], [ 8.83915660653275, 45.392986464609287 ], [ 8.839297987068768, 45.393030580977424 ], [ 8.83949578143385, 45.39308485611803 ], [ 8.839698531801423, 45.393139136970859 ], [ 8.839933046635254, 45.393211460090839 ], [ 8.84019781137834, 45.393315324220005 ], [ 8.840335543940837, 45.39338561719314 ], [ 8.840472144105526, 45.393455292728525 ], [ 8.840609976316374, 45.393538099121834 ], [ 8.840704920656702, 45.393595109014278 ], [ 8.840943917171879, 45.393761935596281 ], [ 8.840943984733862, 45.393761988798055 ], [ 8.841152730855855, 45.393924300062238 ], [ 8.841324827370689, 45.394059554321871 ], [ 8.841415857473985, 45.394135310596369 ], [ 8.841433141231636, 45.394149688070286 ], [ 8.841520802593315, 45.394221805757084 ], [ 8.841643474871953, 45.394320972229337 ], [ 8.841727509356865, 45.394388637183077 ], [ 8.841817177173873, 45.394460789824301 ], [ 8.841966997725031, 45.394567831873005 ], [ 8.841974952757873, 45.394573515500063 ], [ 8.841987688621014, 45.39459154382628 ], [ 8.842009151761022, 45.39462193130997 ], [ 8.842032246478716, 45.394654585773694 ], [ 8.84203118296759, 45.3946575367302 ], [ 8.842025792990258, 45.394672605557872 ], [ 8.841972879330285, 45.394749045237539 ], [ 8.841931197176265, 45.394807497829966 ], [ 8.841851101917015, 45.394897400886038 ], [ 8.841791787285329, 45.394978334067481 ], [ 8.841709997894684, 45.395104236283458 ], [ 8.841623425875513, 45.395225634756329 ], [ 8.8415416809456, 45.395333537905039 ], [ 8.841535256476408, 45.395347033645344 ], [ 8.841432698521192, 45.395472911340484 ], [ 8.841315746961634, 45.395607767546267 ], [ 8.841213116247234, 45.395760650641002 ], [ 8.841091243815773, 45.39594050897383 ], [ 8.840998230619531, 45.396079900595048 ], [ 8.8409083643363, 45.396237298220811 ], [ 8.840783121450441, 45.396480163315779 ], [ 8.840689992788153, 45.396660061260633 ], [ 8.840617780756148, 45.396785979615444 ], [ 8.840511900017821, 45.396956856511522 ], [ 8.840425208584778, 45.397118760615697 ], [ 8.840312864912166, 45.397316633084195 ], [ 8.840224700851554, 45.397433530275393 ], [ 8.840122165424557, 45.397550403680917 ], [ 8.840040414276276, 45.397658305702628 ], [ 8.839974609370572, 45.397775234003781 ], [ 8.83997140125522, 45.397779728357882 ], [ 8.839915239497277, 45.397874164187492 ], [ 8.839878131874867, 45.398009134339681 ], [ 8.839860162336478, 45.398153129906639 ], [ 8.839851786648982, 45.398292637370098 ], [ 8.839867401616155, 45.398418650416239 ], [ 8.839924651711822, 45.398513211874508 ], [ 8.84000747548939, 45.398585327488163 ], [ 8.840056032397017, 45.398624273892025 ], [ 8.840091935882002, 45.398653021194839 ], [ 8.840195607452381, 45.398702672514972 ], [ 8.840356724005051, 45.398770404835304 ], [ 8.840451943612099, 45.39880617041063 ], [ 8.840513043081518, 45.398829109129949 ], [ 8.840696506909561, 45.398892361620831 ], [ 8.840903994133161, 45.398955645479724 ], [ 8.841101800644875, 45.399014416646594 ], [ 8.841296552625504, 45.399073182326198 ], [ 8.84154228616725, 45.399136518157334 ], [ 8.841726301477056, 45.399200710391113 ], [ 8.841749760090543, 45.399208886366452 ], [ 8.841740025377927, 45.399262882452845 ], [ 8.841702896048385, 45.399406853529889 ], [ 8.841698067006586, 45.399420346079978 ], [ 8.841651366035322, 45.399559805023252 ], [ 8.841588619430265, 45.399726240175788 ], [ 8.84154834291844, 45.399852203336827 ], [ 8.841504985204763, 45.399937659080848 ], [ 8.841419850116626, 45.400113066155797 ], [ 8.841323514425927, 45.400297461597106 ], [ 8.841217556138671, 45.400495344615408 ], [ 8.841108439381422, 45.400679718494636 ], [ 8.840996126314701, 45.400864090514702 ], [ 8.840903032812841, 45.401030487504862 ], [ 8.840827603576958, 45.401160903861175 ], [ 8.8407263330886, 45.401342669811676 ], [ 8.840724875500987, 45.401345286255108 ], [ 8.840628507578712, 45.401538684117718 ], [ 8.840532254240824, 45.401691570839134 ], [ 8.840525835079744, 45.401700565869199 ], [ 8.840432712582453, 45.401874466787859 ], [ 8.840419885454375, 45.401898439109736 ], [ 8.840413529039408, 45.4019119096629 ], [ 8.840320258939421, 45.402109839223733 ], [ 8.840220720591825, 45.402294229193224 ], [ 8.840151716262405, 45.402411148525182 ], [ 8.840079504536039, 45.402532566668135 ], [ 8.839983256887901, 45.402680954963607 ], [ 8.839877354293268, 45.40285633350949 ], [ 8.839768228609257, 45.403040707819997 ], [ 8.839668610444273, 45.403252100134004 ], [ 8.839565911720523, 45.403422983126383 ], [ 8.839460056153726, 45.403580358751249 ], [ 8.839384695437472, 45.403683768526918 ], [ 8.839325394860909, 45.403755696334002 ], [ 8.839243325342892, 45.403872581405906 ], [ 8.839224384608523, 45.403899587416177 ], [ 8.839152831893243, 45.404003091505757 ], [ 8.839124935374032, 45.404043458100773 ], [ 8.839025514986325, 45.404182842494016 ], [ 8.838874882202136, 45.40435815611734 ], [ 8.838719595259496, 45.40455123240627 ], [ 8.838719411879802, 45.40455146168015 ], [ 8.838611986624432, 45.404695337741977 ], [ 8.838478895503787, 45.404879677797794 ], [ 8.838347337887893, 45.405086523078779 ], [ 8.838238213203706, 45.405266396114136 ], [ 8.838103492666406, 45.405459743693605 ], [ 8.837965613906368, 45.405644069139726 ], [ 8.837863057646985, 45.405760941219945 ], [ 8.837819752958323, 45.405823889638668 ], [ 8.837813349617514, 45.405828381189266 ], [ 8.837750787059715, 45.405922806732782 ], [ 8.837668959933513, 45.406053212703632 ], [ 8.837569519538912, 45.406197093694047 ], [ 8.837457350505844, 45.406322953913062 ], [ 8.83734517189648, 45.40645331284734 ], [ 8.837244287751137, 45.406543183784585 ], [ 8.837106640358501, 45.40664200439339 ], [ 8.837002658018358, 45.406695864660627 ], [ 8.836877917956159, 45.406749696990786 ], [ 8.836761187647609, 45.406794538447613 ], [ 8.836633262904503, 45.406843866216711 ], [ 8.836444560350619, 45.406920107981122 ], [ 8.836268664468047, 45.406987371008249 ], [ 8.836078383017551, 45.407059111061209 ], [ 8.835860916530033, 45.407139812117627 ], [ 8.835670670643619, 45.407198050516207 ], [ 8.835453217378419, 45.407274253772549 ], [ 8.835381258793243, 45.407301153037025 ], [ 8.835371652449956, 45.407310142275094 ], [ 8.835290111027669, 45.40733702767001 ], [ 8.834976791354467, 45.407422092120697 ], [ 8.834647562960685, 45.407484631275835 ], [ 8.834377525102099, 45.407515748133058 ], [ 8.834153849446521, 45.407533428852631 ], [ 8.833880695544629, 45.407537537963478 ], [ 8.833712404132358, 45.407544819959519 ], [ 8.833679424181735, 45.407546263454734 ], [ 8.833484442064371, 45.407559482198891 ], [ 8.833271932411511, 45.407586174250461 ], [ 8.833048244017439, 45.407621849050088 ], [ 8.832846917114148, 45.407644061414665 ], [ 8.832592904179506, 45.407657193136686 ], [ 8.83239801959974, 45.407661413387345 ], [ 8.832160005334899, 45.40766556903872 ], [ 8.831981066219011, 45.407678809688939 ], [ 8.831910770836092, 45.407683209606596 ], [ 8.831572108872548, 45.407691714717991 ], [ 8.831172728411964, 45.407709134879674 ], [ 8.830937897691724, 45.407717793330917 ], [ 8.830626286547551, 45.407762340801476 ], [ 8.830340205584861, 45.40781592842761 ], [ 8.830026929862067, 45.407882977695259 ], [ 8.829756807757226, 45.407941088246943 ], [ 8.829464296299088, 45.408008166015932 ], [ 8.829229329753867, 45.408061826259875 ], [ 8.828962332786972, 45.408142443707305 ], [ 8.828668088480038, 45.408254525047617 ], [ 8.828404215136111, 45.40835764637584 ], [ 8.828385008405583, 45.408371119442144 ], [ 8.828185124315247, 45.408442831901077 ], [ 8.827962798373552, 45.408541517654285 ], [ 8.827689244931703, 45.408676127228297 ], [ 8.827510068730094, 45.408765870499941 ], [ 8.827303658016197, 45.408882582458254 ], [ 8.827103611096195, 45.409008301353758 ], [ 8.826934533142827, 45.409137098454046 ], [ 8.826904193790124, 45.409160218175614 ], [ 8.826878253076325, 45.409179968175756 ], [ 8.826861851168697, 45.409192462295309 ], [ 8.826695341059189, 45.409318228598281 ], [ 8.826549625198474, 45.409435025854663 ], [ 8.82639268301455, 45.409565308679703 ], [ 8.826238938764719, 45.409695591650369 ], [ 8.826072317841762, 45.409857362881297 ], [ 8.825920112887264, 45.41000565301777 ], [ 8.82572622204019, 45.410203387285144 ], [ 8.825618841301447, 45.410320242718683 ], [ 8.825533985243531, 45.410383121186932 ], [ 8.825388182322726, 45.410526919740427 ], [ 8.825208679891453, 45.410720174467002 ], [ 8.825005243738721, 45.41090438916266 ], [ 8.824833905595602, 45.411039149295199 ], [ 8.824660969202762, 45.411173903113678 ], [ 8.824510422875626, 45.411299690692275 ], [ 8.824369461874655, 45.411425492808512 ], [ 8.824210831772978, 45.411582772023465 ], [ 8.82412425151248, 45.411682075841306 ], [ 8.824069763964994, 45.411744592204926 ], [ 8.823947745532813, 45.411942408867013 ], [ 8.823825710867178, 45.412144761109474 ], [ 8.823729292298426, 45.412329140296855 ], [ 8.82368907909826, 45.41241909278191 ], [ 8.823679436923547, 45.412437078647649 ], [ 8.823623016991537, 45.412603508822244 ], [ 8.823577757438455, 45.412774470341297 ], [ 8.823533999568127, 45.41297693231531 ], [ 8.823493464426466, 45.413170397971761 ], [ 8.823457767432538, 45.413350368274962 ], [ 8.823426786228156, 45.413552849934135 ], [ 8.823402312199917, 45.413719337447525 ], [ 8.823380902984976, 45.413926332715654 ], [ 8.823378163418091, 45.414010215837621 ], [ 8.823375636115864, 45.41408832046978 ], [ 8.823372911524373, 45.414131725791869 ], [ 8.823363847439593, 45.414277358657685 ], [ 8.823347383873951, 45.414424914448922 ], [ 8.823345779646285, 45.414439355408412 ], [ 8.82333399743408, 45.414637330953902 ], [ 8.823338670492447, 45.414676917671514 ], [ 8.823352663969157, 45.414794914474022 ], [ 8.823390419750433, 45.414983998646697 ], [ 8.823407438128207, 45.415164051271773 ], [ 8.823399214413923, 45.415240550256343 ], [ 8.823401000378293, 45.415397428055797 ], [ 8.823401745149273, 45.415461092490176 ], [ 8.823399791890676, 45.415530511765006 ], [ 8.823396337746612, 45.415654604231229 ], [ 8.823397490239794, 45.415798627227069 ], [ 8.823398462923409, 45.416001158191207 ], [ 8.823393128163797, 45.416176673789188 ], [ 8.823392656278848, 45.416329697329253 ], [ 8.823412936556545, 45.416487249983028 ], [ 8.823442636791571, 45.41669882659874 ], [ 8.823449724687947, 45.416991378759313 ], [ 8.823452208544273, 45.417027304857129 ], [ 8.823466569320724, 45.417234412010529 ], [ 8.823488441394984, 45.41738744034879 ], [ 8.82348844123233, 45.417387492555889 ], [ 8.823488371298732, 45.417409938907277 ], [ 8.823496002343628, 45.417531535311404 ], [ 8.823498024026417, 45.417575522225086 ], [ 8.823504963514514, 45.417725061988236 ], [ 8.823513310118395, 45.417915669497745 ], [ 8.823515424518972, 45.417963545098367 ], [ 8.823515020949269, 45.417998728623552 ], [ 8.823513181711784, 45.41816613222489 ], [ 8.82352047277859, 45.418391170628816 ], [ 8.823542873199024, 45.41854464260409 ], [ 8.823553346818652, 45.418616254846214 ], [ 8.823560290130018, 45.418655079026337 ], [ 8.823581592380169, 45.418773812509713 ], [ 8.823584513903477, 45.418794838575714 ], [ 8.82358472025658, 45.418796296199176 ], [ 8.823588020610419, 45.418858206594336 ], [ 8.823595287182529, 45.418994362843357 ], [ 8.823597552097356, 45.419039087323164 ], [ 8.823602829672037, 45.419142896253042 ], [ 8.823604031641347, 45.419155866230582 ], [ 8.823607455764888, 45.419192406749502 ], [ 8.823615109098219, 45.419300431936342 ], [ 8.823613109766027, 45.419461039299676 ], [ 8.823612981646967, 45.419471399556357 ], [ 8.823612981492822, 45.419471449063067 ], [ 8.823607681413298, 45.419633461822329 ], [ 8.823589621481823, 45.419790952439037 ], [ 8.823595538294516, 45.419943982148915 ], [ 8.823607948548279, 45.420041898149066 ], [ 8.823618953675119, 45.420128469485384 ], [ 8.823633966957855, 45.420205664992203 ], [ 8.823656672778739, 45.420322123276968 ], [ 8.823676032895403, 45.42047867791316 ], [ 8.823680057816478, 45.420511133675994 ], [ 8.823695620317796, 45.420586872712988 ], [ 8.823711530537356, 45.420664250513155 ], [ 8.823735149969192, 45.42077680273529 ], [ 8.823763532106886, 45.420898359059571 ], [ 8.82377304969007, 45.420920879597766 ], [ 8.823802275039146, 45.420996997043261 ], [ 8.823811074397746, 45.421019901723945 ], [ 8.823903234863213, 45.421177537108093 ], [ 8.823944782270628, 45.421233502584109 ], [ 8.823995480493785, 45.421301756264249 ], [ 8.824000326327077, 45.421308270742365 ], [ 8.824048975097263, 45.421382492676315 ], [ 8.824083014451789, 45.42143441757014 ], [ 8.824146363708772, 45.421614538525368 ], [ 8.824165720003876, 45.421790193710855 ], [ 8.824169686026712, 45.421826095940702 ], [ 8.824169421762333, 45.421853169523565 ], [ 8.824167299549522, 45.422078128440617 ], [ 8.824145849244973, 45.422298623573532 ], [ 8.824098983139127, 45.42246957443367 ], [ 8.824040922228027, 45.422645005953704 ], [ 8.823981386489383, 45.422779931303502 ], [ 8.823915488621877, 45.422905844653229 ], [ 8.82387210820027, 45.422982287565787 ], [ 8.823775533779203, 45.423211667989996 ], [ 8.82311079131153, 45.424259276130641 ], [ 8.823044860373813, 45.424394191950483 ], [ 8.822958029553444, 45.424569578287411 ], [ 8.822898559556906, 45.424682001790927 ], [ 8.822813428053035, 45.424825888950984 ], [ 8.822725268204852, 45.4249157638138 ], [ 8.822643610884054, 45.424969643683923 ], [ 8.822545976322179, 45.425023499574912 ], [ 8.822411532310092, 45.425095299768607 ], [ 8.822336279913797, 45.425144686947483 ], [ 8.822201819933635, 45.42522099019569 ], [ 8.822035352552575, 45.425315242329262 ], [ 8.821833600730036, 45.425449945732211 ], [ 8.821663779197019, 45.425593700786294 ], [ 8.821490688892251, 45.425759951810107 ], [ 8.821408998243607, 45.425822831091182 ], [ 8.821391381780336, 45.425836304526719 ], [ 8.821186417907793, 45.425975504178737 ], [ 8.820973449476364, 45.42611918884041 ], [ 8.820826078100325, 45.426235972257444 ], [ 8.820505567798781, 45.426532509493917 ], [ 8.820358177552635, 45.42665379199525 ], [ 8.820234801642616, 45.426761611121663 ], [ 8.820151369899927, 45.426869494812749 ], [ 8.820082274696203, 45.426990900200906 ], [ 8.820000485690031, 45.427085283587331 ], [ 8.819921887082513, 45.42717967464381 ], [ 8.819830408641081, 45.427305546108904 ], [ 8.81974366748393, 45.427449427476148 ], [ 8.819680964883212, 45.427570842697115 ], [ 8.819624536427737, 45.427728272791711 ], [ 8.819608373501831, 45.427786755396248 ], [ 8.819601955574452, 45.42780021023114 ], [ 8.819601090587845, 45.427803280091752 ], [ 8.819590623134548, 45.427840733065182 ], [ 8.819558267159701, 45.427966698562052 ], [ 8.819536936191883, 45.428142186540832 ], [ 8.81953494977493, 45.428263698476023 ], [ 8.819537762248403, 45.428385219790648 ], [ 8.819547048687426, 45.428479744881663 ], [ 8.81958186295468, 45.428587812168395 ], [ 8.819664652138213, 45.428682454220514 ], [ 8.819749185341479, 45.428732093618123 ], [ 8.819785490514093, 45.428743812021345 ], [ 8.819875267047088, 45.428772772026925 ], [ 8.820010930375636, 45.428808985473211 ], [ 8.820146666296012, 45.428854195620708 ], [ 8.820366912453643, 45.428944535783472 ], [ 8.821843815272871, 45.429466991386263 ], [ 8.822271160733397, 45.429618143576732 ], [ 8.823983983736104, 45.43019686032742 ], [ 8.82399355508441, 45.430201375699426 ], [ 8.82415478234644, 45.430255622495551 ], [ 8.824255183497161, 45.430293113286119 ], [ 8.824300035135325, 45.430309857994722 ], [ 8.824313332449423, 45.430314566296978 ], [ 8.824478791278453, 45.430373115437973 ], [ 8.824673435138051, 45.430463407028121 ], [ 8.82485687221943, 45.430562684148519 ], [ 8.824875676058975, 45.43057554695595 ], [ 8.825002062646369, 45.430661978893959 ], [ 8.825105711232764, 45.430734145808451 ], [ 8.825243994057768, 45.430835087696117 ], [ 8.825253980209904, 45.430842375980305 ], [ 8.825386258273225, 45.430950561710965 ], [ 8.825386293949155, 45.430950600470872 ], [ 8.825515322406741, 45.431076752968778 ], [ 8.825582321480343, 45.431142723706209 ], [ 8.825625273843093, 45.431184993423223 ], [ 8.825730408831038, 45.431293167013322 ], [ 8.825792108646327, 45.431372254255301 ], [ 8.825814775196172, 45.431401284532434 ], [ 8.825913487880792, 45.431527429042418 ], [ 8.826027283774566, 45.4316706618973 ], [ 8.826042407896088, 45.431689690158748 ], [ 8.826141058343195, 45.431829355139669 ], [ 8.826171724376914, 45.431907114052194 ], [ 8.826185470635432, 45.431941912176733 ], [ 8.826192872560203, 45.431989873066229 ], [ 8.826197992108108, 45.432022964927889 ], [ 8.826201163100096, 45.432031972796814 ], [ 8.826232887727933, 45.432108528034298 ], [ 8.826258070937875, 45.432234581951967 ], [ 8.826289702938283, 45.432342643182011 ], [ 8.826311701524132, 45.432464194318356 ], [ 8.826309650479566, 45.432612706308518 ], [ 8.826296397941048, 45.432765706383009 ], [ 8.826294875348616, 45.432841957194057 ], [ 8.826294513800667, 45.432860211164048 ], [ 8.826294751476834, 45.432876085216627 ], [ 8.826297172739649, 45.433035741233894 ], [ 8.826266436719642, 45.433157208557709 ], [ 8.82621335777371, 45.433269642437864 ], [ 8.826153912684818, 45.433373065360641 ], [ 8.826128231696387, 45.433409030338893 ], [ 8.826041536051875, 45.433539415441416 ], [ 8.825966069350532, 45.433656314822194 ], [ 8.825868158682319, 45.433795684840867 ], [ 8.825733271172872, 45.434007004690308 ], [ 8.825617743830614, 45.434159846768033 ], [ 8.825519859169162, 45.434290215275354 ], [ 8.825417193637108, 45.434416073068419 ], [ 8.82529004387203, 45.434554171011044 ], [ 8.825288938110711, 45.434555370985279 ], [ 8.825288917579972, 45.434555395257235 ], [ 8.825134989026553, 45.434721680849272 ], [ 8.824987560755833, 45.434851973031712 ], [ 8.824848204652564, 45.434955272781302 ], [ 8.82472014889904, 45.43502258384369 ], [ 8.824632086385328, 45.435076456111318 ], [ 8.824550413633043, 45.435130338125347 ], [ 8.824484794264485, 45.435161743451872 ], [ 8.824367967640518, 45.435215570412787 ], [ 8.824227138412702, 45.435278361559092 ], [ 8.824097565673837, 45.43531866766979 ], [ 8.823940797865486, 45.435367932958393 ], [ 8.823834214933829, 45.435390551663851 ], [ 8.823814475737757, 45.435394754501552 ], [ 8.823713749025242, 45.43540810005009 ], [ 8.823694561246171, 45.435408070435599 ], [ 8.822424078048185, 45.435397106557247 ], [ 8.8222008363987, 45.435391769898814 ], [ 8.820810094779103, 45.435358577484863 ], [ 8.820629538706944, 45.435349294658259 ], [ 8.820407426280488, 45.435339945316038 ], [ 8.8201453788918, 45.435326032049574 ], [ 8.819833818358145, 45.43530304065775 ], [ 8.819606996629773, 45.435266678614788 ], [ 8.819399301643918, 45.435248350641729 ], [ 8.819289075435069, 45.435234674452673 ], [ 8.819106959917148, 45.435211883993581 ], [ 8.818880172927408, 45.435166521123087 ], [ 8.81864700695656, 45.435116647054862 ], [ 8.818433017557926, 45.43506680029359 ], [ 8.81831696184515, 45.435031248989631 ], [ 8.81825573069065, 45.435012499213236 ], [ 8.818246594834038, 45.435009615081718 ], [ 8.818241431069429, 45.435007991142676 ], [ 8.818163728693133, 45.434981788183741 ], [ 8.818040257102812, 45.434940159757438 ], [ 8.817933290975104, 45.434894993016265 ], [ 8.817875068153173, 45.434876319840292 ], [ 8.817749760105514, 45.434836186877398 ], [ 8.817444887205019, 45.434723187242071 ], [ 8.816144197683316, 45.434176542250434 ], [ 8.814352020011997, 45.433417559069909 ], [ 8.812285321569224, 45.432568086226652 ], [ 8.812200746987962, 45.432531943135373 ], [ 8.812036357297663, 45.432468664039305 ], [ 8.811844801224652, 45.432405343560319 ], [ 8.811630932897014, 45.432323979878959 ], [ 8.811507211215517, 45.432293453293155 ], [ 8.811410571573145, 45.432269613307312 ], [ 8.811212470152276, 45.432242290433933 ], [ 8.811023900922047, 45.432232980974057 ], [ 8.810784320794017, 45.432219086092061 ], [ 8.810501489504926, 45.432214117505637 ], [ 8.810287258079949, 45.43221826341842 ], [ 8.810092242695127, 45.432244936787136 ], [ 8.809935586687345, 45.432276178779588 ], [ 8.80988776078067, 45.432286313800986 ], [ 8.809809238085673, 45.43230296860245 ], [ 8.809689309427684, 45.432325271960664 ], [ 8.809506999041282, 45.432365475463079 ], [ 8.809302237462303, 45.432428140702172 ], [ 8.809161413696172, 45.432486413592514 ], [ 8.809014092474223, 45.432576178895694 ], [ 8.808841080427138, 45.432701905987649 ], [ 8.808748963461978, 45.43275971169286 ], [ 8.808733798254142, 45.432769243819799 ], [ 8.808679024684398, 45.432817196223191 ], [ 8.80860556219203, 45.432881535552958 ], [ 8.808530211317255, 45.432953418311087 ], [ 8.808422761990913, 45.433065753678527 ], [ 8.808350590260838, 45.433142140468689 ], [ 8.808287966126079, 45.433232046900336 ], [ 8.808181961394261, 45.433389390669483 ], [ 8.808096883593736, 45.43350176058771 ], [ 8.808011729148182, 45.433636635215343 ], [ 8.807942647985273, 45.433744533079327 ], [ 8.807899273144946, 45.433853849524198 ], [ 8.807892697831404, 45.433870464658163 ], [ 8.807883096440266, 45.433897984206219 ], [ 8.807839426394043, 45.43402339434747 ], [ 8.807805456617738, 45.434144853044437 ], [ 8.807768271388403, 45.434270806937612 ], [ 8.807743952316141, 45.434374277571251 ], [ 8.807734105198255, 45.434450771538323 ], [ 8.807730903567755, 45.434489638004536 ], [ 8.807730771517624, 45.4344912517046 ], [ 8.807731045428515, 45.434501324553267 ], [ 8.807733617436227, 45.43459478875706 ], [ 8.807747573780832, 45.43472082690446 ], [ 8.80778100436423, 45.434864154996703 ], [ 8.80778854535607, 45.434896420927636 ], [ 8.807799536702385, 45.434937820820473 ], [ 8.807823245528235, 45.4350269918829 ], [ 8.80784507186068, 45.435189049105304 ], [ 8.807857196002898, 45.435331055041807 ], [ 8.807858905381975, 45.43535101816402 ], [ 8.807887126891039, 45.435517645253725 ], [ 8.807912896029922, 45.435566420395851 ], [ 8.807953805569857, 45.435643785517613 ], [ 8.807981700062358, 45.435690196890796 ], [ 8.808026929663001, 45.435765368444166 ], [ 8.808070445325919, 45.435832113740283 ], [ 8.808085735016123, 45.435855534547528 ], [ 8.808113770431433, 45.435887589149154 ], [ 8.808168532161746, 45.435950185725041 ], [ 8.808180492391521, 45.435960098170831 ], [ 8.808233860336896, 45.436004298344876 ], [ 8.808252989780383, 45.436017835015392 ], [ 8.808316735300707, 45.436071947630765 ], [ 8.808436275249029, 45.436166657562914 ], [ 8.808546242968491, 45.436243302943879 ], [ 8.808700981735251, 45.436347056622516 ], [ 8.808855164703145, 45.436459201912875 ], [ 8.808874735776019, 45.436473426911697 ], [ 8.809040578619181, 45.436581717326 ], [ 8.809127055784575, 45.436631153536098 ], [ 8.809198467744826, 45.436671964734991 ], [ 8.809372289712169, 45.436775748471057 ], [ 8.809501474004106, 45.436861455932863 ], [ 8.809567894010515, 45.436923114438024 ], [ 8.809598696471276, 45.436951691604072 ], [ 8.809671971565969, 45.437023822710721 ], [ 8.809756357178701, 45.437118476264537 ], [ 8.809835859127764, 45.437240120830666 ], [ 8.809873973616726, 45.437312194162907 ], [ 8.809891320517174, 45.437354226400693 ], [ 8.809927894317367, 45.437442728004321 ], [ 8.809956598280017, 45.437508504584855 ], [ 8.809984971531625, 45.437573409287715 ], [ 8.810053137532156, 45.437740042809743 ], [ 8.810074047063575, 45.437776271543918 ], [ 8.8100817199127, 45.437789553921917 ], [ 8.810081735125529, 45.437789592652528 ], [ 8.810119783952372, 45.437884114865867 ], [ 8.810148142757505, 45.438010247697321 ], [ 8.810159783845407, 45.438033207591275 ], [ 8.810205284238839, 45.438122842784352 ], [ 8.810240097595466, 45.4381898500042 ], [ 8.810249749997597, 45.438208404980969 ], [ 8.81030097793959, 45.438276132542839 ], [ 8.810345221477762, 45.43833460061677 ], [ 8.810360729404952, 45.438353660373657 ], [ 8.810429590472008, 45.438438189148506 ], [ 8.810465564754599, 45.438487391081956 ], [ 8.810518674560951, 45.438559916622545 ], [ 8.810572172396226, 45.438618159623694 ], [ 8.810580784289336, 45.4386275207859 ], [ 8.8106168708785, 45.438661571980191 ], [ 8.810676371281604, 45.438717695191635 ], [ 8.810705498106453, 45.438738524611679 ], [ 8.81082147645045, 45.438821410181738 ], [ 8.810976060202762, 45.438943161139882 ], [ 8.811105733535069, 45.439033189055529 ], [ 8.811145108671631, 45.439060510796324 ], [ 8.811286968526622, 45.439173257060617 ], [ 8.811406512726947, 45.439272445552902 ], [ 8.811542028424196, 45.439358162022415 ], [ 8.811687528041983, 45.43945496630537 ], [ 8.811689839764126, 45.439456500325917 ], [ 8.811731819124411, 45.439484466143256 ], [ 8.811779820169859, 45.439526833037483 ], [ 8.81185455535276, 45.43959274436564 ], [ 8.811892751319391, 45.439642314048832 ], [ 8.811892785596285, 45.439642387915377 ], [ 8.812053578145557, 45.439809061967722 ], [ 8.812053624061676, 45.439809096247927 ], [ 8.812092457876663, 45.439842637518836 ], [ 8.812204983053146, 45.439939810842773 ], [ 8.81222672334885, 45.439964849303699 ], [ 8.812298962777128, 45.440048028695848 ], [ 8.81237211106348, 45.440160662462198 ], [ 8.812454819419008, 45.440282311306973 ], [ 8.812545505081275, 45.440399439261128 ], [ 8.8125455343702, 45.440399475314109 ], [ 8.812559321029973, 45.44041900180499 ], [ 8.812615505081931, 45.440498546049483 ], [ 8.812619876460749, 45.440506729938328 ], [ 8.812690190174051, 45.440638239822576 ], [ 8.812717053103585, 45.440703095427963 ], [ 8.812721912804657, 45.440714801394506 ], [ 8.812731645278024, 45.440759386941934 ], [ 8.812745518169661, 45.440822853955055 ], [ 8.812754685674278, 45.440853864718733 ], [ 8.812770830975653, 45.440908371127939 ], [ 8.812785812216239, 45.440975410739028 ], [ 8.812796010855967, 45.441020960174548 ], [ 8.812818091791423, 45.441111007756817 ], [ 8.812824143961022, 45.441214529112834 ], [ 8.812809388543913, 45.441327019399012 ], [ 8.812793061982898, 45.441430504976921 ], [ 8.812775127286322, 45.441538489429334 ], [ 8.812761670269914, 45.441631036908561 ], [ 8.812758790241338, 45.441650905100325 ], [ 8.812755412021763, 45.441677584605159 ], [ 8.81274399899009, 45.44176796883491 ], [ 8.812716414666776, 45.441893939008708 ], [ 8.812646931430461, 45.442123351880198 ], [ 8.812600001683689, 45.44229879613836 ], [ 8.811639525738725, 45.444673511141957 ], [ 8.810990476765975, 45.446144120025799 ], [ 8.810963187011202, 45.446180080652702 ], [ 8.810893898040124, 45.446346485858747 ], [ 8.810831067709941, 45.446494900172269 ], [ 8.810768428831802, 45.446584807729053 ], [ 8.810712258797773, 45.446652223818155 ], [ 8.810640104158116, 45.446719612481154 ], [ 8.810558388779601, 45.446777984021303 ], [ 8.81047026435184, 45.446840847278864 ], [ 8.810356502896392, 45.446921666747173 ], [ 8.810284924825366, 45.446965984212028 ], [ 8.810218770922972, 45.447006949588207 ], [ 8.810139793123781, 45.447056381761961 ], [ 8.810068182300556, 45.447101212105082 ], [ 8.810055364422427, 45.447110192911396 ], [ 8.809888778314987, 45.447213428006727 ], [ 8.809767053211923, 45.447285234208714 ], [ 8.809624475881453, 45.447379511278108 ], [ 8.809499495110813, 45.447469314205854 ], [ 8.809297664731801, 45.447594993597157 ], [ 8.80920316020017, 45.447653341006301 ], [ 8.809169531550298, 45.447671287268435 ], [ 8.809015713520473, 45.447779044820315 ], [ 8.808845806249995, 45.447918279505252 ], [ 8.80868877731673, 45.448030529147822 ], [ 8.808515748927764, 45.448147255062224 ], [ 8.808283481630561, 45.448290884055986 ], [ 8.808062480226141, 45.448412027559669 ], [ 8.807801488676201, 45.448542106370404 ], [ 8.80755647582939, 45.448672213303482 ], [ 8.807393032908404, 45.44878895095264 ], [ 8.807238997679262, 45.448959714245476 ], [ 8.807158720715117, 45.449063090043261 ], [ 8.807083223657592, 45.44917097626432 ], [ 8.807028660533611, 45.449233890817005 ], [ 8.806994953505749, 45.449274340243498 ], [ 8.8069034411924, 45.449391201396736 ], [ 8.806827912492704, 45.449508085905357 ], [ 8.806768445600449, 45.449602497193794 ], [ 8.806703865986355, 45.44972004822516 ], [ 8.806699293833116, 45.449728380114578 ], [ 8.806693402733014, 45.449740592896305 ], [ 8.806642933834597, 45.449845314933249 ], [ 8.806572186763173, 45.44996671246593 ], [ 8.8064933505173, 45.450115095394452 ], [ 8.806422965997283, 45.450255553516229 ], [ 8.806414502308986, 45.450272461457132 ], [ 8.806399911817188, 45.450296801217945 ], [ 8.806314807017412, 45.450438832034209 ], [ 8.806209156687926, 45.450588803905141 ], [ 8.806203961027737, 45.450596179686798 ], [ 8.806200333138278, 45.45060097117905 ], [ 8.806088353453587, 45.450748986132744 ], [ 8.805956548689796, 45.450960289037269 ], [ 8.8058809528876, 45.451095177901742 ], [ 8.805712120429456, 45.451382926093579 ], [ 8.805602940343691, 45.451522257342098 ], [ 8.805511483379842, 45.451621115902711 ], [ 8.805489024556183, 45.451643579793149 ], [ 8.805383071554465, 45.451773915107616 ], [ 8.805265896933602, 45.451913232403278 ], [ 8.805137485056216, 45.452066032224366 ], [ 8.805031481369557, 45.452209869834888 ], [ 8.804890170698616, 45.452394153394451 ], [ 8.804764767603036, 45.452600962491502 ], [ 8.804668928861986, 45.452738237240169 ], [ 8.804629844071348, 45.45279425334364 ], [ 8.804593001040974, 45.452848070671834 ], [ 8.804522173263024, 45.452951593028665 ], [ 8.804259066257524, 45.45322117608638 ], [ 8.804117986810098, 45.453337947277312 ], [ 8.804066673399051, 45.453382867122237 ], [ 8.804032955187328, 45.453427802729507 ], [ 8.803944571531764, 45.453558177611185 ], [ 8.803848095304478, 45.453720031957623 ], [ 8.803753309551972, 45.453854885493996 ], [ 8.803637739586506, 45.453989704121305 ], [ 8.803514162721937, 45.454129008560209 ], [ 8.803388997101855, 45.454263812223374 ], [ 8.803270247598167, 45.45439412169182 ], [ 8.803162669996468, 45.454528952690424 ], [ 8.803077550305213, 45.454641322883305 ], [ 8.803053461872404, 45.454672783781696 ], [ 8.802981239578239, 45.454753668308008 ], [ 8.802861767302286, 45.454858499075293 ], [ 8.802848152155287, 45.454870455284329 ], [ 8.802833186480859, 45.454880929362034 ], [ 8.802713528622901, 45.45496473553078 ], [ 8.802553315147932, 45.455063468389682 ], [ 8.802436363725658, 45.4551352767336 ], [ 8.80239631802689, 45.455157709583055 ], [ 8.802258503350288, 45.455251985568289 ], [ 8.802104652816626, 45.455359732715372 ], [ 8.801971616223573, 45.455458513631996 ], [ 8.801814582956785, 45.455561753363249 ], [ 8.801667145137188, 45.455665013138315 ], [ 8.801471647141881, 45.455795187420449 ], [ 8.801255584025203, 45.455915420658094 ], [ 8.80122977888327, 45.455929784887466 ], [ 8.801205085710365, 45.455946175417459 ], [ 8.80101344312332, 45.456073425726181 ], [ 8.800984603004705, 45.456091377894126 ], [ 8.800817943473312, 45.456203604278144 ], [ 8.800672008153652, 45.456309588241922 ], [ 8.800601583561539, 45.456360761398265 ], [ 8.800524300153111, 45.456419772484601 ], [ 8.800425232929973, 45.456495453497226 ], [ 8.800236108210122, 45.456630140984117 ], [ 8.800045434142348, 45.456751321835014 ], [ 8.799833958520319, 45.456876967417749 ], [ 8.799604830802531, 45.457020585848724 ], [ 8.799582403210364, 45.457034047407049 ], [ 8.799425312066081, 45.457150785530395 ], [ 8.799244148396376, 45.45729448654248 ], [ 8.799093798101087, 45.457411047926435 ], [ 8.799064608736646, 45.457433699419859 ], [ 8.798872380036068, 45.457541357553339 ], [ 8.79886434048046, 45.457544870968945 ], [ 8.798667405357122, 45.457631014792604 ], [ 8.798400095155442, 45.457720554462348 ], [ 8.798190451828422, 45.457778692990964 ], [ 8.798067265799402, 45.457800980995202 ], [ 8.797928110717155, 45.457818737315776 ], [ 8.797724942046564, 45.457854383434849 ], [ 8.797576161955972, 45.457881122585007 ], [ 8.797416156875235, 45.457916843737266 ], [ 8.797336388483814, 45.457934301390807 ], [ 8.797334497882817, 45.457934717492506 ], [ 8.797227381475301, 45.457952527098321 ], [ 8.79705707334554, 45.457982577601641 ], [ 8.797000211760416, 45.457992616418728 ], [ 8.796868742466568, 45.45801224205497 ], [ 8.796761880553541, 45.458028198328918 ], [ 8.796707341381708, 45.458037934191225 ], [ 8.796512298450379, 45.458072760002175 ], [ 8.796235519823288, 45.458126274721245 ], [ 8.796033914029836, 45.458170921821399 ], [ 8.795808343876791, 45.458211026028131 ], [ 8.795613165053501, 45.458246682671117 ], [ 8.795464416760732, 45.458264418823418 ], [ 8.795014854512916, 45.458349124373299 ], [ 8.793953238193206, 45.459238325195564 ], [ 8.793937182065843, 45.459256298633875 ], [ 8.793890622659625, 45.459310220937979 ], [ 8.793816785086825, 45.459391099390686 ], [ 8.793714018545225, 45.459512427356856 ], [ 8.793633719542639, 45.459611297320329 ], [ 8.79351808339794, 45.459755105754965 ], [ 8.793415267525582, 45.459889935155545 ], [ 8.793364498116933, 45.459952847224656 ], [ 8.793302864751547, 45.460029263915089 ], [ 8.793241497109296, 45.460103973524653 ], [ 8.793166334367129, 45.460195522769475 ], [ 8.793029879379013, 45.460348295995708 ], [ 8.792890157531058, 45.460519061029096 ], [ 8.79273769229175, 45.460676304567002 ], [ 8.792585243985025, 45.460829047328573 ], [ 8.792440856434032, 45.460963801233177 ], [ 8.7923045285455, 45.461080569011024 ], [ 8.792166597405194, 45.461197332806591 ], [ 8.792035112037686, 45.461300608172351 ], [ 8.791895617894921, 45.461408367592988 ], [ 8.791757704240284, 45.461520629421202 ], [ 8.791598969040743, 45.461641856092392 ], [ 8.791438622816047, 45.461767579297387 ], [ 8.791267047991809, 45.461902281153144 ], [ 8.791105165336038, 45.462009998683456 ], [ 8.790938484142851, 45.462117707200022 ], [ 8.790723703874734, 45.462261333044317 ], [ 8.790532957127303, 45.462391499861546 ], [ 8.790351851619945, 45.462508181358942 ], [ 8.79019790859304, 45.462629416657919 ], [ 8.790029492577466, 45.462773125432193 ], [ 8.789891555179338, 45.462889883734491 ], [ 8.789792106735318, 45.462975211221377 ], [ 8.789642809893117, 45.463136956989388 ], [ 8.789543191909367, 45.463267289017267 ], [ 8.7894627426012, 45.4633797745145 ], [ 8.789456418846841, 45.46338862273452 ], [ 8.789444055553638, 45.46340659513389 ], [ 8.789376021866008, 45.463505512549119 ], [ 8.789276354880659, 45.463649344236487 ], [ 8.789184645912925, 45.463802193514802 ], [ 8.789125019604061, 45.463928099266852 ], [ 8.789089423568004, 45.464040546666922 ], [ 8.78906507157626, 45.464139515728142 ], [ 8.789056677898067, 45.464247513646669 ], [ 8.78906748446771, 45.464351043722502 ], [ 8.789084643668057, 45.464414027950617 ], [ 8.789089581750353, 45.464432073658749 ], [ 8.789101600139674, 45.464464838588022 ], [ 8.789125976777694, 45.464531172876171 ], [ 8.789173535012669, 45.464639257872214 ], [ 8.789230705230029, 45.464747316476704 ], [ 8.789262688645978, 45.464804923710119 ], [ 8.78929582619274, 45.46486452412659 ], [ 8.789331565706615, 45.464936130621055 ], [ 8.789349802637789, 45.464972616381139 ], [ 8.789380301237873, 45.465029519648297 ], [ 8.789405367993361, 45.465076252347103 ], [ 8.789478453861424, 45.465202401952098 ], [ 8.78955157098817, 45.465319550373678 ], [ 8.789639028975413, 45.465450225143648 ], [ 8.78971856195348, 45.465562885573007 ], [ 8.789772579035205, 45.46563428523455 ], [ 8.789814017191588, 45.465689018522419 ], [ 8.789835455146955, 45.465718294735609 ], [ 8.789899942660757, 45.465806246085762 ], [ 8.789975571367494, 45.46589855375688 ], [ 8.789992281369665, 45.465918925369849 ], [ 8.790023552573658, 45.465954096501846 ], [ 8.790100547510866, 45.466040640436738 ], [ 8.79014238087712, 45.466085558529798 ], [ 8.790192937224047, 45.466139780957569 ], [ 8.790298007704406, 45.466252465369806 ], [ 8.790335980639295, 45.466285331810916 ], [ 8.790412799079279, 45.466351750346142 ], [ 8.790533975628563, 45.466446483311231 ], [ 8.790640775631209, 45.466536690102771 ], [ 8.79068632803317, 45.466578269066858 ], [ 8.790739560609961, 45.46662684340496 ], [ 8.790822353145595, 45.4667169925388 ], [ 8.790822388810291, 45.466717034009584 ], [ 8.790832779725752, 45.466730568322944 ], [ 8.790901927452282, 45.466820629402697 ], [ 8.790967177079189, 45.466919833014366 ], [ 8.791018005384188, 45.467009921703507 ], [ 8.791036746326052, 45.467040304396924 ], [ 8.791084757472506, 45.467118067073869 ], [ 8.791164326343184, 45.467221726240645 ], [ 8.791178141972585, 45.467238020246064 ], [ 8.791240739854565, 45.467311812092376 ], [ 8.791268017733881, 45.467342430876911 ], [ 8.791317186377288, 45.467397524274567 ], [ 8.791412711920335, 45.4675102127012 ], [ 8.791498664059047, 45.467618382077646 ], [ 8.791586197710588, 45.46773105216635 ], [ 8.791641364601336, 45.467798505093782 ], [ 8.791656192040401, 45.467816629926624 ], [ 8.791656239143238, 45.467816692120721 ], [ 8.791723075312239, 45.467902247876246 ], [ 8.79175512237213, 45.467956248620048 ], [ 8.79177394241354, 45.467987923902115 ], [ 8.791798637835544, 45.46804050794627 ], [ 8.791812021332856, 45.468068999493774 ], [ 8.791760503746483, 45.46816342165193 ], [ 8.79171693411471, 45.46827135375726 ], [ 8.791713668427102, 45.468289349275963 ], [ 8.791699042576147, 45.468356770297916 ], [ 8.791695424198178, 45.468378479062267 ], [ 8.791681044610941, 45.468464812922882 ], [ 8.791669649681044, 45.468518799259748 ], [ 8.791666919358216, 45.468544254135736 ], [ 8.791658069914902, 45.468626771672668 ], [ 8.791654860905004, 45.468640483627432 ], [ 8.791640195693585, 45.468703266254728 ], [ 8.791625569376622, 45.468766246976486 ], [ 8.791573571119905, 45.46899117815429 ], [ 8.791560037171941, 45.469193678331706 ], [ 8.791540268847807, 45.469351159397689 ], [ 8.791525166216413, 45.469544657310884 ], [ 8.791514401304521, 45.469634812431913 ], [ 8.791502079638338, 45.469738106438335 ], [ 8.791467282061824, 45.469903514389522 ], [ 8.791461376967945, 45.469931585503502 ], [ 8.791415810440643, 45.470147527121576 ], [ 8.791386233417683, 45.470363498816056 ], [ 8.791354778729104, 45.470648658259208 ], [ 8.791346548032628, 45.470723451156452 ], [ 8.791337557346299, 45.470781964924853 ], [ 8.791320311679961, 45.470894442803846 ], [ 8.791317131556385, 45.471003921977896 ], [ 8.791314839721833, 45.471083464840227 ], [ 8.791314178042024, 45.47126345397082 ], [ 8.791316003902262, 45.471329592591125 ], [ 8.791319810513624, 45.471466007955513 ], [ 8.791339887856619, 45.47165956733604 ], [ 8.791351903129355, 45.471871114342804 ], [ 8.79137515611658, 45.472069160291717 ], [ 8.791380292819719, 45.472090269341038 ], [ 8.791425573286729, 45.472276294818016 ], [ 8.791466916083222, 45.472419687993657 ], [ 8.791483989458218, 45.472478877617746 ], [ 8.791487770271205, 45.472492662625712 ], [ 8.791529759070825, 45.472645528893963 ], [ 8.791559447954329, 45.472834604246856 ], [ 8.791558737121255, 45.473028127406927 ], [ 8.791545285068095, 45.473208122840909 ], [ 8.791523192926064, 45.473436119286504 ], [ 8.791518699961829, 45.473482566168975 ], [ 8.791497039540623, 45.473721103766117 ], [ 8.791493807316549, 45.473784041304555 ], [ 8.791483234734356, 45.473991102204032 ], [ 8.791477225908851, 45.474147789135699 ], [ 8.791476170420687, 45.474175540539392 ], [ 8.791465955597765, 45.474342103979914 ], [ 8.791465792330708, 45.474351682734614 ], [ 8.791461860773177, 45.474585132783652 ], [ 8.791451520943529, 45.474787635880254 ], [ 8.791446128171343, 45.474949644508371 ], [ 8.791443463780977, 45.475071223930414 ], [ 8.791442292673569, 45.475125107332246 ], [ 8.7914419896609, 45.475149677288925 ], [ 8.791439972986952, 45.475318677882896 ], [ 8.791439278294849, 45.4755076976993 ], [ 8.791448227697236, 45.475683236055268 ], [ 8.791448955990097, 45.475848949915523 ], [ 8.791449114444395, 45.475881259921657 ], [ 8.7914502535513, 45.475976531334219 ], [ 8.791451550604833, 45.476083787197183 ], [ 8.79144934188778, 45.476191078963076 ], [ 8.791447675525365, 45.476272735473138 ], [ 8.791445655368896, 45.476307748152315 ], [ 8.791433985749556, 45.476511307296242 ], [ 8.791417184415454, 45.476731799969926 ], [ 8.791411326415783, 45.477019822314048 ], [ 8.791405253506205, 45.47718505925554 ], [ 8.79140422815661, 45.4772132850606 ], [ 8.791392413268346, 45.477384342469506 ], [ 8.791383420459866, 45.477481291174776 ], [ 8.791375736694947, 45.477564321055759 ], [ 8.791352718919866, 45.477735301281427 ], [ 8.791334511771309, 45.477901786098933 ], [ 8.791314544163008, 45.478113275348996 ], [ 8.791280146571125, 45.478333736692527 ], [ 8.791242317340201, 45.478617202639427 ], [ 8.791191678825323, 45.478905143929971 ], [ 8.791128292217897, 45.479179557419208 ], [ 8.7911024996809, 45.479340673491528 ], [ 8.791092301761973, 45.479404457829311 ], [ 8.791084880892326, 45.479452860646091 ], [ 8.791057860046024, 45.4796294816678 ], [ 8.791015283134891, 45.479899436138055 ], [ 8.79097761919375, 45.480137895481839 ], [ 8.790951216003634, 45.480358373076633 ], [ 8.790903869272119, 45.480619315774099 ], [ 8.790874415310114, 45.480799282496804 ], [ 8.790856176256872, 45.480974771857383 ], [ 8.790833069676909, 45.481168250128952 ], [ 8.790794004543333, 45.481352702497347 ], [ 8.790786372409405, 45.481385445562701 ], [ 8.790761521615886, 45.481492096265931 ], [ 8.790757750501784, 45.481508763117795 ], [ 8.79072898173955, 45.481636114716459 ], [ 8.790697978507527, 45.481802578575405 ], [ 8.790641234009247, 45.482009497787942 ], [ 8.790591931686746, 45.482184816717407 ], [ 8.790589370805648, 45.482193923001681 ], [ 8.790526129011011, 45.482432293801736 ], [ 8.790520907610928, 45.482449758187016 ], [ 8.790471048044454, 45.482616756252881 ], [ 8.790375847931475, 45.482841608886638 ], [ 8.790264737101834, 45.483043930211295 ], [ 8.790174499671114, 45.483223785056616 ], [ 8.790104891658329, 45.483448681747255 ], [ 8.79007213565059, 45.483655647394045 ], [ 8.790021797843536, 45.48385807652452 ], [ 8.789960321012874, 45.484046984301536 ], [ 8.789912078011605, 45.484196861239383 ], [ 8.789905308655026, 45.484217916007836 ], [ 8.789899490323851, 45.484236486404185 ], [ 8.789840557440664, 45.484424810107321 ], [ 8.789740454030172, 45.484676654801646 ], [ 8.789634201586717, 45.484860983869858 ], [ 8.789510338172569, 45.485049774662301 ], [ 8.78935136418122, 45.485216003073276 ], [ 8.789125062640718, 45.485422610405159 ], [ 8.788897209042526, 45.485615714474193 ], [ 8.788683832706015, 45.485786339267023 ], [ 8.788505763161117, 45.485925527676201 ], [ 8.788306898489395, 45.486064677268139 ], [ 8.788090406485059, 45.486212791368928 ], [ 8.787912435463618, 45.486324976451037 ], [ 8.787809829304889, 45.486387794905312 ], [ 8.787777753479375, 45.486410236412475 ], [ 8.787574152972828, 45.486531375402805 ], [ 8.78736253808002, 45.486656996987762 ], [ 8.78719586422428, 45.486742195800808 ], [ 8.786985830312751, 45.486872322007564 ], [ 8.78675193753622, 45.486966395957616 ], [ 8.786497249361997, 45.48706043236124 ], [ 8.786193056949218, 45.487131874455137 ], [ 8.785919415806188, 45.487162866892952 ], [ 8.785645884895686, 45.487162354832648 ], [ 8.785425160049661, 45.487157442545282 ], [ 8.785183537972644, 45.487179490404969 ], [ 8.784988269546051, 45.487210629770964 ], [ 8.784648920278007, 45.487272998613435 ], [ 8.784306488747037, 45.487303858378759 ], [ 8.783997735586844, 45.487312277914818 ], [ 8.783689104200182, 45.487289191898128 ], [ 8.783390154289373, 45.487243624114925 ], [ 8.783073710477254, 45.487171017057506 ], [ 8.78288198591599, 45.487112145282538 ], [ 8.782717489292736, 45.487044327423639 ], [ 8.782627364532809, 45.487002315877049 ], [ 8.782581705611795, 45.486981045657672 ], [ 8.78241729236793, 45.486899740189322 ], [ 8.782390094474211, 45.486886369367149 ], [ 8.782224135440126, 45.486804860848892 ], [ 8.782011722650532, 45.486718950093383 ], [ 8.781794424928972, 45.486655527104084 ], [ 8.781569163338395, 45.486583089114646 ], [ 8.781297603163928, 45.4864880600514 ], [ 8.781042039555855, 45.486393063705108 ], [ 8.780914826717833, 45.486335704739155 ], [ 8.780861606486548, 45.486311716279396 ], [ 8.780847585557483, 45.486305695509266 ], [ 8.780703507792225, 45.486243897882815 ], [ 8.780634882563602, 45.486203260902592 ], [ 8.780417990527098, 45.486036326343246 ], [ 8.780328468095021, 45.485966623868009 ], [ 8.780244096100331, 45.485900968250135 ], [ 8.780150988940761, 45.485824906619669 ], [ 8.780006580025185, 45.485707001445498 ], [ 8.779828061945578, 45.485544639328808 ], [ 8.779722527253584, 45.485468454377276 ], [ 8.779707129136877, 45.485457340654698 ], [ 8.77969934001413, 45.485451745814032 ], [ 8.779596745761161, 45.485377662786043 ], [ 8.779560169559346, 45.485357717645954 ], [ 8.779248818124229, 45.485187981876884 ], [ 8.778999643097357, 45.485097491164638 ], [ 8.778747181731266, 45.485029495542989 ], [ 8.77834916671676, 45.484961218822015 ], [ 8.777933521266959, 45.48490190760095 ], [ 8.777564228686886, 45.484851686298875 ], [ 8.777138893910715, 45.484814855318703 ], [ 8.776670278756535, 45.484804940727265 ], [ 8.776612791211159, 45.484806318010676 ], [ 8.776323803585742, 45.484813262166774 ], [ 8.776187693531394, 45.484816494314494 ], [ 8.776148786627845, 45.484817426206391 ], [ 8.775691220287809, 45.48484353209269 ], [ 8.775241614060386, 45.484878655669718 ], [ 8.774808038376422, 45.484904808820261 ], [ 8.774352013792182, 45.484944414122026 ], [ 8.773895956388635, 45.484993023199145 ], [ 8.773513493227806, 45.485037271316315 ], [ 8.773246212280576, 45.485077246276504 ], [ 8.772906879798059, 45.485135083312656 ], [ 8.772493933248056, 45.485201770308976 ], [ 8.772127407196709, 45.485259549964518 ], [ 8.771804015888531, 45.485330915462036 ], [ 8.771552526345127, 45.485420423482047 ], [ 8.771299255638745, 45.485554932279214 ], [ 8.771098715316812, 45.485703047928389 ], [ 8.770896590074379, 45.485846660363457 ], [ 8.770715259281866, 45.485990314178558 ], [ 8.770514624510545, 45.486160932398477 ], [ 8.770359631369132, 45.486305436953131 ], [ 8.770331590114123, 45.486331587449762 ], [ 8.770290846173253, 45.486369883761967 ], [ 8.770140507384792, 45.486511222665186 ], [ 8.769938159532327, 45.486708839883534 ], [ 8.769756769813737, 45.486865992873277 ], [ 8.769567324831359, 45.487036633757562 ], [ 8.769392276290075, 45.487207299786846 ], [ 8.769253846412257, 45.487351573418088 ], [ 8.769215591158265, 45.487391463971498 ], [ 8.769105925950267, 45.487508932478697 ], [ 8.769043661424531, 45.487575641092306 ], [ 8.768868521437618, 45.487768809008593 ], [ 8.768704844963688, 45.487940426791823 ], [ 8.768688610100682, 45.487957461909559 ], [ 8.768632533876589, 45.488022757941891 ], [ 8.768476436103283, 45.488204568346966 ], [ 8.768382863651107, 45.48831897956314 ], [ 8.768364128249766, 45.488341894518697 ], [ 8.768342902902937, 45.488367838710936 ], [ 8.768296378814584, 45.488424727063517 ], [ 8.768166202711313, 45.488572981096681 ], [ 8.768037644027618, 45.488716737684783 ], [ 8.76791713702621, 45.488847009652169 ], [ 8.767831986634285, 45.488936846361739 ], [ 8.767682596493243, 45.489089562254115 ], [ 8.767526747589056, 45.48925576473323 ], [ 8.767393388051785, 45.489399510808695 ], [ 8.767284131280105, 45.489516303271145 ], [ 8.767147588467164, 45.489655540191094 ], [ 8.76698535889131, 45.489817229231946 ], [ 8.766889408345554, 45.489916067747998 ], [ 8.766832760268445, 45.489974447022107 ], [ 8.766776594121882, 45.490029206087797 ], [ 8.766694618817757, 45.490109172349172 ], [ 8.766518024213372, 45.490261827520534 ], [ 8.766349449479037, 45.490410001843863 ], [ 8.766155163361599, 45.49058512583759 ], [ 8.765975313072429, 45.490751277019925 ], [ 8.765784189254298, 45.490935408902303 ], [ 8.765591464506166, 45.491119533573318 ], [ 8.765413190588054, 45.491290189465609 ], [ 8.765260620541252, 45.491433892647109 ], [ 8.765101601146227, 45.491591084084398 ], [ 8.765005242844602, 45.491680898296224 ], [ 8.764867185642853, 45.491797629148387 ], [ 8.764705017062409, 45.491941312716982 ], [ 8.764526757919549, 45.492107463056861 ], [ 8.764330806821743, 45.492296083087666 ], [ 8.7641782137914, 45.492444287125622 ], [ 8.764086713640923, 45.492533394087239 ], [ 8.764035273877647, 45.492583516049045 ], [ 8.763966342482799, 45.492646003627883 ], [ 8.763857012933517, 45.49274515844656 ], [ 8.76368196450616, 45.492906816208624 ], [ 8.763519695542447, 45.493073001628943 ], [ 8.763348947410924, 45.493258605425815 ], [ 8.763346142073575, 45.493261655503517 ], [ 8.76334142514458, 45.493267041019003 ], [ 8.763196642633162, 45.493432375583751 ], [ 8.763056845549107, 45.493580601019964 ], [ 8.762912189194928, 45.493742319716212 ], [ 8.76277876823538, 45.493895061311456 ], [ 8.762658238036641, 45.494025328465845 ], [ 8.762580193736085, 45.494113338810479 ], [ 8.762566615535013, 45.494128663843199 ], [ 8.762483057742946, 45.494222985964697 ], [ 8.762461206521513, 45.494247767488453 ], [ 8.762380160152874, 45.494339786861381 ], [ 8.762249913157381, 45.494497033198051 ], [ 8.762113195553713, 45.494672271798017 ], [ 8.761960420922913, 45.49486097398642 ], [ 8.761783535554933, 45.495076630920309 ], [ 8.761697299942147, 45.495190723281752 ], [ 8.761630727368299, 45.495278832500865 ], [ 8.761593483467705, 45.495336733846955 ], [ 8.761532472293688, 45.495431648677098 ], [ 8.761413289980686, 45.495620422931985 ], [ 8.761246039741723, 45.495827093485083 ], [ 8.761080533930802, 45.495997771862754 ], [ 8.76094403629981, 45.496118999919354 ], [ 8.760714615044327, 45.49627154079473 ], [ 8.760470698535414, 45.49644654916689 ], [ 8.760279822638113, 45.496563162710245 ], [ 8.76005207282285, 45.496697702566543 ], [ 8.759871119582654, 45.496789313090019 ], [ 8.759848461386934, 45.496800793219286 ], [ 8.759810021356238, 45.496820260178318 ], [ 8.759591924849742, 45.496930763857371 ], [ 8.759384952293017, 45.497069844871525 ], [ 8.759193995311945, 45.497204460500186 ], [ 8.759041472785016, 45.497330153945846 ], [ 8.758938564969915, 45.497451450428152 ], [ 8.758750670870668, 45.497617574862879 ], [ 8.758460461208097, 45.497765478601906 ], [ 8.75820883742443, 45.497868461180367 ], [ 8.758002111214063, 45.497949030976763 ], [ 8.757745664248343, 45.49805650108344 ], [ 8.757598244852915, 45.498110196087168 ], [ 8.757490899873748, 45.498145973705022 ], [ 8.75726816750741, 45.498226511787799 ], [ 8.757104630840036, 45.498307174422422 ], [ 8.756989187601889, 45.498365434495994 ], [ 8.75683206911769, 45.498441611622773 ], [ 8.756823397833124, 45.498445115309238 ], [ 8.756760608728811, 45.498470520557277 ], [ 8.756668770895075, 45.498507633784953 ], [ 8.756588463427718, 45.498540103518245 ], [ 8.756242399260946, 45.498651879809273 ], [ 8.755975158452204, 45.4986648127352 ], [ 8.755736813212236, 45.498655305780787 ], [ 8.755332272311582, 45.498600436781835 ], [ 8.755095619816711, 45.498568424766404 ], [ 8.754806139250421, 45.498545305417593 ], [ 8.75452307556591, 45.498517694054719 ], [ 8.754251148920327, 45.498503609459753 ], [ 8.754038404448709, 45.498494151334214 ], [ 8.753854455787756, 45.498484754865963 ], [ 8.753616166731206, 45.498461740998131 ], [ 8.753306617218374, 45.498431163921886 ], [ 8.753243496286203, 45.498424930215293 ], [ 8.752947665444742, 45.498397295468841 ], [ 8.752581495770736, 45.498356007716872 ], [ 8.752191304897481, 45.498305665542389 ], [ 8.752114366145204, 45.49829650016737 ], [ 8.751844333990372, 45.498264393671569 ], [ 8.751574068529013, 45.498236804602016 ], [ 8.751278031761796, 45.498249665711278 ], [ 8.751042693144296, 45.498285158506455 ], [ 8.750840868905803, 45.498338726202611 ], [ 8.75069345956107, 45.498387909044887 ], [ 8.750578685913814, 45.498422849349247 ], [ 8.750556059616951, 45.498429717318153 ], [ 8.750517233087294, 45.498441532032494 ], [ 8.750241636915925, 45.49853544355117 ], [ 8.750012551576642, 45.498602450081904 ], [ 8.749889241652514, 45.49862918267435 ], [ 8.749726229078952, 45.498588324109789 ], [ 8.749644787098951, 45.498540551220053 ], [ 8.749549026603175, 45.49848440642338 ], [ 8.749389693052128, 45.498353566550847 ], [ 8.749389652230416, 45.498353535857404 ], [ 8.749328765398097, 45.498282376967815 ], [ 8.74926232187771, 45.498204734928478 ], [ 8.74911277647543, 45.498019914707854 ], [ 8.748999521172461, 45.497974925737616 ], [ 8.748766224589536, 45.497933671009164 ], [ 8.748765986630096, 45.497933647082846 ], [ 8.748519683823462, 45.497915104625413 ], [ 8.748517665700456, 45.497915033573989 ], [ 8.748023730334053, 45.497905013253202 ], [ 8.748022165003343, 45.497905009800277 ], [ 8.74801883398534, 45.497905157272015 ], [ 8.747455607040822, 45.497935061000057 ], [ 8.747452466497061, 45.497935260182878 ], [ 8.747188425666925, 45.497948176927885 ], [ 8.746908448851036, 45.497947559645375 ], [ 8.74690660183391, 45.497947578956001 ], [ 8.746292266308187, 45.497964124820555 ], [ 8.746290814560773, 45.497964194505393 ], [ 8.745986696415017, 45.497995024433067 ], [ 8.745637840490886, 45.498012252229202 ], [ 8.745636139243574, 45.498012302447783 ], [ 8.744831852860024, 45.498050906671565 ], [ 8.744831321435683, 45.498050963091764 ], [ 8.744564059350152, 45.498068368944892 ], [ 8.744340116412983, 45.49805886771378 ], [ 8.744119475254234, 45.498026871489415 ], [ 8.744022285062087, 45.498006314760786 ], [ 8.743663603998208, 45.497940556400593 ], [ 8.743662295617179, 45.497940340137504 ], [ 8.743411235725672, 45.497912773949245 ], [ 8.743212831722081, 45.497916829582365 ], [ 8.743164856821309, 45.497912221155168 ], [ 8.743157452235074, 45.497911708543583 ], [ 8.742748314043594, 45.497884821385497 ], [ 8.742739413434924, 45.497884264872532 ], [ 8.742465893008642, 45.497870149530911 ], [ 8.74220197588699, 45.497856053407524 ], [ 8.741962076466281, 45.497837509460943 ], [ 8.741959595619935, 45.497837307631976 ], [ 8.741504122728392, 45.497805128482796 ], [ 8.741501456104963, 45.497804968528833 ], [ 8.741250294826859, 45.497799900212442 ], [ 8.741000654777649, 45.497812839774539 ], [ 8.740902605228618, 45.497818401552479 ], [ 8.740901857564223, 45.497818443062094 ], [ 8.740771811868298, 45.497825820588346 ], [ 8.740602119425915, 45.497847941821576 ], [ 8.740288296107042, 45.497901236490556 ], [ 8.740070508223672, 45.497945745924859 ], [ 8.739798239539031, 45.498008136736992 ], [ 8.739537168239909, 45.498070547931398 ], [ 8.739279216892836, 45.498150972430295 ], [ 8.739062775156437, 45.498249488053474 ], [ 8.738897571045115, 45.498339121954011 ], [ 8.738812377715204, 45.498401624629302 ], [ 8.738764197640275, 45.498437776446188 ], [ 8.73868399974592, 45.498509657034589 ], [ 8.738622891055236, 45.49857702396978 ], [ 8.738490991719438, 45.498729738753518 ], [ 8.738423547977661, 45.498783591167964 ], [ 8.738319097627528, 45.498882364467214 ], [ 8.738213044442732, 45.498981132195723 ], [ 8.738063692519658, 45.499102307892727 ], [ 8.737914255178598, 45.499241480972096 ], [ 8.73779285555899, 45.499361960742981 ], [ 8.737792119897343, 45.499362720550593 ], [ 8.737755607878265, 45.499402421764273 ], [ 8.737668280553658, 45.499497446988151 ], [ 8.737512317264589, 45.499663606158002 ], [ 8.73738683433576, 45.499811836513658 ], [ 8.737266130947766, 45.499964574689081 ], [ 8.737172766202374, 45.500085876159545 ], [ 8.737066565950958, 45.500216147343863 ], [ 8.736957247847055, 45.500328408073486 ], [ 8.73679508743523, 45.500449551688078 ], [ 8.736647455738147, 45.50054372065668 ], [ 8.736466179727209, 45.500646817455738 ], [ 8.736302606478096, 45.50072744839256 ], [ 8.736092571855389, 45.500821475267166 ], [ 8.735859630998897, 45.500932766074094 ], [ 8.735848822910526, 45.500937932036436 ], [ 8.735824262282762, 45.500950005169081 ], [ 8.735648374531873, 45.501036474525208 ], [ 8.735425493135743, 45.501139470672825 ], [ 8.735237877628526, 45.501229048225717 ], [ 8.735037460392997, 45.501318593075219 ], [ 8.734877084394281, 45.501399233878203 ], [ 8.734708640774686, 45.501493352020347 ], [ 8.73458350590839, 45.501565070413278 ], [ 8.734384706308662, 45.501650120004022 ], [ 8.73416831001447, 45.501735126498367 ], [ 8.734014478665726, 45.501784273744043 ], [ 8.733879951740288, 45.501810966521568 ], [ 8.733694206120223, 45.501842035811997 ], [ 8.733508480236825, 45.501868606979478 ], [ 8.733220291729838, 45.501908440294969 ], [ 8.732992987943961, 45.501930413846033 ], [ 8.732801912129077, 45.501953494220899 ], [ 8.732773657521868, 45.501956917866174 ], [ 8.732575118871907, 45.501978951573378 ], [ 8.732425395110617, 45.502011449694763 ], [ 8.732354413226842, 45.502026818460799 ], [ 8.732349323768574, 45.502027922676511 ], [ 8.732229196811655, 45.502054644547961 ], [ 8.731961826607311, 45.50209002291934 ], [ 8.731619233128985, 45.502129726321485 ], [ 8.731355149099789, 45.502147109625582 ], [ 8.731068794666554, 45.502137434688422 ], [ 8.730812946391417, 45.502105329891677 ], [ 8.730664188835291, 45.502095979008921 ], [ 8.730416169169597, 45.502099896317404 ], [ 8.730230504126089, 45.502112959696753 ], [ 8.729959955185487, 45.502143828008521 ], [ 8.729727782036527, 45.502179284350753 ], [ 8.729526120348641, 45.502192307835223 ], [ 8.729170921268437, 45.502191468943636 ], [ 8.728988498837492, 45.502195538658391 ], [ 8.728802876379625, 45.502199597784241 ], [ 8.728588414333712, 45.502212592823298 ], [ 8.728415526933306, 45.502230185078432 ], [ 8.728178576668249, 45.502261125446665 ], [ 8.727975203401902, 45.502296645854422 ], [ 8.727760654050115, 45.502327639598278 ], [ 8.727538059708646, 45.502367614883944 ], [ 8.727296240612535, 45.502412043508222 ], [ 8.727054102481846, 45.502452218722503 ], [ 8.727028781151672, 45.502456425653293 ], [ 8.726834776453648, 45.502486082375924 ], [ 8.726739004393146, 45.50250072498298 ], [ 8.726497207173322, 45.502540652300574 ], [ 8.726229834975671, 45.502576018148055 ], [ 8.725932058249571, 45.502611310425166 ], [ 8.725623101602533, 45.502642073605891 ], [ 8.725358905274357, 45.502681943808852 ], [ 8.725142686036561, 45.502726432118529 ], [ 8.724950422985955, 45.502779977036852 ], [ 8.724753292438441, 45.502847008901497 ], [ 8.724583342497167, 45.502918607429201 ], [ 8.724408522322964, 45.503003695652254 ], [ 8.724264091808504, 45.503093352132566 ], [ 8.724235257716487, 45.503116664769109 ], [ 8.724141998095927, 45.503192077006901 ], [ 8.72398935702422, 45.503322222003717 ], [ 8.723852630215513, 45.503470408430786 ], [ 8.723760925383596, 45.503573698816197 ], [ 8.723659442491307, 45.503712970898036 ], [ 8.723569134890958, 45.503856769596027 ], [ 8.723475650044897, 45.50399605636175 ], [ 8.723361299074869, 45.504148796913199 ], [ 8.723261458326137, 45.504279071473874 ], [ 8.723174572074297, 45.504377873382545 ], [ 8.723092550662104, 45.50446318172061 ], [ 8.722966980136702, 45.504576307696773 ], [ 8.72294310096818, 45.504597840792947 ], [ 8.72290391998639, 45.504633939299701 ], [ 8.722777528194236, 45.504750451097351 ], [ 8.722698791608622, 45.504817768459965 ], [ 8.722595992397705, 45.504898529929456 ], [ 8.722493143551958, 45.504988291414108 ], [ 8.722380610488868, 45.505096030627683 ], [ 8.722234363137307, 45.50522618787523 ], [ 8.722065755482904, 45.505347293001442 ], [ 8.721918063036664, 45.505445944171996 ], [ 8.721749520568867, 45.505553546392569 ], [ 8.72164566515548, 45.505622615558387 ], [ 8.721614692673002, 45.505643235475617 ], [ 8.721587194698911, 45.505670797422042 ], [ 8.721511757735305, 45.505746489446764 ], [ 8.721495132708631, 45.505845467625683 ], [ 8.721493634325329, 45.505854428195967 ], [ 8.72152322764963, 45.505911566595834 ], [ 8.721538004161131, 45.50594007318572 ], [ 8.721620728904554, 45.506034767756418 ], [ 8.721627611742351, 45.506041061916214 ], [ 8.721719507827705, 45.506125035917393 ], [ 8.721840653872858, 45.506219841020787 ], [ 8.721917962903889, 45.506264192379724 ], [ 8.721966712817631, 45.506292141631839 ], [ 8.722079982077039, 45.50635541435976 ], [ 8.722231633425649, 45.506427774239214 ], [ 8.722393002893863, 45.506477664617577 ], [ 8.722588095524255, 45.506496136325836 ], [ 8.722757838787484, 45.506474047408553 ], [ 8.722909975705397, 45.506447417669136 ], [ 8.723126233340015, 45.506411942934811 ], [ 8.723351989034001, 45.506376493494372 ], [ 8.723569701347634, 45.506345518406278 ], [ 8.723720515653486, 45.506330043983837 ], [ 8.723784308678377, 45.506323538322675 ], [ 8.723997116167876, 45.506324051804931 ], [ 8.724164994098135, 45.506337957197957 ], [ 8.724334428793615, 45.506378863182128 ], [ 8.724502195027529, 45.506437760844292 ], [ 8.724631539318654, 45.506496566544556 ], [ 8.724736682478557, 45.506582315362998 ], [ 8.724736714204793, 45.506582372146561 ], [ 8.724754101527914, 45.506617681359131 ], [ 8.724781106051179, 45.506672506580429 ], [ 8.724740771182546, 45.506739907042494 ], [ 8.724729896420593, 45.506745970999553 ], [ 8.724668554830787, 45.506780235370741 ], [ 8.724566036340065, 45.506802491039416 ], [ 8.724465139859193, 45.506820250865275 ], [ 8.72434822124648, 45.506842472503052 ], [ 8.724213724269946, 45.506860151019779 ], [ 8.724075981684312, 45.506886820864622 ], [ 8.723911014564592, 45.5069179289099 ], [ 8.723733202120721, 45.506958003176962 ], [ 8.723635462626161, 45.506984770130877 ], [ 8.723534542215098, 45.50700703053959 ], [ 8.723358285284322, 45.507056108213256 ], [ 8.723167607223719, 45.50710965392993 ], [ 8.723161191054887, 45.507112034480237 ], [ 8.722895032039062, 45.507213865150746 ], [ 8.722703687021856, 45.507279207149459 ], [ 8.722702730372591, 45.50727954686996 ], [ 8.722558430680881, 45.507337704705805 ], [ 8.722446243083684, 45.507373436673923 ], [ 8.722303588587298, 45.507422596158612 ], [ 8.722185001323449, 45.507458311411661 ], [ 8.721987827717141, 45.507529840708528 ], [ 8.721821082639474, 45.507596945906684 ], [ 8.721657514041036, 45.507668556463081 ], [ 8.721537412560632, 45.507721698931725 ], [ 8.721526009716596, 45.507726750469111 ], [ 8.721425772146556, 45.507767671809241 ], [ 8.72139453508888, 45.507780426730918 ], [ 8.721394416979303, 45.507780494851403 ], [ 8.721191457504876, 45.507902594080015 ], [ 8.721116366653032, 45.5079455909733 ], [ 8.721115287996742, 45.507946265224447 ], [ 8.720843549444393, 45.508211131949338 ], [ 8.7207128560309, 45.508286646058835 ], [ 8.720703943668157, 45.508291802615098 ], [ 8.720637309071842, 45.508332646094473 ], [ 8.720572323060104, 45.508372488141895 ], [ 8.720447109202016, 45.508453190995382 ], [ 8.720299403225116, 45.508551840887172 ], [ 8.720150030917344, 45.508663988189603 ], [ 8.720066672022167, 45.508728458814538 ], [ 8.72004562334237, 45.508744757771751 ], [ 8.720025236347652, 45.50876082881814 ], [ 8.719971719366765, 45.508803068626321 ], [ 8.719889778507277, 45.508870375250368 ], [ 8.719786939163885, 45.508955632798326 ], [ 8.719701775116501, 45.50902743374084 ], [ 8.719577935293559, 45.509153142818747 ], [ 8.719527927946844, 45.509234028351628 ], [ 8.719513035610547, 45.509333003235227 ], [ 8.719530167230953, 45.509427557086752 ], [ 8.719561749384185, 45.509513142588659 ], [ 8.719580428190641, 45.509559111269944 ], [ 8.719596539950926, 45.509598694551151 ], [ 8.719611900475627, 45.50964261812716 ], [ 8.719632820566275, 45.509702336113534 ], [ 8.719653134441884, 45.509801397411771 ], [ 8.719690868308399, 45.509936504139333 ], [ 8.719736895139913, 45.510013125708475 ], [ 8.719806836238929, 45.510107804561542 ], [ 8.719899196161178, 45.510193512020294 ], [ 8.719899307073057, 45.510193605903922 ], [ 8.720006018368014, 45.510279311559948 ], [ 8.720082391778988, 45.510346917132303 ], [ 8.720082469549313, 45.510346982130947 ], [ 8.720082496303908, 45.51034700829976 ], [ 8.720139749259042, 45.510419156649093 ], [ 8.720236604510751, 45.510572408452234 ], [ 8.720255496582, 45.510635462563855 ], [ 8.720250339121423, 45.510707457997555 ], [ 8.720224380965364, 45.510779402486669 ], [ 8.720187284057687, 45.510837815303994 ], [ 8.720186217664567, 45.510839359984381 ], [ 8.720114038762745, 45.51094867818248 ], [ 8.720113117407715, 45.510950146708019 ], [ 8.720112904255778, 45.510950533233938 ], [ 8.720045325954574, 45.511102505464208 ], [ 8.720045150676759, 45.511102999196119 ], [ 8.720045086692675, 45.511103251970788 ], [ 8.72001846116701, 45.511323131773999 ], [ 8.720018455719719, 45.511323455800955 ], [ 8.720019474531547, 45.51144047195033 ], [ 8.720006094753186, 45.511557451005253 ], [ 8.71998795744387, 45.511665418175397 ], [ 8.719972931345099, 45.511791395205137 ], [ 8.719954792610421, 45.511899363262224 ], [ 8.719935030110165, 45.511969973591881 ], [ 8.719927114815681, 45.511998277104681 ], [ 8.719927098029869, 45.511998305867095 ], [ 8.71988175554111, 45.512106207206912 ], [ 8.719821966895406, 45.512223072412908 ], [ 8.719792700200534, 45.512278328698123 ], [ 8.719734297171506, 45.512400200975023 ], [ 8.719733059978957, 45.512402874871995 ], [ 8.719682936953523, 45.512506264737375 ], [ 8.719634436400037, 45.512605156202106 ], [ 8.719614072796858, 45.512661588232326 ], [ 8.71959068585033, 45.512748306097045 ], [ 8.719590516935144, 45.512749063576472 ], [ 8.719588712924558, 45.512789563275462 ], [ 8.719620454726257, 45.512843646992827 ], [ 8.71965545216694, 45.512879706753111 ], [ 8.719771959452739, 45.512943001343885 ], [ 8.719826287675788, 45.512965663502904 ], [ 8.719864630719009, 45.512979260115713 ], [ 8.719914163879071, 45.512988352091149 ], [ 8.719914195737976, 45.512988381872951 ], [ 8.719944438427406, 45.51301543146888 ], [ 8.719944466463444, 45.513015457640833 ], [ 8.719657421503882, 45.513779839422384 ], [ 8.719657081378935, 45.513781042036818 ], [ 8.719608640482168, 45.513972360668369 ], [ 8.71960845431204, 45.513973240520471 ], [ 8.719608062716627, 45.513974752646746 ], [ 8.719530541553016, 45.514303580095728 ], [ 8.719529984982094, 45.514306085539666 ], [ 8.719520115887406, 45.51436006799635 ], [ 8.719482350220025, 45.514553493823783 ], [ 8.719470455739282, 45.514603840250551 ], [ 8.719457551130574, 45.51466190625078 ], [ 8.71945714771087, 45.514663992618388 ], [ 8.719436739490998, 45.51479311388406 ], [ 8.719436619456667, 45.514794081209004 ], [ 8.719438157657937, 45.514795000400269 ], [ 8.719435567569201, 45.514809177094129 ], [ 8.719433063108907, 45.514822868838145 ], [ 8.719432996446461, 45.514823401540362 ], [ 8.719431176291266, 45.514868400839319 ], [ 8.719427596645785, 45.51494490151488 ], [ 8.719425683168922, 45.515007905511361 ], [ 8.719422125875731, 45.515079904782866 ], [ 8.719413812198272, 45.515142888556554 ], [ 8.71940705284584, 45.515214880860746 ], [ 8.719392223216465, 45.515300353209 ], [ 8.719385533490735, 45.515358842211057 ], [ 8.719374066935204, 45.515413197867566 ], [ 8.719357771067655, 45.515514673285431 ], [ 8.719357546655855, 45.515516290234068 ], [ 8.719333068524602, 45.515610740878216 ], [ 8.719297437460677, 45.515696162997187 ], [ 8.71927478714144, 45.515745615255241 ], [ 8.719250558792549, 45.515790558573222 ], [ 8.719218282384636, 45.515844485916496 ], [ 8.719192520701304, 45.515875924684096 ], [ 8.719163556897334, 45.515907360073889 ], [ 8.719144240236517, 45.515929812662733 ], [ 8.7191184982932, 45.515956752705804 ], [ 8.719095983342497, 45.515979201922583 ], [ 8.71906704184808, 45.516006132285604 ], [ 8.71901720426426, 45.516051016167943 ], [ 8.718985086862322, 45.516073437241694 ], [ 8.718914446507437, 45.516118269900844 ], [ 8.718784546345042, 45.516171956856809 ], [ 8.717781511353778, 45.516408015333077 ], [ 8.71774303405229, 45.516421421032135 ], [ 8.717686907211968, 45.516443786011862 ], [ 8.717635582856282, 45.516466159234689 ], [ 8.717573033052485, 45.516493008837102 ], [ 8.717470361572303, 45.516542261056912 ], [ 8.717412562680158, 45.516578121632527 ], [ 8.717375664331268, 45.516596033469305 ], [ 8.717310856162241, 45.516629955813833 ], [ 8.717298658236674, 45.516636358721023 ], [ 8.717259212716717, 45.516659224728549 ], [ 8.717175054091959, 45.516708049944008 ], [ 8.717095546671764, 45.516763551038835 ], [ 8.717085138107675, 45.516770823361334 ], [ 8.717061010106123, 45.516786620858454 ], [ 8.71695505494116, 45.516856024267156 ], [ 8.716725406940268, 45.517012971745871 ], [ 8.716625817851094, 45.517084731821946 ], [ 8.716459699243508, 45.517222618969996 ], [ 8.716447439827736, 45.517232807499958 ], [ 8.716434073443839, 45.517244671087617 ], [ 8.716341328798526, 45.517327053911153 ], [ 8.71621261408813, 45.517461749964305 ], [ 8.71615790887193, 45.517520122159759 ], [ 8.716116024592994, 45.517574023836268 ], [ 8.716090237749988, 45.517609964187365 ], [ 8.716034991377567, 45.517682704348729 ], [ 8.716032236944098, 45.517686338450311 ], [ 8.716029067018408, 45.517691374791916 ], [ 8.715987066145642, 45.517758222425357 ], [ 8.715954830777969, 45.517803147820963 ], [ 8.715893516781589, 45.517902005744006 ], [ 8.715853143095572, 45.517973912395597 ], [ 8.71575936899772, 45.518162700583936 ], [ 8.715741800395188, 45.518211363666367 ], [ 8.715735036258634, 45.51823015465056 ], [ 8.715732034377586, 45.518239439924919 ], [ 8.715722015849394, 45.518270620036425 ], [ 8.715699293383027, 45.51833356944627 ], [ 8.715687683098908, 45.518375212981674 ], [ 8.715683014690843, 45.518392015432823 ], [ 8.715679115700006, 45.518406294087811 ], [ 8.715668319202205, 45.518446005308036 ], [ 8.715655198117668, 45.518508981305764 ], [ 8.715646923758934, 45.51856296645785 ], [ 8.715637116930822, 45.518603444331696 ], [ 8.715630466953975, 45.518652934771588 ], [ 8.715622213944764, 45.518702418519617 ], [ 8.715616748556977, 45.518737117686022 ], [ 8.715612297521091, 45.518765406087944 ], [ 8.715610192339174, 45.518868893783356 ], [ 8.715611855326348, 45.518908593708211 ], [ 8.715613036521141, 45.518936419972476 ], [ 8.715617227903216, 45.518975945269098 ], [ 8.715620681490909, 45.519008410960218 ], [ 8.71562338747318, 45.51902635960414 ], [ 8.715637717305915, 45.519121003215787 ], [ 8.71570326053417, 45.519448860658173 ], [ 8.715737654948388, 45.519620753074939 ], [ 8.715770553707214, 45.519755837131463 ], [ 8.715770567478938, 45.51975589927337 ], [ 8.715775075705482, 45.519814415880667 ], [ 8.715774713157849, 45.519886422927257 ], [ 8.715767721448751, 45.519995130789532 ], [ 8.715766048890321, 45.520021388254257 ], [ 8.715761701845821, 45.520041223975944 ], [ 8.71574145917435, 45.520133866991756 ], [ 8.715731562749509, 45.520192349551074 ], [ 8.715726534566269, 45.520237342565807 ], [ 8.715716568837886, 45.520309325708254 ], [ 8.715701757483277, 45.520390295194225 ], [ 8.715685436203451, 45.520453264109427 ], [ 8.715670691490082, 45.520520732097658 ], [ 8.715654480924762, 45.520561198520184 ], [ 8.715638228858023, 45.520610661441161 ], [ 8.715622014591041, 45.520673203058806 ], [ 8.71562191794883, 45.520673578164278 ], [ 8.715621907456054, 45.520673627644236 ], [ 8.715594402414016, 45.520732065448264 ], [ 8.715549204585173, 45.520808461398431 ], [ 8.715513140952931, 45.520850377044475 ], [ 8.715510568783762, 45.520853377907635 ], [ 8.715459112416269, 45.520902750419914 ], [ 8.715448887991363, 45.52091190967829 ], [ 8.715414080428539, 45.520943139609741 ], [ 8.715348188641789, 45.520996982960249 ], [ 8.715293543354292, 45.521041851398714 ], [ 8.715258173851499, 45.52107326710437 ], [ 8.715161776800215, 45.521145033810328 ], [ 8.715116779905399, 45.521180926017209 ], [ 8.715063758789169, 45.521221299643102 ], [ 8.715041284291406, 45.521234744336908 ], [ 8.714932040683834, 45.521315482603811 ], [ 8.714456714271464, 45.521624828998043 ], [ 8.713960571449421, 45.521934124875493 ], [ 8.713634474689037, 45.522167334723179 ], [ 8.713589477292942, 45.522203225420775 ], [ 8.713468931770269, 45.522301936141986 ], [ 8.713404639687743, 45.522355780571203 ], [ 8.713353171129949, 45.522405154791841 ], [ 8.71329527600639, 45.52245901701076 ], [ 8.713250231160153, 45.522503907655668 ], [ 8.713198739455752, 45.522557784098503 ], [ 8.713140776688698, 45.522625148620605 ], [ 8.713018448423309, 45.52275985428814 ], [ 8.712960505567318, 45.522822716415511 ], [ 8.712921842190482, 45.522872125314073 ], [ 8.712841288597687, 45.522975433709348 ], [ 8.712738118932778, 45.523119190129485 ], [ 8.712705854999182, 45.523168614144957 ], [ 8.712686465822371, 45.523204568882704 ], [ 8.712660559657245, 45.523263010876278 ], [ 8.712642746820535, 45.523303471921693 ], [ 8.712629735780906, 45.523343943243695 ], [ 8.712613499320868, 45.523388906099591 ], [ 8.71260706053177, 45.52341112171878 ], [ 8.712607004458068, 45.523411320502021 ], [ 8.712604546702384, 45.523423987868092 ], [ 8.712592188571957, 45.52348786458883 ], [ 8.712573968241676, 45.523609329998528 ], [ 8.712406150241724, 45.524504504416299 ], [ 8.712293050282879, 45.525026274321377 ], [ 8.712278633591763, 45.525081865695597 ], [ 8.712276726383974, 45.525089245392515 ], [ 8.712274100592246, 45.525104953795484 ], [ 8.712268466928895, 45.525138724325899 ], [ 8.712261745659404, 45.525201714180035 ], [ 8.712255871978606, 45.525245386212191 ], [ 8.712255101010388, 45.525251179176806 ], [ 8.712254873302529, 45.525257413663539 ], [ 8.712253214643928, 45.525305206213638 ], [ 8.71225303109129, 45.525341209241169 ], [ 8.712251179326724, 45.525390708812289 ], [ 8.712247772771361, 45.525431206069413 ], [ 8.712244542710637, 45.52546144792052 ], [ 8.712244416278477, 45.525462636646971 ], [ 8.712244256968209, 45.525494134685417 ], [ 8.71224493710562, 45.525514195343852 ], [ 8.712245643093135, 45.525534711522866 ], [ 8.712254950101526, 45.525593240298221 ], [ 8.712265879457615, 45.525647273510316 ], [ 8.712281658023443, 45.525692316037627 ], [ 8.712348153506488, 45.525836498350245 ], [ 8.71239100479101, 45.525908615020647 ], [ 8.712409206168227, 45.52594062463988 ], [ 8.712424319930321, 45.525967145715455 ], [ 8.712467097460321, 45.526048247964461 ], [ 8.712495407194966, 45.526099206917252 ], [ 8.712514713979798, 45.52613395023333 ], [ 8.712548006159626, 45.526197039887123 ], [ 8.7125907905102, 45.526282655253219 ], [ 8.712622143126756, 45.526336627294285 ], [ 8.712643166649745, 45.526372758374471 ], [ 8.712645357705824, 45.526376781975351 ], [ 8.712694345741605, 45.52646535356331 ], [ 8.712695486641257, 45.526467383479527 ], [ 8.712743119530701, 45.526548496929479 ], [ 8.712760344183305, 45.526580516634517 ], [ 8.712779578816862, 45.526616165231637 ], [ 8.712839894814927, 45.526729234712974 ], [ 8.712854110807418, 45.526755853383293 ], [ 8.712941902451723, 45.526967516955807 ], [ 8.712977449728958, 45.527053208490386 ], [ 8.712991627259097, 45.527098246885608 ], [ 8.712994734572314, 45.527116256882046 ], [ 8.712994597245949, 45.527143260721047 ], [ 8.712999195978201, 45.527183774500472 ], [ 8.712995834333645, 45.527215271685577 ], [ 8.712989271273033, 45.527246757226393 ], [ 8.712979505482979, 45.527278236519741 ], [ 8.71297298946401, 45.527300721083115 ], [ 8.712969020067638, 45.527311714947139 ], [ 8.712961638419049, 45.527332173888666 ], [ 8.712961058874527, 45.527333573902801 ], [ 8.712948659526381, 45.527363666707707 ], [ 8.71293887336266, 45.527399646492839 ], [ 8.712922658849811, 45.527440110669055 ], [ 8.712896679725992, 45.527512052330408 ], [ 8.712885294064323, 45.527548027189823 ], [ 8.712872353443649, 45.527574999745823 ], [ 8.712859384812983, 45.527606468276254 ], [ 8.712844934997795, 45.527636583817674 ], [ 8.71283997249833, 45.527646938802782 ], [ 8.71270552924933, 45.527961579624595 ], [ 8.712696605614692, 45.52799033097623 ], [ 8.712695759352025, 45.527993055278984 ], [ 8.712695453876769, 45.527994448780028 ], [ 8.712690830842744, 45.528015587921523 ], [ 8.712690580092103, 45.528065093303489 ], [ 8.712694857422139, 45.528080417621261 ], [ 8.712696862392573, 45.528087551529708 ], [ 8.712697591010134, 45.528091082690828 ], [ 8.712701557430782, 45.52811012637811 ], [ 8.712711047312625, 45.528132653877933 ], [ 8.712713933179074, 45.528138814282919 ], [ 8.712717369109605, 45.52814609850752 ], [ 8.712722062110956, 45.528154484926795 ], [ 8.712730072935045, 45.528168704296853 ], [ 8.712741210681251, 45.528182233944875 ], [ 8.712757122639257, 45.528200274343135 ], [ 8.712769836954463, 45.52821830849912 ], [ 8.712782576748312, 45.528231841271129 ], [ 8.712803317700288, 45.528245395058157 ], [ 8.712822433731507, 45.528263446202921 ], [ 8.712881431017454, 45.528308599069646 ], [ 8.713028220663945, 45.528387790494634 ], [ 8.71348483346438, 45.528634080527567 ], [ 8.713753928044675, 45.528782194837802 ], [ 8.713764223701856, 45.528787858920474 ], [ 8.713812104504949, 45.528812691385077 ], [ 8.715365195392458, 45.529618085686451 ], [ 8.715370566352316, 45.529620889407347 ], [ 8.715962939931444, 45.52992806880529 ], [ 8.716371517653338, 45.53013993993072 ], [ 8.716537160361424, 45.530246442430453 ], [ 8.716596483586713, 45.530284563420025 ], [ 8.716633143845124, 45.530316156379278 ], [ 8.716668203336301, 45.530347746256311 ], [ 8.716708065285125, 45.530379347132289 ], [ 8.716741547918801, 45.530406433431303 ], [ 8.716773428497763, 45.530433515748257 ], [ 8.716803708295837, 45.53046059498778 ], [ 8.716829205731324, 45.530483160019386 ], [ 8.716830919787725, 45.530484585540343 ], [ 8.716856313081907, 45.530505704732697 ], [ 8.716878588464217, 45.530528259066351 ], [ 8.716905698805533, 45.530555321421851 ], [ 8.716916191301909, 45.530565273825317 ], [ 8.716924803953173, 45.530573406049776 ], [ 8.71694390337635, 45.530595953400237 ], [ 8.716954157621963, 45.530603875464216 ], [ 8.716961399955659, 45.530609457882342 ], [ 8.716961431800332, 45.530609492165404 ], [ 8.716969544182627, 45.530619065121343 ], [ 8.716980505826927, 45.530632001642111 ], [ 8.716985933764828, 45.530637779387533 ], [ 8.716993278947381, 45.530645582627088 ], [ 8.71699565102351, 45.530647824374313 ], [ 8.717007617529429, 45.530659067576714 ], [ 8.717015226023184, 45.530672080397359 ], [ 8.717023491277146, 45.530686159673202 ], [ 8.717027259079314, 45.530691506652488 ], [ 8.717036221881315, 45.53070413757991 ], [ 8.717066341491979, 45.530762708461353 ], [ 8.717096419457132, 45.53083036493009 ], [ 8.717181753825644, 45.531708702581547 ], [ 8.717213634327292, 45.532036771219794 ], [ 8.717222201837108, 45.532127564788205 ], [ 8.717231178249623, 45.532222636683052 ], [ 8.717250653026269, 45.532429060897243 ], [ 8.717271407645262, 45.532648977295572 ], [ 8.71727064094234, 45.532801992055482 ], [ 8.717269364768864, 45.532818721915056 ], [ 8.717267238350745, 45.532846923353958 ], [ 8.717266213171557, 45.53286135765768 ], [ 8.717263765153572, 45.532896487335918 ], [ 8.71725908530896, 45.5329343352183 ], [ 8.717258760811086, 45.532936986134871 ], [ 8.717258598119352, 45.532939294510605 ], [ 8.71725531103206, 45.532986474564659 ], [ 8.717250260330614, 45.533035966232141 ], [ 8.717243607453399, 45.533085454833291 ], [ 8.717237432973144, 45.533119214321474 ], [ 8.717237032569331, 45.533121422196629 ], [ 8.717236315219527, 45.533125795848427 ], [ 8.717230420832095, 45.533161930515547 ], [ 8.717222213417978, 45.533202415981506 ], [ 8.717202529138113, 45.533296875043554 ], [ 8.717195357822204, 45.533336076816596 ], [ 8.717194319916072, 45.533341801637313 ], [ 8.717190652886272, 45.533353617283851 ], [ 8.717174775217567, 45.533404817548799 ], [ 8.717171412954201, 45.533436314820733 ], [ 8.717161697377918, 45.533458791676864 ], [ 8.717150265532313, 45.533503767893897 ], [ 8.717140479681232, 45.533539748000884 ], [ 8.717130672531551, 45.533580229496359 ], [ 8.717117618465823, 45.533629700434098 ], [ 8.717104630780369, 45.533665671708121 ], [ 8.717099737823057, 45.533683662659314 ], [ 8.717089997043674, 45.53371064088816 ], [ 8.717077055731208, 45.533737612089354 ], [ 8.717077010602475, 45.533746612161636 ], [ 8.71702844319327, 45.533854503071687 ], [ 8.717018746207463, 45.533872481218324 ], [ 8.716913020586301, 45.53406073886142 ], [ 8.71689761506075, 45.534088199893617 ], [ 8.716868335079988, 45.534136361431976 ], [ 8.715649637686516, 45.536137778970854 ], [ 8.715499249654552, 45.536384695700349 ], [ 8.715354355370458, 45.536622641933178 ], [ 8.71477540789655, 45.537453788649486 ], [ 8.714499616743295, 45.537853643173889 ], [ 8.714154859628975, 45.53827582534467 ], [ 8.713836010752672, 45.538639567053082 ], [ 8.713484913338887, 45.539048230547799 ], [ 8.713124201878781, 45.539456872391419 ], [ 8.712718953099582, 45.539806890485373 ], [ 8.710502625801656, 45.542078544158016 ], [ 8.7103561405902, 45.542231187438134 ], [ 8.710087272398509, 45.542518536054004 ], [ 8.709808129476217, 45.542936372534413 ], [ 8.707602019009405, 45.546900164243191 ], [ 8.707420349476864, 45.547349745946278 ], [ 8.707310870441285, 45.547772510027684 ], [ 8.706872886742985, 45.549166530748622 ], [ 8.706584779821458, 45.550065883518101 ], [ 8.706582770462386, 45.550089139792441 ], [ 8.706472955130451, 45.551389896620663 ], [ 8.706469386544503, 45.55140182915261 ], [ 8.706114477086881, 45.555510227757765 ], [ 8.706087180332814, 45.557985405219611 ], [ 8.705989245616486, 45.558642766887786 ], [ 8.705975986683223, 45.558732195047568 ], [ 8.705957441851423, 45.559218195614648 ], [ 8.705918166759837, 45.55968614158553 ], [ 8.705837343353675, 45.56013597933736 ], [ 8.705723046934699, 45.560554228926279 ], [ 8.70546283535475, 45.561372050900012 ], [ 8.705428328956831, 45.561480536077752 ], [ 8.705378735596003, 45.561665019521513 ], [ 8.705307437185621, 45.56193029338742 ], [ 8.705108224043267, 45.562352824558744 ], [ 8.70491354880394, 45.56282486738462 ], [ 8.704562914832325, 45.563715052139443 ], [ 8.7044021320319, 45.564137677730422 ], [ 8.704306284900676, 45.564393956503892 ], [ 8.704301903398017, 45.564618968356172 ], [ 8.704255524737356, 45.564773478884121 ], [ 8.704176390508119, 45.565037182535775 ], [ 8.704128591372967, 45.565203885724443 ], [ 8.704047474664097, 45.565486894951185 ], [ 8.703916831020962, 45.565963604907985 ], [ 8.703810282227762, 45.566426874702124 ], [ 8.703710232381095, 45.566872159151679 ], [ 8.703646906477946, 45.567340041333381 ], [ 8.703585350000804, 45.567732496696024 ], [ 8.703575655410173, 45.567794377928806 ], [ 8.703559774092486, 45.567899299534943 ], [ 8.703507599601791, 45.568244269927384 ], [ 8.703486013026856, 45.568694258173686 ], [ 8.703438093790187, 45.569084432795798 ], [ 8.703427451681648, 45.569171163381064 ], [ 8.703410674879112, 45.56954228442013 ], [ 8.703405689348804, 45.569652644778579 ], [ 8.70334893123332, 45.570089041825362 ], [ 8.703316009267498, 45.570561500322803 ], [ 8.703260671452766, 45.57072787287305 ], [ 8.703060658204272, 45.570988381990446 ], [ 8.702670827817068, 45.571396909267307 ], [ 8.7022478058825, 45.571719840746326 ], [ 8.70089185926407, 45.572703614456934 ], [ 8.700708791825791, 45.572836444626773 ], [ 8.698233384422103, 45.573681908842389 ], [ 8.69733515767359, 45.573988678025579 ], [ 8.697064004071738, 45.574064467969258 ], [ 8.696715156037328, 45.574288566063437 ], [ 8.696264914799979, 45.574597902331426 ], [ 8.695852083466093, 45.574858272759194 ], [ 8.695774610481271, 45.574907143624181 ], [ 8.695669680491307, 45.574987498866825 ], [ 8.695335432852353, 45.575243494314606 ], [ 8.695160054319993, 45.575382540443137 ], [ 8.695002494541821, 45.575674232639813 ], [ 8.694999861161074, 45.575679114061991 ], [ 8.694999845644595, 45.575679139223404 ], [ 8.694744499421063, 45.576092491412332 ], [ 8.694726906745093, 45.576132719454101 ], [ 8.694557923356694, 45.576519547324743 ], [ 8.694328080698458, 45.576950974143621 ], [ 8.694227868682633, 45.57740975146492 ], [ 8.694033101147049, 45.577872775954283 ], [ 8.693995104057032, 45.578084195322091 ], [ 8.694009585661808, 45.57836775976152 ], [ 8.694070435223326, 45.578604304660374 ], [ 8.694133561587961, 45.578849604597977 ], [ 8.694292355848447, 45.579408076249919 ], [ 8.694458185967997, 45.57992101592567 ], [ 8.694484592585363, 45.580002687920917 ], [ 8.694709015476171, 45.580574839494894 ], [ 8.694975217431185, 45.581013438937887 ], [ 8.694985312623352, 45.581030073655938 ], [ 8.695274700996441, 45.581444903199589 ], [ 8.695584893597562, 45.581864288824242 ], [ 8.69568746876301, 45.582002032718151 ], [ 8.69588713700521, 45.582270138300707 ], [ 8.69602401842852, 45.582400970420778 ], [ 8.696260135996372, 45.582626611952691 ], [ 8.696489329048125, 45.582809774140138 ], [ 8.696729214615429, 45.583001441396256 ], [ 8.696764343556973, 45.583033405413751 ], [ 8.696773839245656, 45.583042033781219 ], [ 8.696805721933909, 45.583069116024042 ], [ 8.69682637582657, 45.583085197131403 ], [ 8.696869585722078, 45.583118826145579 ], [ 8.696943050956401, 45.58316397118957 ], [ 8.697008525878003, 45.58319564388956 ], [ 8.697085281253687, 45.583231844266855 ], [ 8.697179563532714, 45.583272591557254 ], [ 8.697297651526934, 45.58331021819582 ], [ 8.697350766993818, 45.583327117900744 ], [ 8.69783942835984, 45.583464313159268 ], [ 8.697917083549745, 45.583486111946307 ], [ 8.697917124482007, 45.583486128256361 ], [ 8.697982446371027, 45.583513043860094 ], [ 8.698444660253703, 45.58370348945779 ], [ 8.698711812471172, 45.583817333393391 ], [ 8.699018672610157, 45.583948076302931 ], [ 8.699230916322076, 45.584053560021395 ], [ 8.699528446705981, 45.584201389701974 ], [ 8.699742728818704, 45.584358170950573 ], [ 8.699997731854848, 45.584544701745813 ], [ 8.700407642388679, 45.584901309943596 ], [ 8.700993988912199, 45.585405808716821 ], [ 8.701278566666025, 45.58565063070693 ], [ 8.701450587327189, 45.585775588562342 ], [ 8.701757443334937, 45.585998439411505 ], [ 8.701776574036174, 45.586016492258743 ], [ 8.701856315868341, 45.586088705715611 ], [ 8.701878627595253, 45.586111264648004 ], [ 8.701929689582773, 45.586151901498603 ], [ 8.701987114851081, 45.58620155592785 ], [ 8.701994712337994, 45.586211341833966 ], [ 8.702022149992935, 45.58624661542266 ], [ 8.702047587712498, 45.586273680275639 ], [ 8.702085897709686, 45.586305276492922 ], [ 8.702127332886063, 45.58634588094732 ], [ 8.702162090491342, 45.58637752458209 ], [ 8.702172017452897, 45.586386555064728 ], [ 8.702173038286947, 45.586387446124945 ], [ 8.702192774234723, 45.586404546373004 ], [ 8.702250195761565, 45.586440694655764 ], [ 8.702281833466197, 45.586461387604686 ], [ 8.702333288364207, 45.586494984713305 ], [ 8.702648842983358, 45.586650886558665 ], [ 8.702672081625588, 45.586662363914094 ], [ 8.702672108469894, 45.586662378385562 ], [ 8.702691678814762, 45.586675684193743 ], [ 8.703084042046324, 45.586942410599875 ], [ 8.703598098034592, 45.587308308536961 ], [ 8.703713002599283, 45.587389600307453 ], [ 8.70371306134113, 45.587389643664594 ], [ 8.70371366002243, 45.58739012947111 ], [ 8.703735425163597, 45.587407655959268 ], [ 8.703789607484588, 45.587457291159758 ], [ 8.703818277197659, 45.587493362292065 ], [ 8.703833647098298, 45.587521786792109 ], [ 8.703850027930963, 45.587552022211469 ], [ 8.703891288793951, 45.587628633162666 ], [ 8.703926263299964, 45.587734209222489 ], [ 8.703946507604215, 45.587795262359293 ], [ 8.703978833084298, 45.587900481395941 ], [ 8.704083571731875, 45.588241188522545 ], [ 8.704212186310931, 45.588635289167037 ], [ 8.704234985022374, 45.588705117628791 ], [ 8.704256997232131, 45.588778252815629 ], [ 8.704381458508861, 45.589191549706982 ], [ 8.704390788575738, 45.589245580731109 ], [ 8.704401748625349, 45.589295111872929 ], [ 8.704444444771385, 45.589412517030439 ], [ 8.704445970159714, 45.589416706440268 ], [ 8.70444598025969, 45.589416736169682 ], [ 8.704456937817007, 45.589466269098466 ], [ 8.704475103529786, 45.589535698473142 ], [ 8.704475774644038, 45.589538266393291 ], [ 8.704475791002848, 45.58953832494209 ], [ 8.704489742317643, 45.589628369193768 ], [ 8.704490733343373, 45.589745383805401 ], [ 8.704490449948704, 45.589799388147476 ], [ 8.704487125595074, 45.589821882937656 ], [ 8.704485405027345, 45.589844379176107 ], [ 8.704361848437575, 45.590487622548629 ], [ 8.704306143311316, 45.590945361659735 ], [ 8.704304911958177, 45.590955485490873 ], [ 8.704304909214535, 45.590955519687554 ], [ 8.704177458665184, 45.591423234190394 ], [ 8.70407086408107, 45.59188650024489 ], [ 8.703961179605871, 45.592327258376002 ], [ 8.703860943173453, 45.592799542529214 ], [ 8.70380086319383, 45.593253930500538 ], [ 8.703739132263976, 45.593717315112322 ], [ 8.703651903139793, 45.594153629643628 ], [ 8.703574096286625, 45.594625974277626 ], [ 8.703454670698482, 45.595089205303296 ], [ 8.703413793055388, 45.595548142327189 ], [ 8.70335521808671, 45.596020535725188 ], [ 8.703346368831895, 45.596484055406854 ], [ 8.7033503896723, 45.596938608386921 ], [ 8.703311687880463, 45.597897096457224 ], [ 8.703100417675616, 45.598064201681794 ], [ 8.703073500961768, 45.598085503657167 ], [ 8.703025060572649, 45.598138284618102 ], [ 8.702851039407618, 45.598327941852119 ], [ 8.701591845252954, 45.600039325782078 ], [ 8.700419289748927, 45.601719416440844 ], [ 8.699860716052939, 45.602469521005673 ], [ 8.700098462050917, 45.602974191014148 ], [ 8.700129395770407, 45.603243665995564 ], [ 8.700141370298354, 45.603347842303883 ], [ 8.700152076810163, 45.603442360835722 ], [ 8.700201009390387, 45.603586477845738 ], [ 8.70027252598967, 45.603699158778802 ], [ 8.700311324107671, 45.60374467047972 ], [ 8.700318724422827, 45.603753340729057 ], [ 8.700374466150917, 45.603820991545035 ], [ 8.700424544706649, 45.603878864126152 ], [ 8.700452538998789, 45.603911203323925 ], [ 8.700467222962837, 45.603929037650865 ], [ 8.700474826813847, 45.60393826558375 ], [ 8.700508224159364, 45.603987857598227 ], [ 8.700541595223488, 45.604031072343908 ], [ 8.700563939987974, 45.604059980834698 ], [ 8.700597168335889, 45.604105934185711 ], [ 8.700629181142492, 45.604150188557924 ], [ 8.700672148284681, 45.604208806573602 ], [ 8.701101758050616, 45.60480848620486 ], [ 8.700750652133403, 45.605122596541428 ], [ 8.700669766392263, 45.605261896992381 ], [ 8.700627037895845, 45.605344381541173 ], [ 8.700595285933137, 45.605405727257192 ], [ 8.700534498727631, 45.605502225755707 ], [ 8.700516052436102, 45.605531519665 ], [ 8.700424040730589, 45.605652791522843 ], [ 8.700343273225512, 45.605769588713102 ], [ 8.700270615981751, 45.605868407882291 ], [ 8.700172333966933, 45.605962658367481 ], [ 8.700012852816103, 45.606110754798237 ], [ 8.699942010882657, 45.606169075054453 ], [ 8.699856624749497, 45.606249857679508 ], [ 8.699766380184448, 45.60633962934115 ], [ 8.699674508356591, 45.606433896236929 ], [ 8.699576223066572, 45.606528147091616 ], [ 8.699481147223239, 45.606622408103242 ], [ 8.699339463401314, 45.6067390443012 ], [ 8.699170454935217, 45.606869112523476 ], [ 8.699017545128527, 45.60698572145531 ], [ 8.698891986842002, 45.60708440033828 ], [ 8.698713385044908, 45.607209942106309 ], [ 8.698533107148659, 45.607348978821555 ], [ 8.698447740022054, 45.607425261743515 ], [ 8.698418740186838, 45.607452187194575 ], [ 8.698405869286155, 45.607461155084067 ], [ 8.698232192297301, 45.6075642057734 ], [ 8.698084212215573, 45.607658324944829 ], [ 8.697928240798275, 45.607747920508707 ], [ 8.697748174200303, 45.607846453977977 ], [ 8.697564852583172, 45.607953980411956 ], [ 8.697376400334468, 45.608055586524102 ], [ 8.697365503998219, 45.608061466793821 ], [ 8.697310373962967, 45.6080917124997 ], [ 8.69715327445515, 45.608177912445569 ], [ 8.697080950195629, 45.608213723660079 ], [ 8.696984527020177, 45.608258471876596 ], [ 8.69697486173842, 45.608267448106361 ], [ 8.696836615755712, 45.60833908905348 ], [ 8.696685519723733, 45.608415196198635 ], [ 8.69655052632077, 45.608477841766799 ], [ 8.696354477141966, 45.608567330505949 ], [ 8.69607647468546, 45.608692604772514 ], [ 8.695832162833614, 45.608813465784401 ], [ 8.695587725647011, 45.608956828351779 ], [ 8.695362646763249, 45.609077743202683 ], [ 8.695336844972838, 45.609090806804076 ], [ 8.695327274722072, 45.609095657104 ], [ 8.695303164534486, 45.609108471381958 ], [ 8.695150437473586, 45.609189685585072 ], [ 8.695047502644181, 45.609252418513513 ], [ 8.694893146863935, 45.60933751373959 ], [ 8.694658349014377, 45.609476399567143 ], [ 8.69450292486302, 45.609568611170353 ], [ 8.694484655033495, 45.609579457979997 ], [ 8.694440885947866, 45.609604489613858 ], [ 8.694304558575535, 45.60968247649226 ], [ 8.694147045858294, 45.609758562191914 ], [ 8.693912341047332, 45.609879444796789 ], [ 8.693741904765911, 45.609973498136341 ], [ 8.693593983089697, 45.610054108363265 ], [ 8.693500752817373, 45.610108210590369 ], [ 8.693478212510968, 45.610121314923525 ], [ 8.693419887048471, 45.610148360225956 ], [ 8.69340105247041, 45.61015710002021 ], [ 8.693211257520625, 45.610273603016118 ], [ 8.693050411505052, 45.610372179753405 ], [ 8.692910402365605, 45.610470814076614 ], [ 8.692797673525282, 45.610565021107732 ], [ 8.692702552379785, 45.61066377317227 ], [ 8.692613821221297, 45.610767043731272 ], [ 8.692550881564378, 45.610843381645829 ], [ 8.692452531294229, 45.610946626188415 ], [ 8.692359109115404, 45.611027382409475 ], [ 8.69228662920548, 45.611090193039672 ], [ 8.69221256680011, 45.611148499778558 ], [ 8.692141735065738, 45.611202313793804 ], [ 8.692072530923577, 45.611251631670655 ], [ 8.691860160290675, 45.611390574851391 ], [ 8.691422152144046, 45.612041951473692 ], [ 8.691372283828763, 45.612073321924939 ], [ 8.691267709145334, 45.612140544766703 ], [ 8.691179266843466, 45.612189810101953 ], [ 8.691137465885889, 45.612212198596843 ], [ 8.691108080600522, 45.612220639455451 ], [ 8.69109089333778, 45.612225581314128 ], [ 8.691062961452294, 45.61223419800951 ], [ 8.691033089628537, 45.612243419716535 ], [ 8.691033052406311, 45.612243425016452 ], [ 8.690976953769185, 45.612252273341888 ], [ 8.69092878226544, 45.612261143086592 ], [ 8.690923389617385, 45.612262245516078 ], [ 8.690885452196085, 45.612270025911158 ], [ 8.690824508582368, 45.612274358771415 ], [ 8.690755503663926, 45.61228767613882 ], [ 8.69068652091199, 45.612296488543791 ], [ 8.690606290191111, 45.612309772725446 ], [ 8.690534075069888, 45.612323081264869 ], [ 8.690465066201069, 45.612336393945554 ], [ 8.6903896212897, 45.612354190522218 ], [ 8.690217864520834, 45.61239423192405 ], [ 8.690203436329227, 45.612394192798483 ], [ 8.690107124467625, 45.612416432179458 ], [ 8.690047735457471, 45.612429772502956 ], [ 8.689953026603096, 45.612452017003214 ], [ 8.689724936167103, 45.612532406380616 ], [ 8.689551451112163, 45.612594941785311 ], [ 8.689373085567077, 45.612670965095575 ], [ 8.689294357748459, 45.612702253461364 ], [ 8.688765460793855, 45.612966342074245 ], [ 8.688532308025957, 45.613091717368235 ], [ 8.688300837293205, 45.61320359623447 ], [ 8.687926332519652, 45.613378093400492 ], [ 8.687505010007357, 45.613610964807322 ], [ 8.687366688867616, 45.61369159228235 ], [ 8.687201105829207, 45.613798657269221 ], [ 8.687186480819191, 45.613808117735182 ], [ 8.687166589179686, 45.613820426082022 ], [ 8.687056179771574, 45.613888761391422 ], [ 8.686938672276669, 45.613973946737559 ], [ 8.686792209534316, 45.614077058095717 ], [ 8.686660199992813, 45.614175703028316 ], [ 8.686520096253568, 45.614287830632797 ], [ 8.686359030208495, 45.614422400207076 ], [ 8.686212364453947, 45.614561512284745 ], [ 8.686097961522023, 45.614664706297425 ], [ 8.685973814659702, 45.614790376701656 ], [ 8.685860265747735, 45.614908372192524 ], [ 8.685852887792567, 45.614916049522243 ], [ 8.685840436210059, 45.614931487925361 ], [ 8.685747937734824, 45.615046281942078 ], [ 8.685602645729922, 45.615225898602908 ], [ 8.68549435258838, 45.615383113648569 ], [ 8.685436159999401, 45.615468460707291 ], [ 8.685405445901891, 45.615513381809045 ], [ 8.685356824618724, 45.615607754337702 ], [ 8.685337207097767, 45.615675209270378 ], [ 8.685306194609895, 45.615774130752676 ], [ 8.68528642850406, 45.615868585430192 ], [ 8.68527971477651, 45.615922570864335 ], [ 8.685271662585624, 45.615959254575152 ], [ 8.685269861613468, 45.615967543093305 ], [ 8.685263046684138, 45.616011642498108 ], [ 8.685253207059043, 45.616075511366539 ], [ 8.685246593969419, 45.616111497865113 ], [ 8.685236518776376, 45.616192476896494 ], [ 8.685220035715391, 45.616273438269616 ], [ 8.685182132510837, 45.616457849785306 ], [ 8.685172237285844, 45.616507327763301 ], [ 8.685158004981334, 45.616565837945771 ], [ 8.685155837390051, 45.61657476991919 ], [ 8.685145910556919, 45.616628741983028 ], [ 8.685145905280441, 45.616628768071251 ], [ 8.685132879047078, 45.616664735984443 ], [ 8.685119474991792, 45.616768206406483 ], [ 8.68511556448729, 45.616894207176585 ], [ 8.685111753443117, 45.617002205411445 ], [ 8.685120718134002, 45.617119239811473 ], [ 8.685131721120403, 45.617195454204364 ], [ 8.685133069763427, 45.617204744204564 ], [ 8.685145241992771, 45.61726501482957 ], [ 8.685154910850377, 45.617312853638254 ], [ 8.685170518011819, 45.617389401147683 ], [ 8.685197169293311, 45.617497484221666 ], [ 8.685206587504027, 45.617533513083821 ], [ 8.685212897324698, 45.617551532375323 ], [ 8.685234917742585, 45.617628099344337 ], [ 8.685256886575758, 45.617713668018126 ], [ 8.685275647611062, 45.617799229649421 ], [ 8.685315026187194, 45.617925348753651 ], [ 8.685375021238938, 45.618092026203996 ], [ 8.685408666649433, 45.618165868156133 ], [ 8.685430464954713, 45.618213660226445 ], [ 8.685447167977056, 45.618252612830133 ], [ 8.685465278014117, 45.618294792545626 ], [ 8.685489976536724, 45.618365293887265 ], [ 8.685511044491401, 45.618425364827317 ], [ 8.685548915028336, 45.618538049366883 ], [ 8.685555618729957, 45.618557237143754 ], [ 8.685563100477108, 45.618578586389745 ], [ 8.685575574791248, 45.618641627378253 ], [ 8.685575022704279, 45.618740634514609 ], [ 8.685553652670304, 45.618835083874679 ], [ 8.685530855327343, 45.618898029574957 ], [ 8.685508182476664, 45.61893846783677 ], [ 8.685501718879522, 45.618947451893234 ], [ 8.685464589656259, 45.618992352622726 ], [ 8.685196782861494, 45.619288643608094 ], [ 8.68512260281568, 45.61936494724339 ], [ 8.685008088564031, 45.619486140770725 ], [ 8.684941653639926, 45.619557498017222 ], [ 8.684916159370283, 45.61958489950198 ], [ 8.684893648435242, 45.619609584622495 ], [ 8.68480160490394, 45.619710592281223 ], [ 8.684683856049132, 45.619836278826369 ], [ 8.684575753252677, 45.619957494107112 ], [ 8.684461186129834, 45.620087686976198 ], [ 8.684395866923625, 45.620149232345575 ], [ 8.684356424368618, 45.620186399900781 ], [ 8.684346590628166, 45.620195182858126 ], [ 8.684140480669434, 45.620379328834346 ], [ 8.68408731835806, 45.620424187475059 ], [ 8.683982620868827, 45.620509404207915 ], [ 8.683813536762907, 45.620639450095432 ], [ 8.683655852643554, 45.620738021282186 ], [ 8.683462715229478, 45.620867998236605 ], [ 8.683412885301387, 45.620890364325362 ], [ 8.683375882346832, 45.620912762343259 ], [ 8.68320539244462, 45.621006799637868 ], [ 8.682996470259775, 45.621126562755514 ], [ 8.682986621737568, 45.621132211423699 ], [ 8.682954164446052, 45.621150282561636 ], [ 8.682825783941189, 45.621221765457861 ], [ 8.68258133585941, 45.621351599342859 ], [ 8.682353074312756, 45.621454475771259 ], [ 8.682185889560495, 45.621530517933422 ], [ 8.682078183821586, 45.621579722552113 ], [ 8.681898097380429, 45.62166922980542 ], [ 8.681735748310707, 45.621740785198057 ], [ 8.68134991829297, 45.621919727672875 ], [ 8.681131398901337, 45.622000127360337 ], [ 8.68097396150681, 45.622053693485164 ], [ 8.68081165996443, 45.622116244047206 ], [ 8.680609248536337, 45.622183184519869 ], [ 8.680341099290935, 45.622249944310454 ], [ 8.680151592184258, 45.622303419560517 ], [ 8.679917186545797, 45.622356767806608 ], [ 8.679534986703853, 45.622459205374895 ], [ 8.679404854656923, 45.62250384498153 ], [ 8.679253906166002, 45.622543926424399 ], [ 8.679094986585856, 45.622574982532164 ], [ 8.678931287375599, 45.622601526313787 ], [ 8.678706551301147, 45.622645898304306 ], [ 8.678514170130219, 45.622640858413192 ], [ 8.678480472535977, 45.622645263151725 ], [ 8.678345791907381, 45.622656691465892 ], [ 8.678326424326903, 45.622658346212624 ], [ 8.67822223389626, 45.622658052790925 ], [ 8.678201087307301, 45.622657209243926 ], [ 8.678098810260014, 45.622653192008066 ], [ 8.677978605079087, 45.622643851393086 ], [ 8.677852012014183, 45.62262999396652 ], [ 8.677711014007864, 45.622611594389873 ], [ 8.677613258138477, 45.622602321221208 ], [ 8.677496310305621, 45.622583990146445 ], [ 8.677360099550482, 45.622570103223104 ], [ 8.677196655257992, 45.622551640516271 ], [ 8.677073243604735, 45.622542290788139 ], [ 8.676786363358792, 45.622518979836499 ], [ 8.676760731959011, 45.622514405944024 ], [ 8.676497879946774, 45.622495661824324 ], [ 8.676400096043515, 45.622490885310015 ], [ 8.675646832098847, 45.622430247481077 ], [ 8.674779847408724, 45.622226278486835 ], [ 8.674388248062936, 45.622134158955227 ], [ 8.674372949133263, 45.622130988420409 ], [ 8.674277738190399, 45.622111328959164 ], [ 8.674154383989229, 45.622092976195439 ], [ 8.673747562530206, 45.622015310669774 ], [ 8.673574555446576, 45.621987813622802 ], [ 8.673470462282637, 45.621965016481354 ], [ 8.673372761830098, 45.621946734395081 ], [ 8.6732157840142, 45.62191928443297 ], [ 8.673095765591771, 45.621878438603126 ], [ 8.672799948113626, 45.621738079766374 ], [ 8.672212075065842, 45.621362866040315 ], [ 8.671680226772613, 45.621005807682401 ], [ 8.670761997625918, 45.620368615355147 ], [ 8.670059391113105, 45.620150570042441 ], [ 8.669784137292709, 45.620064273833215 ], [ 8.669739515935659, 45.620056202407937 ], [ 8.66882312139496, 45.619890474815982 ], [ 8.667791030847228, 45.619810975513509 ], [ 8.667029392256827, 45.619817764494478 ], [ 8.666265704009058, 45.619901045076091 ], [ 8.665379835509169, 45.620037969333346 ], [ 8.665254382201526, 45.620061278796648 ], [ 8.665212891008471, 45.620068987137572 ], [ 8.665202659716655, 45.620071437815291 ], [ 8.665045913296211, 45.62010899834825 ], [ 8.664870829161226, 45.620162491457748 ], [ 8.664686042841879, 45.620229454543882 ], [ 8.664481880340679, 45.620318863696276 ], [ 8.664245601455098, 45.620417180844861 ], [ 8.664062310695179, 45.6205021492109 ], [ 8.663821061435929, 45.620627450105694 ], [ 8.663599014308547, 45.620757310208141 ], [ 8.663380070308207, 45.620905180014653 ], [ 8.663208425638855, 45.621055819827291 ], [ 8.663170542604602, 45.621089088151038 ], [ 8.663106643130453, 45.621157297927624 ], [ 8.662989797472413, 45.621282065554851 ], [ 8.662865259492481, 45.62146171433362 ], [ 8.662796819244038, 45.621586906325234 ], [ 8.662784201106822, 45.621609994311086 ], [ 8.662780071996158, 45.621618978568556 ], [ 8.662707844619499, 45.62177627560024 ], [ 8.662647683570684, 45.621915610823201 ], [ 8.66259864189783, 45.622072983443466 ], [ 8.662565549233435, 45.622243897365614 ], [ 8.662548083762415, 45.622376389195594 ], [ 8.662545405981414, 45.622396814331282 ], [ 8.662540763267142, 45.622418908738474 ], [ 8.662518979707944, 45.622522787302117 ], [ 8.662488717872282, 45.622756717063467 ], [ 8.662490202413363, 45.622860121599153 ], [ 8.662491005465002, 45.6229142007452 ], [ 8.662492469871301, 45.623040202088738 ], [ 8.66249311015293, 45.623094258249822 ], [ 8.662498580042016, 45.623251789127579 ], [ 8.66250736743315, 45.623391326114188 ], [ 8.662520907343467, 45.623539878979649 ], [ 8.662536080334485, 45.62368393709226 ], [ 8.662547505885215, 45.623807766211925 ], [ 8.662548130125414, 45.623814473758287 ], [ 8.662551440074338, 45.623830449407848 ], [ 8.662571503051966, 45.623927064482288 ], [ 8.662605589838654, 45.624008022425883 ], [ 8.662609428424535, 45.624017138215947 ], [ 8.662610189386948, 45.624018590515156 ], [ 8.662614203777576, 45.62402619916638 ], [ 8.662682128275447, 45.62419654906148 ], [ 8.662705847296072, 45.624255990208987 ], [ 8.662716894933201, 45.62428333798556 ], [ 8.66272953180888, 45.624314562658128 ], [ 8.662754863489992, 45.624368641293501 ], [ 8.662794464557948, 45.62444976666854 ], [ 8.662824554105864, 45.624512860272681 ], [ 8.662851486876098, 45.624566943610233 ], [ 8.662883235253224, 45.624621042051643 ], [ 8.662913353246315, 45.624679635243638 ], [ 8.663008399912632, 45.624873433193827 ], [ 8.663038587614428, 45.624918508042363 ], [ 8.663039942518246, 45.624920606557737 ], [ 8.663073550930406, 45.624972633912009 ], [ 8.663095625909149, 45.625002771158719 ], [ 8.663116510257939, 45.625031228914764 ], [ 8.663246466327365, 45.625211944115328 ], [ 8.663278704604217, 45.625256761214686 ], [ 8.663320072185197, 45.625310888780007 ], [ 8.663359863290227, 45.625360510314039 ], [ 8.663368718439941, 45.625369539148252 ], [ 8.663439552258476, 45.625441733771275 ], [ 8.663479374380181, 45.625486847683021 ], [ 8.663518394943765, 45.625518429006419 ], [ 8.663524056879417, 45.625523007359227 ], [ 8.663530710087658, 45.62552850222675 ], [ 8.663562332200984, 45.625554583772136 ], [ 8.66358340266105, 45.625570873617228 ], [ 8.663597468062145, 45.625581727865445 ], [ 8.663607898255121, 45.625590813524184 ], [ 8.663638962108488, 45.625617803399273 ], [ 8.66367405079782, 45.625640406355593 ], [ 8.663717105863148, 45.62567652786062 ], [ 8.663755472195067, 45.625699139539712 ], [ 8.663793791177268, 45.625730750206138 ], [ 8.663835306924357, 45.625757868896372 ], [ 8.663859314600989, 45.625774906310127 ], [ 8.663860889680722, 45.625776018960281 ], [ 8.663902416990464, 45.625803145760756 ], [ 8.664020649183987, 45.625875499256281 ], [ 8.664117888732711, 45.62595741291387 ], [ 8.664154671263381, 45.625988378073522 ], [ 8.664204146160046, 45.626029020535405 ], [ 8.664237067665871, 45.626065320877053 ], [ 8.664261491347443, 45.626092224457445 ], [ 8.664297405814539, 45.626128950320634 ], [ 8.664318831937663, 45.626150846858444 ], [ 8.664367675254425, 45.62620536144 ], [ 8.664371379788015, 45.626209497453985 ], [ 8.664371435877481, 45.626209557024971 ], [ 8.664375014705303, 45.626213905991769 ], [ 8.66441601266874, 45.626263624305238 ], [ 8.664449170642415, 45.626303554457458 ], [ 8.664468555227646, 45.626326851816792 ], [ 8.664529058400509, 45.626399037012028 ], [ 8.664653273573316, 45.626543414022656 ], [ 8.664705417662651, 45.626603203694103 ], [ 8.664720140409855, 45.62662007415841 ], [ 8.664788602049034, 45.626705767774759 ], [ 8.664841093417481, 45.626773418920855 ], [ 8.664854481460987, 45.626791469975061 ], [ 8.664904755888948, 45.626859175793477 ], [ 8.665012832935609, 45.62702150603883 ], [ 8.665041843409229, 45.627065676794963 ], [ 8.665078001716799, 45.627120670524235 ], [ 8.665117720454401, 45.627183780922842 ], [ 8.665160147071276, 45.627248240383388 ], [ 8.665186041210001, 45.627287536960502 ], [ 8.665289389562002, 45.627436352567486 ], [ 8.66536729441582, 45.627549090703816 ], [ 8.665426026526472, 45.627632372876064 ], [ 8.665469080021751, 45.627693356990783 ], [ 8.665922446121321, 45.628306719436274 ], [ 8.665934076690974, 45.628353598816986 ], [ 8.665953774054325, 45.628432880849509 ], [ 8.666006934136341, 45.628662556530458 ], [ 8.66607642587149, 45.628842774773787 ], [ 8.666123543927561, 45.629009425281019 ], [ 8.666165642820523, 45.629212068434789 ], [ 8.666179724314341, 45.62935897962592 ], [ 8.666186807862148, 45.629432577559236 ], [ 8.666184566826072, 45.629506022231865 ], [ 8.66618080320055, 45.629630646263834 ], [ 8.666160385512219, 45.629828604436888 ], [ 8.666096672205068, 45.630026435163764 ], [ 8.666039650100577, 45.630183673200257 ], [ 8.666031463062069, 45.630206249708976 ], [ 8.665945370311551, 45.630390526115839 ], [ 8.665862763915008, 45.630544377797044 ], [ 8.665846470960037, 45.630574756892877 ], [ 8.665753999700954, 45.630754469916127 ], [ 8.66573278136627, 45.630793272057431 ], [ 8.665672917280013, 45.6309027759347 ], [ 8.665627368671926, 45.63097593901405 ], [ 8.665580640992793, 45.631051030222729 ], [ 8.665558289351521, 45.631088792104819 ], [ 8.665514210208515, 45.631163332980634 ], [ 8.665452736793302, 45.631253159588624 ], [ 8.665404306746423, 45.631307023341208 ], [ 8.665363680704171, 45.631396911855916 ], [ 8.665337861275122, 45.631423839015319 ], [ 8.665321717412233, 45.631441795383772 ], [ 8.664521372392151, 45.631997498399791 ], [ 8.66353321108455, 45.632849668902367 ], [ 8.66336252229128, 45.632966176329845 ], [ 8.66295672013654, 45.633244002301467 ], [ 8.662410794954882, 45.633620427538133 ], [ 8.661919231247817, 45.634024012009398 ], [ 8.661688759772735, 45.634212345592104 ], [ 8.661414796937153, 45.634432053055896 ], [ 8.660940857863221, 45.634835683695158 ], [ 8.660386126269646, 45.635338080565241 ], [ 8.660340976971181, 45.635378450499559 ], [ 8.660328092318908, 45.635387414915634 ], [ 8.660226402534429, 45.63549512271446 ], [ 8.660105413773628, 45.635611771227836 ], [ 8.65998757509618, 45.635737429910378 ], [ 8.659845628301582, 45.635872023014009 ], [ 8.659635993005155, 45.636060414433722 ], [ 8.659437720544604, 45.636226337028155 ], [ 8.659228081269104, 45.636414728576163 ], [ 8.658997377710392, 45.636639061451447 ], [ 8.658644151859889, 45.636966535727005 ], [ 8.658454163265031, 45.637087478530923 ], [ 8.658413903423442, 45.637114360026267 ], [ 8.658118713534302, 45.637306342474218 ], [ 8.658041963096569, 45.637356277601562 ], [ 8.658012969104661, 45.63737419085394 ], [ 8.658002656629524, 45.637381612745855 ], [ 8.65787604284815, 45.63747278291514 ], [ 8.65775529022045, 45.637548928161905 ], [ 8.657647255848262, 45.63764311323628 ], [ 8.657523078074277, 45.637755253455389 ], [ 8.657384409013813, 45.63787634649885 ], [ 8.657224806887708, 45.63801087884633 ], [ 8.657090838304683, 45.638149991972774 ], [ 8.656976033088482, 45.638302659360136 ], [ 8.656867505381754, 45.638477847782823 ], [ 8.656813835864932, 45.63859919898799 ], [ 8.656772595346451, 45.638720826931966 ], [ 8.656768125197212, 45.63873402415134 ], [ 8.656763797768507, 45.638755158810099 ], [ 8.656735042689975, 45.638895985405384 ], [ 8.656701812047, 45.639084903952309 ], [ 8.656667629059283, 45.63925071696341 ], [ 8.656663811427089, 45.639269253683246 ], [ 8.656661221303155, 45.639281561855967 ], [ 8.656630758328717, 45.639426718121534 ], [ 8.656607371657971, 45.639579659837629 ], [ 8.656593716960268, 45.639714632563596 ], [ 8.656591078913358, 45.639820687849166 ], [ 8.65658948026665, 45.639885565258844 ], [ 8.65659041797856, 45.639955134369529 ], [ 8.656591686416446, 45.640047652312425 ], [ 8.656614645522913, 45.640227737869211 ], [ 8.656645736934051, 45.640389844223627 ], [ 8.656672371487794, 45.640493432112969 ], [ 8.65669488309082, 45.640565961643198 ], [ 8.656697544774818, 45.64057451151151 ], [ 8.656698074525796, 45.640576434799108 ], [ 8.656703820476407, 45.640597038061934 ], [ 8.65672442554308, 45.640637600501734 ], [ 8.656738556098363, 45.64068714350018 ], [ 8.656785950426931, 45.640808756860558 ], [ 8.656847692018415, 45.640939430412303 ], [ 8.656877422466778, 45.640994418996932 ], [ 8.656911136387045, 45.641056695876699 ], [ 8.65695239822568, 45.641123990019089 ], [ 8.656985800937786, 45.641178413542121 ], [ 8.657102522539589, 45.641355605826305 ], [ 8.657122455791656, 45.641385858324227 ], [ 8.65712492510881, 45.641389358090521 ], [ 8.657176545853281, 45.641462459124831 ], [ 8.657234286120911, 45.641542317480734 ], [ 8.657238560360884, 45.641548220503594 ], [ 8.657305379178171, 45.641638426509324 ], [ 8.657383342367257, 45.641742169069559 ], [ 8.657464541190743, 45.641841422619095 ], [ 8.657737012266169, 45.642139261320011 ], [ 8.657878973013835, 45.642270197088585 ], [ 8.657952947913211, 45.642326822822774 ], [ 8.658073751503435, 45.642419245794962 ], [ 8.658885792651873, 45.64287171809589 ], [ 8.659232890023869, 45.643043737996045 ], [ 8.659474388784609, 45.643161539261236 ], [ 8.659733619008165, 45.643261311794483 ], [ 8.659773683228146, 45.643273945985108 ], [ 8.660036157565907, 45.6433566896645 ], [ 8.660319571547156, 45.643438525603479 ], [ 8.660631820984205, 45.643529444711497 ], [ 8.660889712892514, 45.643597704747705 ], [ 8.661093346415157, 45.64365040179382 ], [ 8.661136337215924, 45.643661510432125 ], [ 8.661322139801232, 45.643708374693489 ], [ 8.661334941197868, 45.643711602566128 ], [ 8.661666562048509, 45.643780089287837 ], [ 8.661696693042662, 45.643784697875269 ], [ 8.661996652103733, 45.643830553392775 ], [ 8.662344493851995, 45.643863075289893 ], [ 8.662653951054681, 45.643890986833796 ], [ 8.662976293510178, 45.643905434185527 ], [ 8.663301837753774, 45.64391539500906 ], [ 8.663556802383741, 45.643925141670444 ], [ 8.664012342305242, 45.643926480518878 ], [ 8.664257757145698, 45.643922702463477 ], [ 8.664517751648541, 45.643905468029544 ], [ 8.664732747404551, 45.643892597810655 ], [ 8.665023215568567, 45.643875449852771 ], [ 8.665591318633432, 45.643827617290391 ], [ 8.665888269315138, 45.643787988330359 ], [ 8.666093872629764, 45.643752592102686 ], [ 8.666259238053371, 45.643721580219761 ], [ 8.666514576104069, 45.643668327592316 ], [ 8.666755549599895, 45.643610447429104 ], [ 8.667020675847033, 45.643530225786733 ], [ 8.667215088933123, 45.64347229714452 ], [ 8.667432090626907, 45.64340543211798 ], [ 8.667686023740782, 45.643320676788456 ], [ 8.668072960614555, 45.643175220915971 ], [ 8.668113647115552, 45.643159924159065 ], [ 8.668118781898464, 45.643157867966067 ], [ 8.668303383269141, 45.643083901741797 ], [ 8.668499510948408, 45.643003476306816 ], [ 8.669300376504292, 45.642654822094357 ], [ 8.669478798061194, 45.642578757764817 ], [ 8.669617126069763, 45.642520661849588 ], [ 8.669750609232267, 45.642458054004699 ], [ 8.669864778606872, 45.642404387505493 ], [ 8.67030091396613, 45.642158166883796 ], [ 8.670410587236116, 45.642059403083145 ], [ 8.670465450357094, 45.642014562180243 ], [ 8.670605649685196, 45.641888978005611 ], [ 8.670686278960568, 45.641817216641527 ], [ 8.670784703947744, 45.641723009617635 ], [ 8.670831580213887, 45.641674161715379 ], [ 8.670862189080816, 45.641642238152166 ], [ 8.67094005709685, 45.641557179700087 ], [ 8.671088191258887, 45.641395321588767 ], [ 8.671546912720235, 45.640847595416282 ], [ 8.671890830400624, 45.640443526249804 ], [ 8.672176015338891, 45.639949298129054 ], [ 8.672326239591724, 45.639608479119673 ], [ 8.672393900687451, 45.639454875383016 ], [ 8.672667936119906, 45.638929113460776 ], [ 8.672865077040367, 45.638124159759528 ], [ 8.67332450079342, 45.63682814373778 ], [ 8.673427656097727, 45.636537131911595 ], [ 8.673818685607982, 45.636029701388701 ], [ 8.673968154230197, 45.635856350819587 ], [ 8.674004440843211, 45.635814240938899 ], [ 8.674032549364846, 45.635786706310398 ], [ 8.674118948847024, 45.63570199578173 ], [ 8.674301096338612, 45.635545028753285 ], [ 8.674488034040618, 45.635383573716858 ], [ 8.674671688978595, 45.635240019961714 ], [ 8.6748423323069, 45.635132512682269 ], [ 8.67509340800715, 45.634984740564128 ], [ 8.67531869025394, 45.634850389674419 ], [ 8.675547231691489, 45.634702462496904 ], [ 8.675783886177854, 45.634559143855057 ], [ 8.675972089657481, 45.634451689210117 ], [ 8.676237364322777, 45.634335449073191 ], [ 8.676528453304678, 45.634201194951963 ], [ 8.676750325878933, 45.634107328535066 ], [ 8.677010733993374, 45.634009073778572 ], [ 8.677354615433698, 45.633875054998732 ], [ 8.677696849644132, 45.633768028813904 ], [ 8.67798445016054, 45.633687754989474 ], [ 8.678209310844593, 45.633625393798276 ], [ 8.678503074945807, 45.633576723881419 ], [ 8.678793534792201, 45.633532546182316 ], [ 8.67910647849539, 45.633497425528056 ], [ 8.679361652839477, 45.633462142792048 ], [ 8.679668221938174, 45.633431506771167 ], [ 8.679931283704731, 45.633423241359985 ], [ 8.680303396528602, 45.633419784629552 ], [ 8.680340214326032, 45.633419887655187 ], [ 8.68052945974461, 45.633424912988396 ], [ 8.680734682189074, 45.633429985359527 ], [ 8.680890204286218, 45.633430419882281 ], [ 8.681190062590531, 45.633444755767982 ], [ 8.681404908844042, 45.633449853791426 ], [ 8.681631080038512, 45.633454984771852 ], [ 8.681735265029882, 45.633459776430364 ], [ 8.683127741834813, 45.633675119504204 ], [ 8.68386627133347, 45.633816742043948 ], [ 8.684595004647754, 45.633989737892499 ], [ 8.685102123626839, 45.634193420062431 ], [ 8.68524948232788, 45.63425259679488 ], [ 8.685260680857795, 45.634257127210539 ], [ 8.685323289017422, 45.634288682308707 ], [ 8.685359643662373, 45.634306997614651 ], [ 8.685581446237682, 45.634418793114378 ], [ 8.685772448839003, 45.634515056080289 ], [ 8.685784561526534, 45.634520636666529 ], [ 8.685841179642672, 45.634546709641988 ], [ 8.686227394895596, 45.634770170421639 ], [ 8.686474294737392, 45.63491301609065 ], [ 8.686533742129503, 45.634957596086529 ], [ 8.686895926812127, 45.635229132794713 ], [ 8.68694212309496, 45.635274257717114 ], [ 8.686974128840829, 45.635301425598968 ], [ 8.686979928848277, 45.63530730379297 ], [ 8.687080973635116, 45.635409721295865 ], [ 8.6871335955571, 45.635463870064164 ], [ 8.687176999965471, 45.635507210461348 ], [ 8.687187816374514, 45.635517998883245 ], [ 8.687246847947252, 45.635576653909474 ], [ 8.687340957804006, 45.635662404983528 ], [ 8.687438351247335, 45.635748164062463 ], [ 8.687505054602639, 45.63582946466353 ], [ 8.687586499960821, 45.635928646269925 ], [ 8.688214080465857, 45.636677511157323 ], [ 8.688357614882435, 45.636848756496981 ], [ 8.688357649160924, 45.636848822297218 ], [ 8.68843058371964, 45.637002038702136 ], [ 8.688489155101843, 45.637141712710147 ], [ 8.688541434811015, 45.637258862728459 ], [ 8.688598475106003, 45.637385031118384 ], [ 8.688644337303771, 45.637502164491643 ], [ 8.688688600967469, 45.637619294388138 ], [ 8.688716872251117, 45.637727380670455 ], [ 8.688733597620269, 45.637783672093406 ], [ 8.688743637189829, 45.637817406093404 ], [ 8.688781454908927, 45.637943586812142 ], [ 8.688783082710486, 45.637949233023306 ], [ 8.688789304267901, 45.637970599254125 ], [ 8.68880658901168, 45.638326176369802 ], [ 8.688834685217364, 45.638465765350205 ], [ 8.688861278606471, 45.638587346589006 ], [ 8.688873416099483, 45.638713390710549 ], [ 8.688891767382424, 45.638875454524353 ], [ 8.688905765331858, 45.639063445322641 ], [ 8.688908193707382, 45.639096014557545 ], [ 8.688926032746505, 45.639352542494215 ], [ 8.688929128640545, 45.639385296263242 ], [ 8.688942692682449, 45.639528148957325 ], [ 8.688960724559694, 45.639748716929617 ], [ 8.688969080700923, 45.639978258565087 ], [ 8.688970451956635, 45.64014600878388 ], [ 8.688971013074353, 45.640212266958621 ], [ 8.688977694820474, 45.640329091842517 ], [ 8.688984163048515, 45.6404418396274 ], [ 8.688986152131191, 45.640662363884061 ], [ 8.689000823397675, 45.640909923603346 ], [ 8.689004666754684, 45.641085451914158 ], [ 8.688996821195513, 45.64138165696717 ], [ 8.688996564462805, 45.641391415059971 ], [ 8.688998376309273, 45.641409739553943 ], [ 8.689011757301756, 45.641544508869593 ], [ 8.689026603168559, 45.641760566723363 ], [ 8.689024212633916, 45.64192361267272 ], [ 8.689024030986007, 45.641936035239532 ], [ 8.689024030766905, 45.641936074842945 ], [ 8.688997249678046, 45.642018074971901 ], [ 8.688950624651559, 45.642160904145058 ], [ 8.68890841735468, 45.64226271556246 ], [ 8.688861195923465, 45.642376669039855 ], [ 8.688797704678507, 45.642534619643847 ], [ 8.688796164143698, 45.642538450736332 ], [ 8.688796140737255, 45.642538506478225 ], [ 8.68872953231029, 45.642691337830314 ], [ 8.688654777582691, 45.642866651019851 ], [ 8.688568673531874, 45.643064432796827 ], [ 8.688463143554998, 45.643293663820792 ], [ 8.688401468817519, 45.64342400883708 ], [ 8.688293030207804, 45.643599226289282 ], [ 8.688210499838032, 45.643729514290037 ], [ 8.688092585701074, 45.643877702949723 ], [ 8.687964946778763, 45.644043870344177 ], [ 8.687859983459122, 45.64416959455248 ], [ 8.687796676534461, 45.644252595376145 ], [ 8.687774367515459, 45.644281876474935 ], [ 8.687743606180245, 45.644311992253883 ], [ 8.687659836141465, 45.644394068478974 ], [ 8.687522846983583, 45.644510702997103 ], [ 8.687421317731044, 45.644595931191702 ], [ 8.686999608122223, 45.644855800254518 ], [ 8.68692880524959, 45.644896112140344 ], [ 8.686859630140894, 45.644931925288901 ], [ 8.686788827092187, 45.644972233486619 ], [ 8.686693937910089, 45.645016978742483 ], [ 8.68659746832542, 45.645057219129235 ], [ 8.686521929319285, 45.645084013705251 ], [ 8.686449618354649, 45.645106314836248 ], [ 8.686353225069331, 45.645133053862374 ], [ 8.68625846345245, 45.645155295933556 ], [ 8.6861733474398, 45.64517306396862 ], [ 8.68607218814744, 45.645190786055984 ], [ 8.685975872535098, 45.645204024513809 ], [ 8.685900383333847, 45.645221818806512 ], [ 8.685821705972545, 45.645235103827289 ], [ 8.685768723960827, 45.645243959918808 ], [ 8.685614061121589, 45.64528365415665 ], [ 8.685595217348313, 45.645288499693251 ], [ 8.685545395649122, 45.645306356286099 ], [ 8.68548914142443, 45.645328697403087 ], [ 8.685448888526352, 45.645355590205583 ], [ 8.685333767398195, 45.645575793632609 ], [ 8.685091444911466, 45.645881152301868 ], [ 8.684939401954644, 45.646105750384748 ], [ 8.684759889970097, 45.646366280590676 ], [ 8.68436243168534, 45.646873724479313 ], [ 8.684014923206734, 45.647340804633956 ], [ 8.683235187253176, 45.647932696930191 ], [ 8.681112673163213, 45.650519015984784 ], [ 8.681104572876015, 45.650532496525017 ], [ 8.681100405574856, 45.650536361580308 ], [ 8.681099730773679, 45.650536993360063 ], [ 8.6810976545855, 45.650539872353143 ], [ 8.681054462808229, 45.650599860691031 ], [ 8.680991337426505, 45.650698692542306 ], [ 8.680908809057659, 45.650824472864549 ], [ 8.680876392267288, 45.650882887266647 ], [ 8.680848866059755, 45.650927814871828 ], [ 8.680797046273735, 45.651013175943341 ], [ 8.680743491672777, 45.651121036191043 ], [ 8.680701248380705, 45.651215427577164 ], [ 8.680663684677173, 45.651332330674222 ], [ 8.680645733668355, 45.651386284990323 ], [ 8.680629409880991, 45.65143574340253 ], [ 8.680619606633057, 45.651467220943459 ], [ 8.68059518227007, 45.651530155351779 ], [ 8.680583800325582, 45.651557127125905 ], [ 8.680539957281908, 45.651650165637832 ], [ 8.680535099825132, 45.651660498587781 ], [ 8.680524792175914, 45.651684062018951 ], [ 8.680487952135055, 45.651768375719236 ], [ 8.680410029058024, 45.651930172130584 ], [ 8.680367729545747, 45.652033563220819 ], [ 8.680333530584061, 45.652123473813013 ], [ 8.680307506034152, 45.652181744810456 ], [ 8.680299412184311, 45.652199882372251 ], [ 8.6802929512451, 45.652213440345861 ], [ 8.680252321204629, 45.652298761357713 ], [ 8.680210197844701, 45.65237064973482 ], [ 8.680151860023209, 45.652473995841895 ], [ 8.680112998767958, 45.65253689151649 ], [ 8.680063633468503, 45.652618316711248 ], [ 8.680053094713427, 45.652635743537182 ], [ 8.679991520950896, 45.652743562941829 ], [ 8.679980658438819, 45.652762842138465 ], [ 8.679928297645821, 45.652855901540512 ], [ 8.679847289774051, 45.652995188453886 ], [ 8.679753394598997, 45.653143435577604 ], [ 8.679674094077649, 45.653264726255124 ], [ 8.679585141764901, 45.653390487553246 ], [ 8.679536653431038, 45.653453355120718 ], [ 8.679484931987501, 45.653520714944335 ], [ 8.679282985026868, 45.65376767192403 ], [ 8.679197342458327, 45.653875438610228 ], [ 8.679111669997543, 45.653987707393931 ], [ 8.679029286811273, 45.654086484010335 ], [ 8.678660962797013, 45.654530987479923 ], [ 8.678541496789208, 45.654661161653685 ], [ 8.678429157079441, 45.654766734713988 ], [ 8.678422135780412, 45.654773342308495 ], [ 8.678386658425254, 45.654802552050491 ], [ 8.678019147655425, 45.655105228612598 ], [ 8.677471194126475, 45.655535720428588 ], [ 8.676289125421867, 45.656310946207974 ], [ 8.675199361112599, 45.656933403381657 ], [ 8.674147193570104, 45.65742995478363 ], [ 8.673983074482024, 45.657510494564264 ], [ 8.673900988007551, 45.657555262933457 ], [ 8.673870400846516, 45.65757317740028 ], [ 8.67381406199358, 45.657604521470795 ], [ 8.673727191977887, 45.657644774711784 ], [ 8.673683740631317, 45.657667153733279 ], [ 8.67362737930678, 45.657702994491338 ], [ 8.673550053220579, 45.657756779795676 ], [ 8.673456684032715, 45.657810516492262 ], [ 8.673397110989471, 45.65784634975595 ], [ 8.673282804143327, 45.657913527784302 ], [ 8.673192619675719, 45.65797177561587 ], [ 8.673113742033731, 45.658016554395239 ], [ 8.673009088579313, 45.658079259324211 ], [ 8.672909274382558, 45.658137480267904 ], [ 8.672831971952483, 45.658186762005471 ], [ 8.672667667788211, 45.658298801565273 ], [ 8.672371325535867, 45.658480591825246 ], [ 8.672353695398042, 45.658491411636867 ], [ 8.672339383053925, 45.65849985302588 ], [ 8.672247417742938, 45.658554120205842 ], [ 8.672123457695042, 45.658625769815892 ], [ 8.672057440162845, 45.658666082524206 ], [ 8.671980136237721, 45.658715367277068 ], [ 8.671880293575574, 45.6587780849773 ], [ 8.671790052407594, 45.658845330617623 ], [ 8.671712646955344, 45.658899166645064 ], [ 8.671706267224934, 45.658903611852445 ], [ 8.67169804140117, 45.658908986046512 ], [ 8.671678899201504, 45.658921516977166 ], [ 8.671648282990143, 45.658943933005276 ], [ 8.671597365458313, 45.658985243837797 ], [ 8.671570922532295, 45.659006712346631 ], [ 8.671555716551634, 45.659016911641224 ], [ 8.671524191018571, 45.659038085599327 ], [ 8.671461299973318, 45.659091907380088 ], [ 8.671406433668965, 45.659145755807401 ], [ 8.671317586445523, 45.659249007726963 ], [ 8.671265874845639, 45.659311863347867 ], [ 8.671207693854305, 45.659383701212761 ], [ 8.671167267268679, 45.659437590178598 ], [ 8.671146222145811, 45.659469034504944 ], [ 8.671134935660975, 45.659485443935473 ], [ 8.671112258952311, 45.659518438911782 ], [ 8.671100094279794, 45.65953224905487 ], [ 8.671076704119015, 45.659558840539532 ], [ 8.671026573935347, 45.659626201044951 ], [ 8.670953789985182, 45.659724999384032 ], [ 8.670884168427616, 45.659832807671265 ], [ 8.670822724688032, 45.659913637720187 ], [ 8.67076451739503, 45.659989978419276 ], [ 8.670491305175057, 45.660340219866796 ], [ 8.670445746902327, 45.660448096377003 ], [ 8.670440270077821, 45.660470565688897 ], [ 8.670439179401029, 45.66047509178793 ], [ 8.670429519621958, 45.660504060272679 ], [ 8.670421205405887, 45.66052903354511 ], [ 8.670394904876503, 45.660598881042333 ], [ 8.670377211453536, 45.660645901020537 ], [ 8.670365088049198, 45.660679292626213 ], [ 8.670357627564304, 45.660699861523469 ], [ 8.670326694202711, 45.660776279782176 ], [ 8.670297338864037, 45.660857201227579 ], [ 8.670268033707018, 45.660929121924916 ], [ 8.670199539523262, 45.661117940982017 ], [ 8.670111444439806, 45.661365206437637 ], [ 8.670077010570076, 45.661491116670142 ], [ 8.670051515902093, 45.661580527123185 ], [ 8.670047536430781, 45.66159454080622 ], [ 8.670040886136361, 45.661634700641365 ], [ 8.670012587106079, 45.66180595881309 ], [ 8.669988936349986, 45.662008404956595 ], [ 8.6699769919041, 45.66212988236537 ], [ 8.669976464367847, 45.662219887863671 ], [ 8.669980248123634, 45.662395410592936 ], [ 8.669996418889387, 45.662647478391428 ], [ 8.670005414292127, 45.662755513151573 ], [ 8.670023902378132, 45.662886078430233 ], [ 8.670036158611607, 45.662985120820679 ], [ 8.670054701013482, 45.663106682664946 ], [ 8.670084371077575, 45.663246281999967 ], [ 8.670115696193346, 45.663376880722083 ], [ 8.670135396047161, 45.663444578319336 ], [ 8.670147175695842, 45.663484930873416 ], [ 8.670188196477334, 45.663602035541494 ], [ 8.670200538618259, 45.663638862267952 ], [ 8.670226037939498, 45.663714728684887 ], [ 8.670257449463209, 45.663821962223373 ], [ 8.670266955219024, 45.663854330719737 ], [ 8.670309299006172, 45.664016439051501 ], [ 8.670317130528137, 45.664038806334503 ], [ 8.670370863549405, 45.664192182448097 ], [ 8.670410450563827, 45.664282303650538 ], [ 8.670464320777178, 45.664399470474478 ], [ 8.670503989868145, 45.664476088759869 ], [ 8.670553181170533, 45.664570738047018 ], [ 8.670590902774316, 45.664649382182205 ], [ 8.670600707385987, 45.664669810942641 ], [ 8.670609208945343, 45.664684125248954 ], [ 8.670643641564915, 45.664742014658323 ], [ 8.670705268677821, 45.664857257731327 ], [ 8.670708711112693, 45.664863694280463 ], [ 8.670756431041273, 45.664940322175411 ], [ 8.670807475806601, 45.665010623011867 ], [ 8.670812122641159, 45.665017018023747 ], [ 8.670875862111172, 45.665093709126239 ], [ 8.670915778573113, 45.665135736699426 ], [ 8.670944384666129, 45.665165844223225 ], [ 8.670956040188402, 45.66517758433482 ], [ 8.671016224990137, 45.665238124745429 ], [ 8.671076833490025, 45.66530130630084 ], [ 8.671145283984613, 45.665359745332452 ], [ 8.671161455302126, 45.665373538020084 ], [ 8.671233278701687, 45.665436740969859 ], [ 8.67132270389475, 45.665513491329541 ], [ 8.671381475332669, 45.665553092338371 ], [ 8.671389840599639, 45.665558723946482 ], [ 8.671395658093342, 45.665562743369499 ], [ 8.67146177582072, 45.665608381652675 ], [ 8.671541600020806, 45.665662603836807 ], [ 8.671634436136136, 45.665716868765003 ], [ 8.671705392138962, 45.665763036562289 ], [ 8.671752728900238, 45.665793785460345 ], [ 8.671819940243241, 45.665825482518713 ], [ 8.671899910049888, 45.665870713893206 ], [ 8.671962281324355, 45.665906895605104 ], [ 8.672011594774341, 45.665933560972761 ], [ 8.672071033396991, 45.665965687411479 ], [ 8.672154187276204, 45.666010923245899 ], [ 8.672294903605312, 45.666096818189288 ], [ 8.672518882377714, 45.666209949785113 ], [ 8.672662749668033, 45.666288649903564 ], [ 8.6727588816674, 45.666341212288707 ], [ 8.672843268188243, 45.666382851699076 ], [ 8.672896496505752, 45.666409101251595 ], [ 8.672965361071133, 45.666444827557441 ], [ 8.672992482026892, 45.66645889255016 ], [ 8.673155595723488, 45.666544829830777 ], [ 8.673155658432927, 45.666544863313419 ], [ 8.673306000459215, 45.66662175396273 ], [ 8.673379680714914, 45.666657960933605 ], [ 8.673456404339445, 45.666698675192876 ], [ 8.673545969214334, 45.666752924706863 ], [ 8.673641984551731, 45.66680728438584 ], [ 8.673723528082986, 45.666857015808311 ], [ 8.673753115976838, 45.666875205564963 ], [ 8.673797069342832, 45.666902222986188 ], [ 8.673873806766331, 45.666951945078061 ], [ 8.673921790576879, 45.66697908556705 ], [ 8.673972957694641, 45.667010733757238 ], [ 8.674008927063593, 45.667034949741776 ], [ 8.674040065340106, 45.667055897214908 ], [ 8.674089252845281, 45.667088459593785 ], [ 8.6741152265525, 45.667105647049191 ], [ 8.674132943266597, 45.667117706551288 ], [ 8.674201516360169, 45.66716434933651 ], [ 8.67423991646932, 45.667186954722347 ], [ 8.674313439326147, 45.667232160612549 ], [ 8.674354993285005, 45.667259277187526 ], [ 8.674390220058454, 45.667281876177398 ], [ 8.674426886720582, 45.667306339740378 ], [ 8.674444566774044, 45.667318102060392 ], [ 8.674484501615128, 45.667349717111229 ], [ 8.674516440362746, 45.667376810730623 ], [ 8.674552186751177, 45.667405691060182 ], [ 8.674561173570783, 45.667412940761722 ], [ 8.674577439579773, 45.667427032959509 ], [ 8.674639401214845, 45.667480670127496 ], [ 8.674685290170466, 45.667518098626509 ], [ 8.674722463849809, 45.667548387102549 ], [ 8.67476553193951, 45.667589005547725 ], [ 8.674872486544244, 45.667692800220145 ], [ 8.674954098543461, 45.667772145624546 ], [ 8.675030448964236, 45.667846310402034 ], [ 8.675046416681198, 45.667859857130622 ], [ 8.675076484672758, 45.66788465364759 ], [ 8.675084762885477, 45.66789147645077 ], [ 8.67508777193982, 45.667895275276173 ], [ 8.675099087087295, 45.667909510833475 ], [ 8.675153336269849, 45.667963669437206 ], [ 8.675191642501437, 45.667999780942921 ], [ 8.675221948637322, 45.6680313719569 ], [ 8.67524433661891, 45.668044935108611 ], [ 8.675258713282961, 45.668059462879867 ], [ 8.675266676536269, 45.668067478290126 ], [ 8.675295502696379, 45.668081056131172 ], [ 8.675298651436286, 45.66808556821703 ], [ 8.675327423009479, 45.668108146767636 ], [ 8.676545134395928, 45.668705634141887 ], [ 8.676687971636444, 45.66870153712091 ], [ 8.676801986269986, 45.668701859722511 ], [ 8.67680347779517, 45.668701905346005 ], [ 8.67690948929169, 45.668702204299358 ], [ 8.677043721251266, 45.668707013162241 ], [ 8.677045868860629, 45.668707048936092 ], [ 8.677175844698166, 45.668711912218733 ], [ 8.677304072931062, 45.668725774889353 ], [ 8.677602451809976, 45.668753612709629 ], [ 8.677798091991486, 45.668772162775795 ], [ 8.678004879092773, 45.668804243431673 ], [ 8.67815084055235, 45.668827153301727 ], [ 8.678290344662839, 45.668850043001626 ], [ 8.678442686902612, 45.668868470930676 ], [ 8.678572585966821, 45.668886833715156 ], [ 8.678693104481532, 45.668905834234522 ], [ 8.67871846657515, 45.668909816439268 ], [ 8.678829139812175, 45.668919128492412 ], [ 8.678930134452393, 45.668937413209825 ], [ 8.679029552699021, 45.668951193873482 ], [ 8.679103864285198, 45.668967964229331 ], [ 8.679130532008944, 45.668973980606403 ], [ 8.679141742733378, 45.668976375721044 ], [ 8.679194634430711, 45.668987659232783 ], [ 8.679279533007225, 45.669014901113123 ], [ 8.679359616151638, 45.669042127615249 ], [ 8.679392832730043, 45.669058706831379 ], [ 8.679414026057955, 45.669069267620593 ], [ 8.679481659135037, 45.669101170155884 ], [ 8.679500444789964, 45.6691100266099 ], [ 8.679508492956039, 45.669114093278971 ], [ 8.679545253347673, 45.669132630180414 ], [ 8.679615586358846, 45.66918232593035 ], [ 8.679685940049763, 45.669227517658697 ], [ 8.679786634080417, 45.66929979249884 ], [ 8.67986008723604, 45.669358491412105 ], [ 8.679926562744216, 45.669409792715328 ], [ 8.679983132517146, 45.669453406491741 ], [ 8.680075800890757, 45.669525671194101 ], [ 8.68015410224432, 45.669584395193475 ], [ 8.680208433520653, 45.669625051204576 ], [ 8.680255064491393, 45.669661415625754 ], [ 8.680301111623011, 45.669697286046294 ], [ 8.680600729829253, 45.6699747316231 ], [ 8.680842282916677, 45.670198367222547 ], [ 8.680867379225589, 45.670223718970838 ], [ 8.680886954796193, 45.670243462152854 ], [ 8.680908737083767, 45.670266860447278 ], [ 8.680933219703007, 45.670293128555421 ], [ 8.680971457150266, 45.670333692445794 ], [ 8.680971503091923, 45.670333741178766 ], [ 8.680998868571539, 45.670367820176232 ], [ 8.68101129688443, 45.670383298569526 ], [ 8.681011342780145, 45.670383355403153 ], [ 8.681009560339344, 45.670414850767749 ], [ 8.681009458069383, 45.670432854020405 ], [ 8.680994810466915, 45.67046881479699 ], [ 8.680981818748693, 45.6704957829268 ], [ 8.68097371938968, 45.670509260713231 ], [ 8.680966249768966, 45.670526464817165 ], [ 8.680963982037634, 45.670531741094379 ], [ 8.680961098543989, 45.670538513396565 ], [ 8.680952574590384, 45.670558704643824 ], [ 8.680935507191032, 45.670597317510996 ], [ 8.680934696914479, 45.67059915412554 ], [ 8.680934101144807, 45.670600068750119 ], [ 8.680920122044654, 45.670621620992293 ], [ 8.680898956706471, 45.670675567089113 ], [ 8.680881020090078, 45.670725019065721 ], [ 8.680866221435558, 45.670787982007454 ], [ 8.680851535575618, 45.670832900320789 ], [ 8.680842290872409, 45.670871010274197 ], [ 8.68073156914866, 45.671327649771428 ], [ 8.680700439239974, 45.67144007181605 ], [ 8.680680672178784, 45.671530024341841 ], [ 8.68066913390442, 45.671583996394901 ], [ 8.680649517737722, 45.671646947633697 ], [ 8.680603993973442, 45.671750328542934 ], [ 8.680599805176927, 45.671758365407491 ], [ 8.680587622888579, 45.671781758804883 ], [ 8.680583840620566, 45.671788973226079 ], [ 8.680582903417715, 45.671790773479408 ], [ 8.680531116293031, 45.671867134245147 ], [ 8.680490765128233, 45.671907524403139 ], [ 8.68045372617299, 45.671934405409324 ], [ 8.680652579931909, 45.672070873615411 ], [ 8.68094003486306, 45.672268086468556 ], [ 8.681277018215683, 45.672499209824807 ], [ 8.681318525813676, 45.672535319176845 ], [ 8.681359991531149, 45.672580175437957 ], [ 8.68140625196089, 45.672630136844248 ], [ 8.681511327169455, 45.672778933293529 ], [ 8.681560646461586, 45.672855554724599 ], [ 8.681598725570089, 45.672936653341075 ], [ 8.681631934987447, 45.673017740173634 ], [ 8.681658868370091, 45.673085305510256 ], [ 8.681699918259053, 45.67320250133438 ], [ 8.681708613192891, 45.673232349923758 ], [ 8.68173140465537, 45.673310596728165 ], [ 8.681735158773666, 45.673323290304459 ], [ 8.681748742176573, 45.67336912274191 ], [ 8.681757662473386, 45.673495133587558 ], [ 8.681759333778993, 45.673533706045802 ], [ 8.68176475032336, 45.673657220188566 ], [ 8.6817610878577, 45.673738215960988 ], [ 8.681760502484531, 45.67384172066248 ], [ 8.681761672449076, 45.673918232161718 ], [ 8.681767507921389, 45.674021753845302 ], [ 8.68176399332342, 45.674075751035225 ], [ 8.681760145849815, 45.674188249307093 ], [ 8.681755457085151, 45.67424915318697 ], [ 8.681754956251629, 45.674255739523424 ], [ 8.681749185927018, 45.674302003186305 ], [ 8.68174486258288, 45.67433671647175 ], [ 8.681734599283866, 45.674449198665116 ], [ 8.681724511953787, 45.674530178326819 ], [ 8.681714220521989, 45.674647156366909 ], [ 8.681705586246508, 45.674755141758752 ], [ 8.681701266912004, 45.674818125858721 ], [ 8.681700349402503, 45.674831623695475 ], [ 8.681699009277457, 45.674840173480966 ], [ 8.681687014999859, 45.674917103733605 ], [ 8.681655786761585, 45.675047526517233 ], [ 8.681649263735345, 45.675065509164106 ], [ 8.681637776684031, 45.675110480562658 ], [ 8.681618162916783, 45.675173431935562 ], [ 8.68159372792233, 45.675236368067516 ], [ 8.681567721169545, 45.675294800282103 ], [ 8.681533637384797, 45.675362210836624 ], [ 8.681497997075336, 45.675420617079808 ], [ 8.681473745693486, 45.675452051581701 ], [ 8.681421952511993, 45.675528414485797 ], [ 8.681381475488884, 45.675591307634015 ], [ 8.681349122673506, 45.675636219005398 ], [ 8.681311903888739, 45.675690120354808 ], [ 8.681256877399962, 45.675770975492 ], [ 8.681190462841949, 45.675878798704261 ], [ 8.681145119358693, 45.675950678144972 ], [ 8.68112083942021, 45.675986612919502 ], [ 8.681062603771977, 45.676067455401359 ], [ 8.681025409998371, 45.676116855393126 ], [ 8.680933367768164, 45.676215607834749 ], [ 8.680896250519845, 45.676251506707231 ], [ 8.680699500490247, 45.676417471095888 ], [ 8.680609165862515, 45.676498223624598 ], [ 8.680480158178119, 45.676605873206213 ], [ 8.679616627239966, 45.677179502619126 ], [ 8.679167989204917, 45.677326757776619 ], [ 8.679167959611492, 45.677326768494538 ], [ 8.679070228257002, 45.677346378695091 ], [ 8.677575611299613, 45.677646304880113 ], [ 8.677480840456088, 45.677659537766765 ], [ 8.677424615259618, 45.677668380786358 ], [ 8.677344337165593, 45.677672653621492 ], [ 8.6771773194664, 45.677690184422509 ], [ 8.676950914309266, 45.677707546167788 ], [ 8.676758287790863, 45.677711501754032 ], [ 8.676512700274294, 45.677715307969613 ], [ 8.676171020710996, 45.677682840596866 ], [ 8.672839991046404, 45.676687778807953 ], [ 8.672141777102162, 45.676420256388852 ], [ 8.671453017722644, 45.676184262589551 ], [ 8.670568065004861, 45.676015203720823 ], [ 8.669628660383177, 45.675791384922434 ], [ 8.669478229287563, 45.675755545828821 ], [ 8.667221559597806, 45.675213461604635 ], [ 8.666988841895348, 45.675175157200705 ], [ 8.666469661920708, 45.675089750153148 ], [ 8.665743467283074, 45.674948119830567 ], [ 8.66515446031458, 45.674817193042927 ], [ 8.665025331326191, 45.674788493290443 ], [ 8.664980909213778, 45.674778598898641 ], [ 8.664288121442466, 45.674624332755279 ], [ 8.663497662777985, 45.6744959987806 ], [ 8.66183010041571, 45.674504579838889 ], [ 8.660814208820369, 45.674501570969689 ], [ 8.659088295879574, 45.674604446015437 ], [ 8.657633365207122, 45.674748613955465 ], [ 8.657447086209794, 45.674766057297745 ], [ 8.65740533117531, 45.674770430723868 ], [ 8.656789105685975, 45.674759582997247 ], [ 8.655106851832521, 45.67470556569733 ], [ 8.654314772869371, 45.674680125964464 ], [ 8.653579959492621, 45.674632906692267 ], [ 8.653460924140971, 45.674627612314893 ], [ 8.652817909083709, 45.674599082318544 ], [ 8.65208292252974, 45.674587850041775 ], [ 8.650134685907837, 45.674656483352443 ], [ 8.650084305602565, 45.674658260642587 ], [ 8.648186425215638, 45.674805444868227 ], [ 8.64746340420613, 45.674933728590098 ], [ 8.646718052703187, 45.675039438327602 ], [ 8.645969293819501, 45.675176632059326 ], [ 8.644350909888654, 45.675527138623664 ], [ 8.642845882514365, 45.675967982583458 ], [ 8.642258346179766, 45.676210615808692 ], [ 8.642186127247246, 45.676240442618557 ], [ 8.642148129396883, 45.676264562022148 ], [ 8.641643049678029, 45.676585269956192 ], [ 8.641191312414703, 45.676952881946555 ], [ 8.640791961433248, 45.677410665439439 ], [ 8.640743352549771, 45.677482517665048 ], [ 8.64070113337918, 45.677558892194078 ], [ 8.640667056825132, 45.677617288800221 ], [ 8.640631317578752, 45.677684683724181 ], [ 8.640600419474932, 45.677747590736296 ], [ 8.640571157668113, 45.67780600335832 ], [ 8.640543470699185, 45.677868920456184 ], [ 8.640514862725235, 45.677934691520974 ], [ 8.640514160248227, 45.677936313965446 ], [ 8.640513567655624, 45.677937619925451 ], [ 8.64048972908328, 45.677990262937726 ], [ 8.640453960572881, 45.678062156338498 ], [ 8.640364477395966, 45.678250888199962 ], [ 8.640333457973256, 45.678324217744688 ], [ 8.640318862009552, 45.678358748586781 ], [ 8.640312455158623, 45.678375710333427 ], [ 8.640274766753823, 45.678475624497864 ], [ 8.64023045603715, 45.678628495938135 ], [ 8.639990471888551, 45.68001385105449 ], [ 8.639977169658689, 45.68008581417341 ], [ 8.639973820590873, 45.680108270652681 ], [ 8.639973744950412, 45.680109853664632 ], [ 8.639971950389421, 45.680148805508068 ], [ 8.639966963333029, 45.680175789655337 ], [ 8.639959768901726, 45.680297276716772 ], [ 8.639988288440275, 45.680506670652171 ], [ 8.639999649117408, 45.680589898643397 ], [ 8.640220429533457, 45.682710258804612 ], [ 8.640677180718184, 45.685839444142019 ], [ 8.64068604196688, 45.685960960922792 ], [ 8.640693602062255, 45.685982628132166 ], [ 8.640700225540217, 45.686001555238292 ], [ 8.640723928142275, 45.686060131672633 ], [ 8.640740625854322, 45.686098179448805 ], [ 8.640747649771019, 45.686114138432202 ], [ 8.640758855819243, 45.686132990836022 ], [ 8.640782601445927, 45.686172824932576 ], [ 8.640810816767303, 45.686218583931449 ], [ 8.64081597723014, 45.686226933137874 ], [ 8.640956294147328, 45.686375860233511 ], [ 8.641160302867627, 45.686652688499791 ], [ 8.64129208600488, 45.686831476570028 ], [ 8.641715928458112, 45.687327843938348 ], [ 8.642052528974077, 45.687689738325403 ], [ 8.642173524371684, 45.687819810490396 ], [ 8.642259752742206, 45.687905413913541 ], [ 8.642601042192783, 45.688244183765562 ], [ 8.643554299944531, 45.689304741751911 ], [ 8.643969497630922, 45.689904581417693 ], [ 8.644472576133218, 45.690572198405725 ], [ 8.644772889755021, 45.691063669205306 ], [ 8.644931474040229, 45.691400587359041 ], [ 8.645016863539032, 45.691581951338712 ], [ 8.645251314620117, 45.691920635762685 ], [ 8.645350944618668, 45.692064542611476 ], [ 8.6456946768701, 45.692547143894572 ], [ 8.645931961635869, 45.692735416406414 ], [ 8.646047671138799, 45.692827209922442 ], [ 8.646047705560406, 45.692827250532851 ], [ 8.646235049915729, 45.693094589414891 ], [ 8.646509118370451, 45.69348566527281 ], [ 8.646647575839674, 45.693678551201046 ], [ 8.646884761502779, 45.694008936435509 ], [ 8.647121010195404, 45.69448220467001 ], [ 8.64735379733799, 45.694995960930584 ], [ 8.647535849692233, 45.695368917687695 ], [ 8.647608991547699, 45.695518729010139 ], [ 8.64769830108245, 45.695765258150431 ], [ 8.648038297914306, 45.69670369921058 ], [ 8.648418252002697, 45.697564435523056 ], [ 8.648571151535096, 45.698019437783309 ], [ 8.64876999427689, 45.698573592832211 ], [ 8.64899932178554, 45.69913233975371 ], [ 8.649130476187969, 45.699417005746611 ], [ 8.64921319271401, 45.699596492251956 ], [ 8.649277739228872, 45.69976647925067 ], [ 8.649418551418465, 45.700137199892644 ], [ 8.649808556935984, 45.701195974568428 ], [ 8.650245784962532, 45.702151386463811 ], [ 8.650462448977478, 45.702683062767711 ], [ 8.650762939212267, 45.703165525486064 ], [ 8.650809568798469, 45.703235900496338 ], [ 8.651106569230912, 45.703684128690128 ], [ 8.651440874971284, 45.704153183474432 ], [ 8.651853778316461, 45.704635977098285 ], [ 8.65304281692752, 45.705814179825708 ], [ 8.653775817200303, 45.706510835118969 ], [ 8.654011895162485, 45.706735186277712 ], [ 8.654374966451627, 45.707231327163584 ], [ 8.654705912307197, 45.707731867469299 ], [ 8.654730075396296, 45.707796701326998 ], [ 8.654892328651275, 45.708231956789739 ], [ 8.655001516181057, 45.708629845113741 ], [ 8.655043142582423, 45.708781465224135 ], [ 8.655087778681963, 45.709024053874302 ], [ 8.655105285336409, 45.709119165163969 ], [ 8.65512423227044, 45.709434244347769 ], [ 8.655105572252557, 45.709596200760828 ], [ 8.655093089217319, 45.709798677647498 ], [ 8.655063737631821, 45.710019680364205 ], [ 8.65505606492178, 45.710077557590573 ], [ 8.655051699253066, 45.710114535026094 ], [ 8.655039108106733, 45.710221548106091 ], [ 8.654994931517461, 45.710456484278318 ], [ 8.654994283370476, 45.710459926929694 ], [ 8.654953030073971, 45.710639817573046 ], [ 8.654936724073094, 45.710680271953457 ], [ 8.654914049702752, 45.710711705390018 ], [ 8.654889710122353, 45.710752134597854 ], [ 8.654866787689951, 45.710824070901751 ], [ 8.65485036559866, 45.710882531929862 ], [ 8.654803134909786, 45.710990390803218 ], [ 8.654739786548882, 45.711107208055019 ], [ 8.654710516688969, 45.711165624833356 ], [ 8.654684436086733, 45.711228552545741 ], [ 8.654583957527981, 45.711376757593193 ], [ 8.654295083751663, 45.711866420515769 ], [ 8.65415370543751, 45.71239703376019 ], [ 8.65414556822356, 45.712676027724839 ], [ 8.654137483007304, 45.712945952624132 ], [ 8.654137482574255, 45.712946022829072 ], [ 8.653922612224395, 45.713413406674327 ], [ 8.653551622647377, 45.713934323380528 ], [ 8.652184834547738, 45.715239768101952 ], [ 8.651378674466464, 45.716002369906484 ], [ 8.650911530181402, 45.716482478978179 ], [ 8.650571318223669, 45.716953974489648 ], [ 8.649474525834009, 45.718210708993126 ], [ 8.648529989096824, 45.719256387059211 ], [ 8.648018020178505, 45.719704844258843 ], [ 8.647631633050349, 45.720104180361076 ], [ 8.647602608232363, 45.720122092422898 ], [ 8.647411493637073, 45.720373523138385 ], [ 8.647363026792343, 45.720418375709656 ], [ 8.647257976828461, 45.720521558717579 ], [ 8.647157800494835, 45.720615756787971 ], [ 8.647020566120142, 45.720727841864793 ], [ 8.646886601633554, 45.72083093519057 ], [ 8.646747651687944, 45.720961011712916 ], [ 8.646636166917979, 45.721064177843985 ], [ 8.646495689558359, 45.721180751746424 ], [ 8.646332697176405, 45.721301757975134 ], [ 8.646200394392316, 45.721395853940678 ], [ 8.646034188255143, 45.721516850687195 ], [ 8.645919577739202, 45.721606500741359 ], [ 8.645788822902366, 45.721709603611806 ], [ 8.645688726032585, 45.721790298538309 ], [ 8.645561349735656, 45.721866409256748 ], [ 8.645118441189927, 45.722054049132147 ], [ 8.645107140399924, 45.722063013917889 ], [ 8.644459206970501, 45.722401888984301 ], [ 8.644439914917006, 45.722411978235669 ], [ 8.644353417971164, 45.722445738295015 ], [ 8.643776506976691, 45.722670920164063 ], [ 8.643047441369738, 45.722893664368655 ], [ 8.642370058366984, 45.723071560867794 ], [ 8.64165736015841, 45.723244840393711 ], [ 8.640498026904234, 45.72343021394461 ], [ 8.639799349413, 45.723419016171135 ], [ 8.638620804926735, 45.723343289998432 ], [ 8.637826681870202, 45.723187766538871 ], [ 8.63726975134503, 45.723069895877593 ], [ 8.637071064886076, 45.723027853184931 ], [ 8.636974489733674, 45.723005548441321 ], [ 8.636399106303003, 45.722872714994004 ], [ 8.635625759461348, 45.722735241214039 ], [ 8.634924730549688, 45.722593496507599 ], [ 8.632695228219703, 45.722343337484098 ], [ 8.63187303673633, 45.722309190312025 ], [ 8.629952227563543, 45.722262487004947 ], [ 8.628405592172221, 45.722230469275118 ], [ 8.627646730058267, 45.72233600896466 ], [ 8.625923819445179, 45.722964931016335 ], [ 8.624886441774638, 45.723358282663654 ], [ 8.624735340970657, 45.723415576915436 ], [ 8.624055586694265, 45.723701353866851 ], [ 8.623481254076209, 45.723885795951873 ], [ 8.62340360423474, 45.723910737728097 ], [ 8.623206750913933, 45.723975415491921 ], [ 8.622698497125025, 45.724142416497664 ], [ 8.622017611406523, 45.724351681680204 ], [ 8.62124540332837, 45.724524638751738 ], [ 8.619706702888367, 45.724735546279263 ], [ 8.617579708557965, 45.724998470169638 ], [ 8.617579658403368, 45.724998475402238 ], [ 8.617255161824614, 45.725019918654326 ], [ 8.616801882153011, 45.725049870498772 ], [ 8.616073880458838, 45.725096931679964 ], [ 8.615292712569813, 45.725166310273408 ], [ 8.614545181850392, 45.725249300889651 ], [ 8.613786657779857, 45.725296242716468 ], [ 8.612070117919274, 45.725423431840376 ], [ 8.611695655523224, 45.725451185501385 ], [ 8.610536044732546, 45.725522312200127 ], [ 8.61002757634224, 45.725553501749872 ], [ 8.609220885330332, 45.725595750252616 ], [ 8.608478569207177, 45.72562021301303 ], [ 8.607715368581468, 45.725644598344672 ], [ 8.60694738239196, 45.725664461722758 ], [ 8.606162982988836, 45.725733767670832 ], [ 8.604901680936045, 45.726003934949382 ], [ 8.603315473348866, 45.726331465758363 ], [ 8.602544693001439, 45.726517803414957 ], [ 8.601808990935099, 45.726740258555068 ], [ 8.601124879738943, 45.726935887630823 ], [ 8.600467877447427, 45.72715860975039 ], [ 8.599764381980172, 45.727367664050874 ], [ 8.598474709375227, 45.727777170319165 ], [ 8.597012871601127, 45.728222058892086 ], [ 8.596308932441897, 45.728489593581934 ], [ 8.595635410256675, 45.728770733648958 ], [ 8.594994009025468, 45.729051985401654 ], [ 8.593909608953686, 45.729723183760846 ], [ 8.592824562887667, 45.730479877726836 ], [ 8.591963547122866, 45.731354369885722 ], [ 8.591571469082224, 45.731807499974032 ], [ 8.591240174427019, 45.732296852857907 ], [ 8.590929757936015, 45.732786274994375 ], [ 8.590342873304309, 45.7337337410438 ], [ 8.589896889277361, 45.734744710656329 ], [ 8.58962946623735, 45.73528378849872 ], [ 8.589432792411335, 45.735814117357187 ], [ 8.589263625954876, 45.736317544219013 ], [ 8.589100815800583, 45.736829996213274 ], [ 8.588966094495587, 45.737363671082583 ], [ 8.588963494377415, 45.737373978405934 ], [ 8.588959140266176, 45.737398575334979 ], [ 8.588916549399277, 45.737639388790882 ], [ 8.588317307805145, 45.740481427232936 ], [ 8.58818072262731, 45.74070144823304 ], [ 8.58786380645325, 45.741190841504491 ], [ 8.587540122266837, 45.741725209617108 ], [ 8.587466992310764, 45.741837452374128 ], [ 8.587346797608365, 45.742012531314757 ], [ 8.587229917869097, 45.742174120062707 ], [ 8.587159320185121, 45.742267382863616 ], [ 8.587121226193418, 45.742317729559979 ], [ 8.587034458294417, 45.742431855206902 ], [ 8.586988155362183, 45.742492769678158 ], [ 8.586868058617377, 45.742654346413559 ], [ 8.586782004940972, 45.742775545439621 ], [ 8.586699229735711, 45.742887751900703 ], [ 8.586604874102305, 45.743044921983625 ], [ 8.58649431780343, 45.743220033064844 ], [ 8.586423744503971, 45.743331409504954 ], [ 8.586414665707849, 45.743345746348382 ], [ 8.586379024763788, 45.743405613666944 ], [ 8.586302391289971, 45.743534360250109 ], [ 8.58621121393157, 45.743696041876532 ], [ 8.586087434292871, 45.743920608807898 ], [ 8.586017577530225, 45.744023861697784 ], [ 8.58594119316064, 45.744140594719816 ], [ 8.585817644422521, 45.74433365683678 ], [ 8.585700554352059, 45.744522248157359 ], [ 8.585604552949887, 45.744683910879381 ], [ 8.585507045297256, 45.744832066020813 ], [ 8.585383726696072, 45.744993630343053 ], [ 8.585344727842207, 45.745051993711563 ], [ 8.585320394865626, 45.74508340713578 ], [ 8.58108568650354, 45.749667268386411 ], [ 8.582432797734478, 45.750201796355242 ], [ 8.586248558118033, 45.751715712554066 ], [ 8.587231837705572, 45.752096817856689 ], [ 8.588229291440179, 45.752483376999457 ], [ 8.591057810378295, 45.753600595558446 ], [ 8.591072424344768, 45.753573651944585 ], [ 8.591111312306584, 45.753533294091866 ], [ 8.591171021006916, 45.753502012369289 ], [ 8.591225847783532, 45.753470710448916 ], [ 8.591285858813125, 45.753449074040851 ], [ 8.591376386311138, 45.753453622790147 ], [ 8.59147171592905, 45.7534715889403 ], [ 8.591503683727856, 45.753507699900219 ], [ 8.59153050784766, 45.753566289811786 ], [ 8.591549477015814, 45.753611352326061 ], [ 8.591566985754845, 45.753638414436779 ], [ 8.591605448052613, 45.753656548003526 ], [ 8.591640059869846, 45.753725053936911 ], [ 8.591736655132166, 45.753725399139974 ], [ 8.591827242143468, 45.753721497849853 ], [ 8.591905758786865, 45.753717548875194 ], [ 8.591984303622619, 45.753709376800138 ], [ 8.592027955568158, 45.75367155405614 ], [ 8.592057093906799, 45.753644662178473 ], [ 8.592083152263497, 45.753604259087112 ], [ 8.592069183448309, 45.753527718224923 ], [ 8.592063181025695, 45.753478200823743 ] ], [ [ 8.684555639064868, 45.665116456260044 ], [ 8.68405795193727, 45.664672771574267 ], [ 8.683188950949726, 45.664487415020069 ], [ 8.681961878315176, 45.665007218593658 ], [ 8.680476185523728, 45.664386815313968 ], [ 8.679833794788614, 45.664154101108487 ], [ 8.679914154142699, 45.663835481839556 ], [ 8.679974245653208, 45.663543897471932 ], [ 8.680183236063515, 45.663165347634305 ], [ 8.680397985169241, 45.662816508306456 ], [ 8.680629835344851, 45.662438291578937 ], [ 8.681027096087586, 45.661973242147248 ], [ 8.681352464169031, 45.661509430040461 ], [ 8.681576649364025, 45.661174475176416 ], [ 8.681798771257595, 45.660791549294686 ], [ 8.682018100599597, 45.660397094050623 ], [ 8.682141051447475, 45.660067615866673 ], [ 8.682310700522756, 45.659697590595137 ], [ 8.682452022362217, 45.659414057740399 ], [ 8.682419353726345, 45.659294816797313 ], [ 8.682437388735883, 45.659231151454122 ], [ 8.682587461717906, 45.659102971940314 ], [ 8.682747232822162, 45.658981835349742 ], [ 8.68295568082754, 45.658863623903684 ], [ 8.683072596877281, 45.658757937651494 ], [ 8.683418809104181, 45.658609601638332 ], [ 8.683721736361258, 45.658497227508072 ], [ 8.684097943582691, 45.658321971601673 ], [ 8.684405897486096, 45.658143471024175 ], [ 8.68471493875243, 45.657921591029094 ], [ 8.684988482441709, 45.657687734742922 ], [ 8.685334866104089, 45.657411605042817 ], [ 8.685908830588636, 45.656791337296241 ], [ 8.686991434677722, 45.657372592338497 ], [ 8.688879500079812, 45.658421654746341 ], [ 8.688319065511781, 45.659144830885026 ], [ 8.687783946687922, 45.659651466157079 ], [ 8.687624507254881, 45.660610885608698 ], [ 8.687449875343601, 45.661407914188146 ], [ 8.687922624620535, 45.66249244113034 ], [ 8.687262595511685, 45.662917377927783 ], [ 8.686415127885073, 45.663524842940689 ], [ 8.685808817393603, 45.664012194883682 ], [ 8.686117340066637, 45.66432459576847 ], [ 8.684555639064868, 45.665116456260044 ] ], [ [ 8.67354915346923, 45.633392159891478 ], [ 8.673394822692938, 45.633496107937368 ], [ 8.673080217646103, 45.633416286150066 ], [ 8.67293672439285, 45.633384652115403 ], [ 8.672779997291332, 45.633318597352101 ], [ 8.672493839468995, 45.633277550412991 ], [ 8.672293590331048, 45.63323675102103 ], [ 8.672304530129344, 45.63333829576505 ], [ 8.672321151543324, 45.633409165440128 ], [ 8.672378092046975, 45.633478173241997 ], [ 8.672217187839065, 45.633457462302353 ], [ 8.671930756002546, 45.633499389117844 ], [ 8.67175506126533, 45.633547930492206 ], [ 8.671514595854866, 45.633672059681864 ], [ 8.671225408971326, 45.633805498231759 ], [ 8.670962505832529, 45.633984545639755 ], [ 8.670822933892456, 45.634096996279503 ], [ 8.670560072763118, 45.634287472249689 ], [ 8.670443599468749, 45.634429592173085 ], [ 8.670301373679079, 45.634651825103276 ], [ 8.670198149721124, 45.634844110057436 ], [ 8.670143124775674, 45.634917477052682 ], [ 8.66994096818226, 45.635056650540953 ], [ 8.669782452751985, 45.635115319536787 ], [ 8.669634511153191, 45.635174106199031 ], [ 8.669370658563933, 45.635225090101223 ], [ 8.669118787582867, 45.635272416817564 ], [ 8.669008009289538, 45.635272638670472 ], [ 8.66869219301781, 45.635307810630678 ], [ 8.668453042434919, 45.635296406631035 ], [ 8.668347708506587, 45.635288722830161 ], [ 8.668199835735695, 45.63531790469176 ], [ 8.667914928023741, 45.635368819576605 ], [ 8.667831536502826, 45.635371816571812 ], [ 8.667689692232802, 45.6354552782742 ], [ 8.667602499624405, 45.635493091322182 ], [ 8.667276150349643, 45.635537949717687 ], [ 8.667549346794672, 45.63530233397934 ], [ 8.668073297849604, 45.634922558521353 ], [ 8.668248474630287, 45.634694305237673 ], [ 8.668392859748122, 45.634466506858402 ], [ 8.668854172759204, 45.633868941325304 ], [ 8.668725896097115, 45.633751491667937 ], [ 8.668885191798815, 45.633559640564954 ], [ 8.669054526580066, 45.63344178883942 ], [ 8.66925564756726, 45.633316649029325 ], [ 8.669505723207143, 45.63323143009665 ], [ 8.669667422826159, 45.633206882389977 ], [ 8.670268825022584, 45.633127262185916 ], [ 8.670312191138729, 45.63296630133221 ], [ 8.670387110755973, 45.632963817237957 ], [ 8.670722354776704, 45.632914927857215 ], [ 8.671002208081397, 45.632856966170216 ], [ 8.671298451376865, 45.63281957217329 ], [ 8.671620757214235, 45.632775320710586 ], [ 8.671874753864234, 45.632760932562398 ], [ 8.672190591189301, 45.632737177629373 ], [ 8.672320938478899, 45.632736831503799 ], [ 8.672985361755229, 45.63271623661177 ], [ 8.673107836308185, 45.633086906021425 ], [ 8.673788092699393, 45.632982114779075 ], [ 8.673674903772275, 45.632522834169379 ], [ 8.674156141587044, 45.632363747321584 ], [ 8.67461723646141, 45.632266968512823 ], [ 8.675001242858706, 45.631997812283522 ], [ 8.675368132106845, 45.631779542375469 ], [ 8.675659942570379, 45.631518043605396 ], [ 8.675925908738295, 45.631297777839514 ], [ 8.676211843496244, 45.631155226277109 ], [ 8.676598043985315, 45.630888950246089 ], [ 8.676870882122175, 45.6307417784747 ], [ 8.677290221100462, 45.630580612185902 ], [ 8.677748673878636, 45.630423789630591 ], [ 8.678164874460911, 45.630292314346882 ], [ 8.678542037009418, 45.630160903221984 ], [ 8.678902902171107, 45.63001127216009 ], [ 8.679231168882488, 45.629882334283508 ], [ 8.679448842500944, 45.629778819768575 ], [ 8.679881620843634, 45.629688419985989 ], [ 8.680382757693664, 45.629595599561178 ], [ 8.680727715861094, 45.62954436682768 ], [ 8.68123235734812, 45.62948575061548 ], [ 8.681675191050561, 45.62950597016318 ], [ 8.681801046975933, 45.629624659653778 ], [ 8.681794187320762, 45.629865191386507 ], [ 8.6821086458369, 45.62983843757516 ], [ 8.682243334880189, 45.629723082787244 ], [ 8.68245797840458, 45.62964934719772 ], [ 8.682682924685825, 45.629568525483585 ], [ 8.682955022781496, 45.629530674134799 ], [ 8.683141944417869, 45.6294761160175 ], [ 8.683314096279709, 45.629414586833093 ], [ 8.683466695706999, 45.629349496451873 ], [ 8.683535111066618, 45.629411688924321 ], [ 8.683565300282947, 45.629611917306221 ], [ 8.683595736724461, 45.629824563144922 ], [ 8.683633007331924, 45.630082854521184 ], [ 8.683631132493431, 45.630341303902526 ], [ 8.683615755006668, 45.630517379854112 ], [ 8.683571809334477, 45.630826289828931 ], [ 8.683517567324238, 45.631027634423454 ], [ 8.683499795380277, 45.631197312143932 ], [ 8.683498692602369, 45.63137477413899 ], [ 8.683393303239029, 45.631547174865702 ], [ 8.683130138816386, 45.631669105411895 ], [ 8.68274609087959, 45.631727347569466 ], [ 8.682244820257923, 45.631804159001533 ], [ 8.681899836329602, 45.631857737367319 ], [ 8.681405068657243, 45.631925384071927 ], [ 8.681115200199431, 45.631942216247673 ], [ 8.680628106523368, 45.631943738575146 ], [ 8.680080047136894, 45.631912596558813 ], [ 8.679616328206745, 45.631896540905799 ], [ 8.679321078448911, 45.63191047224003 ], [ 8.67888692217954, 45.631904934083579 ], [ 8.678799394688534, 45.631911346913846 ], [ 8.678731340054547, 45.63191619607278 ], [ 8.678732788802753, 45.631959037371878 ], [ 8.678749791460154, 45.632446211881202 ], [ 8.678675871243659, 45.632515119425079 ], [ 8.678474849929634, 45.63260904919315 ], [ 8.678206719914085, 45.632671377255079 ], [ 8.677983989159634, 45.63263916449727 ], [ 8.677783559313365, 45.632629601136927 ], [ 8.677438720886279, 45.632637628036221 ], [ 8.677249448761065, 45.632637094370523 ], [ 8.677082821724182, 45.632618624345092 ], [ 8.676871237542944, 45.632671844435812 ], [ 8.676480576518431, 45.632700438261722 ], [ 8.67631250822124, 45.632711033330601 ], [ 8.676123111431044, 45.632732992566311 ], [ 8.675945420526848, 45.632687492130167 ], [ 8.674987959438223, 45.632887799858771 ], [ 8.674778812136873, 45.633068630063313 ], [ 8.674556406815663, 45.633218106083675 ], [ 8.674349822170663, 45.633248204257299 ], [ 8.674144742223147, 45.633292256887032 ], [ 8.67397535279888, 45.633292671899845 ], [ 8.673776862004795, 45.633332062190476 ], [ 8.67354915346923, 45.633392159891478 ] ], [ [ 9.098110007662029, 45.206941615349649 ], [ 9.096731067636703, 45.205881981746856 ], [ 9.096121328056245, 45.206200377271095 ], [ 9.095336131246842, 45.205523078892213 ], [ 9.095994480998282, 45.205139939557121 ], [ 9.096707236981075, 45.204770604713893 ], [ 9.097325566142446, 45.204450219209633 ], [ 9.097724555882314, 45.204197788601945 ], [ 9.098624807392202, 45.203823512997992 ], [ 9.099323096582561, 45.203548314821816 ], [ 9.099518788745094, 45.203534645666295 ], [ 9.099727333367536, 45.203543461764902 ], [ 9.099959711757526, 45.203552258425979 ], [ 9.100051966466424, 45.203529674534117 ], [ 9.100010478581646, 45.203462214135477 ], [ 9.099970581623348, 45.203403748532672 ], [ 9.099968902821995, 45.203345249469706 ], [ 9.100269524680995, 45.20323248657877 ], [ 9.100589215140577, 45.203097115672122 ], [ 9.100780071569464, 45.20302044547428 ], [ 9.101061516848652, 45.202871697288927 ], [ 9.101279219653113, 45.20271850324513 ], [ 9.101564038341417, 45.202755507971411 ], [ 9.103922568983506, 45.205102707805281 ], [ 9.101600867992804, 45.206453716423347 ], [ 9.101386623820918, 45.20672849432151 ], [ 9.100126088852612, 45.205856536599264 ], [ 9.098110007662029, 45.206941615349649 ] ], [ [ 8.99354342627176, 45.22502068443027 ], [ 8.994676195910149, 45.223488416927459 ], [ 8.997523783247564, 45.22456337213125 ], [ 8.995808559121617, 45.226918958162592 ], [ 8.993963798334157, 45.22801659326182 ], [ 8.993672481278628, 45.228291075747279 ], [ 8.993089975208752, 45.228565450214752 ], [ 8.992539727784285, 45.228725523738191 ], [ 8.992539739757513, 45.228633994024435 ], [ 8.993154759267089, 45.227925110628682 ], [ 8.995129036961105, 45.225683965460561 ], [ 8.99354342627176, 45.22502068443027 ] ], [ [ 9.184589001153723, 45.15389326674147 ], [ 9.183612602419114, 45.153101406087679 ], [ 9.18389036631188, 45.153026887930622 ], [ 9.183919125542637, 45.151662799919663 ], [ 9.184266532098318, 45.151588260475066 ], [ 9.184315133603553, 45.150620589698079 ], [ 9.184291256204125, 45.149331467417397 ], [ 9.185991656527001, 45.150618221039053 ], [ 9.187046213851003, 45.151190333048007 ], [ 9.186769136889582, 45.15143846883101 ], [ 9.186570653470431, 45.151661634513459 ], [ 9.187850806277211, 45.152305997643452 ], [ 9.186809915596781, 45.152777691059576 ], [ 9.186185432964963, 45.152976537237187 ], [ 9.185201130314784, 45.15379435094632 ], [ 9.185011216412867, 45.153655071437122 ], [ 9.184589001153723, 45.15389326674147 ] ], [ [ 9.164003352832175, 45.166872561663894 ], [ 9.165099035758971, 45.16636085696431 ], [ 9.165968321443389, 45.166844872226044 ], [ 9.164470249915274, 45.167511786946889 ], [ 9.164614865537663, 45.168681933178924 ], [ 9.165302254197215, 45.16874150352843 ], [ 9.165394586448368, 45.169896607695875 ], [ 9.165654635056228, 45.16993807591831 ], [ 9.165698226991934, 45.170783110802688 ], [ 9.164827562932414, 45.170859074503774 ], [ 9.164409821468286, 45.170939060429902 ], [ 9.163508212518273, 45.171056639064744 ], [ 9.162329679127616, 45.170700220806246 ], [ 9.162209966405591, 45.170707682235474 ], [ 9.162388003450396, 45.170213330959953 ], [ 9.16284519031889, 45.170352084175931 ], [ 9.163183592973745, 45.170417387983449 ], [ 9.163537602155277, 45.170363600817488 ], [ 9.163523635447623, 45.169335285761846 ], [ 9.163986554096423, 45.169350548665349 ], [ 9.163773171786454, 45.167653462127561 ], [ 9.16424030907455, 45.167499518217838 ], [ 9.164436688828793, 45.167372875712196 ], [ 9.164459506330868, 45.167278792589116 ], [ 9.164003352832175, 45.166872561663894 ] ], [ [ 9.086520364244773, 45.19376997136181 ], [ 9.085243752440691, 45.191771694469715 ], [ 9.085596092332041, 45.191794470607334 ], [ 9.086002109606444, 45.190869149681419 ], [ 9.085727248109075, 45.190775488276635 ], [ 9.085959156242506, 45.190158546884987 ], [ 9.086803027877398, 45.19035725325255 ], [ 9.086358428619446, 45.191444873167725 ], [ 9.087074701267161, 45.1917331338298 ], [ 9.087425801317416, 45.192043358608984 ], [ 9.088947177260289, 45.191330370607936 ], [ 9.08943274326775, 45.191830654541207 ], [ 9.087930603387838, 45.19249800401532 ], [ 9.088325591970017, 45.192943464961608 ], [ 9.088187134478305, 45.193018631976102 ], [ 9.086520364244773, 45.19376997136181 ] ], [ [ 8.904293540832381, 45.351970015797242 ], [ 8.905231085275387, 45.351020413892797 ], [ 8.906240993293201, 45.351575622902082 ], [ 8.906766167327365, 45.350942462472894 ], [ 8.907708480995765, 45.351183964045561 ], [ 8.907922761766722, 45.352398654086826 ], [ 8.905714199602668, 45.353185616169554 ], [ 8.904293540832381, 45.351970015797242 ] ], [ [ 9.164321466452147, 45.160618103715109 ], [ 9.164264564921115, 45.160059014216337 ], [ 9.163683037854931, 45.160070835668101 ], [ 9.163671525822766, 45.159714448881466 ], [ 9.16295098112395, 45.159726284810468 ], [ 9.162943622436169, 45.159500127334951 ], [ 9.164531479282752, 45.159512959315641 ], [ 9.164750739319738, 45.159797404911593 ], [ 9.164742320122244, 45.160734672207916 ], [ 9.164219617752936, 45.161065551421359 ], [ 9.163929884549946, 45.16090342715394 ], [ 9.163926053280225, 45.160885162858378 ], [ 9.164321466452147, 45.160618103715109 ] ] ], [ [ [ 8.977707166059732, 45.198679605303916 ], [ 8.977322621270101, 45.198316922126189 ], [ 8.976616703837076, 45.197717830411122 ], [ 8.976024490368989, 45.197398658008588 ], [ 8.97581207284229, 45.197208265073677 ], [ 8.975488715971153, 45.197199105404195 ], [ 8.975206752466406, 45.197119214620692 ], [ 8.974811858644577, 45.19695964839768 ], [ 8.974445375072193, 45.1966604090942 ], [ 8.973909856636844, 45.195922379613499 ], [ 8.9735151227549, 45.195443670064286 ], [ 8.973430552193651, 45.19534393139967 ], [ 8.973204920891025, 45.195383748653427 ], [ 8.972951050103884, 45.195423557876495 ], [ 8.972838363526346, 45.19528394214452 ], [ 8.972866610681768, 45.195044639939148 ], [ 8.972866685236971, 45.194885071866381 ], [ 8.972584709324227, 45.19486511275246 ], [ 8.972161645684981, 45.19482514044774 ], [ 8.972020672046607, 45.194785146013459 ], [ 8.970752756106418, 45.192371754903874 ], [ 8.970527223310532, 45.192032667904584 ], [ 8.97032993637472, 45.191893026851517 ], [ 8.968807431376325, 45.191134821272698 ], [ 8.968187257055012, 45.190516441107555 ], [ 8.967905447581552, 45.190237094026173 ], [ 8.967567075986288, 45.190117386632409 ], [ 8.966862089333324, 45.190077314257429 ], [ 8.966580045351755, 45.190037272056358 ], [ 8.966016123470736, 45.189857644727155 ], [ 8.965705899945409, 45.189897422902852 ], [ 8.965282805169149, 45.189977125101585 ], [ 8.964944414923686, 45.189897190814804 ], [ 8.963844839228182, 45.189517947046312 ], [ 8.96313992441852, 45.189378131687413 ], [ 8.961870717349624, 45.18949741235626 ], [ 8.961278776023578, 45.189178073106675 ], [ 8.961109411261505, 45.189397434732207 ], [ 8.961024531100728, 45.189796194977092 ], [ 8.960770420159568, 45.190214966254011 ], [ 8.960685727337419, 45.190334547136906 ], [ 8.960093070134983, 45.190892788930121 ], [ 8.959500645967283, 45.191251499473566 ], [ 8.959641614950721, 45.191271530279607 ], [ 8.959980032638711, 45.191311517557111 ], [ 8.960487515498016, 45.191431396950669 ], [ 8.960600501303121, 45.191231995095954 ], [ 8.960995441684322, 45.191052581551325 ], [ 8.961136437836791, 45.191032739626039 ], [ 8.961108169399958, 45.191232169997441 ], [ 8.960937984479823, 45.192648078064451 ], [ 8.960486376540501, 45.193086581648814 ], [ 8.960486322572487, 45.193166410709345 ], [ 8.960288544438251, 45.193764571833462 ], [ 8.960034548742682, 45.193983899530245 ], [ 8.959910139725174, 45.194591173597807 ], [ 8.959835332697574, 45.19467889689767 ], [ 8.95969503058358, 45.194589478497882 ], [ 8.959780981043302, 45.194935738062007 ], [ 8.959936353873607, 45.195239452361825 ], [ 8.960173706134633, 45.195568934275393 ], [ 8.960397213351269, 45.195878070822815 ], [ 8.960576147482287, 45.196128603617041 ], [ 8.960713342698929, 45.1963112585847 ], [ 8.9606943925818, 45.196698699623433 ], [ 8.960629826660469, 45.197002246066553 ], [ 8.960545164672309, 45.19721695578064 ], [ 8.960347480246845, 45.197358369299877 ], [ 8.960737290203744, 45.197374431427257 ], [ 8.961112204883339, 45.19737096085089 ], [ 8.96129136441456, 45.19682922529956 ], [ 8.961469939354231, 45.197154364616232 ], [ 8.961776374382705, 45.197190556857592 ], [ 8.962006357610544, 45.1971003644992 ], [ 8.962083059067744, 45.196847580522643 ], [ 8.961853469701506, 45.196504334572005 ], [ 8.962211077651887, 45.19646836417305 ], [ 8.96578665198647, 45.196559764848047 ], [ 8.966399426520747, 45.196975296615676 ], [ 8.966773516592561, 45.196937604674844 ], [ 8.972160942225134, 45.196280973685901 ], [ 8.973519051064928, 45.198316099973248 ], [ 8.973839349306072, 45.198603271231661 ], [ 8.974437710262144, 45.198558048494156 ], [ 8.974801060899637, 45.198361749150571 ], [ 8.975228462744834, 45.198391993552825 ], [ 8.976168769777104, 45.198346923613364 ], [ 8.976510582605378, 45.198437626264813 ], [ 8.976895174264294, 45.198664323017546 ], [ 8.977194238389028, 45.198800373186948 ], [ 8.977493460680222, 45.198800432543401 ], [ 8.977707166059732, 45.198679605303916 ] ] ], [ [ [ 8.790290848100366, 45.309230953334875 ], [ 8.790631859842605, 45.308549115964496 ], [ 8.79299981175515, 45.308962905704973 ], [ 8.79329252581706, 45.308246865462479 ], [ 8.794355337870428, 45.308521740023401 ], [ 8.794935190357993, 45.308659305588193 ], [ 8.79551481490954, 45.308830886935397 ], [ 8.796044014093422, 45.307748064315092 ], [ 8.795788048595623, 45.307493725819334 ], [ 8.79566019494971, 45.307330329833164 ], [ 8.796976938788974, 45.305338631565576 ], [ 8.796976563612642, 45.305339747077781 ], [ 8.797927570852297, 45.305138894758379 ], [ 8.798184978151591, 45.304941316288449 ], [ 8.798340019625696, 45.304833571893148 ], [ 8.798571972859765, 45.304617945605571 ], [ 8.798931560516376, 45.304380039084577 ], [ 8.799318044126361, 45.304200687181456 ], [ 8.79991045261138, 45.303949682426683 ], [ 8.800552177602837, 45.303730264880379 ], [ 8.79910113884225, 45.30240452699168 ], [ 8.798874271500489, 45.302084578977706 ], [ 8.798787232210685, 45.301899898659912 ], [ 8.798682970193122, 45.301625172513489 ], [ 8.798560554791562, 45.301525941627297 ], [ 8.798142547375214, 45.301156150464756 ], [ 8.79777561101757, 45.300772943305006 ], [ 8.797583272389492, 45.300610579171774 ], [ 8.797443229821431, 45.300538321085519 ], [ 8.797181762952411, 45.300537859789529 ], [ 8.796830628915952, 45.300645255851045 ], [ 8.795918890839454, 45.30103069821628 ], [ 8.795200217211717, 45.301371471468606 ], [ 8.794567694490587, 45.301694392263947 ], [ 8.794252894580262, 45.301891859322929 ], [ 8.79421724983596, 45.302049319576213 ], [ 8.794740904912079, 45.302297796294212 ], [ 8.794916105956206, 45.302347616283704 ], [ 8.795038905953293, 45.302338835264578 ], [ 8.795406768984023, 45.302461010760496 ], [ 8.795019430447629, 45.302878884531005 ], [ 8.795472941529207, 45.303127232849917 ], [ 8.794948386082453, 45.303449630624222 ], [ 8.794947268297408, 45.303449037222386 ], [ 8.794252949464205, 45.30394773526637 ], [ 8.793954085721023, 45.303812741901808 ], [ 8.793708765988329, 45.30393722116002 ], [ 8.793409034376518, 45.304042248373754 ], [ 8.793163995780549, 45.304089867216703 ], [ 8.793068663742686, 45.304099236972526 ], [ 8.792528689159978, 45.303426167075379 ], [ 8.792476738520604, 45.303461255753696 ], [ 8.792426294021162, 45.303495353385607 ], [ 8.792371927585858, 45.303549255150692 ], [ 8.792328224656137, 45.303612222732859 ], [ 8.792315801761321, 45.303630141828783 ], [ 8.792267315520757, 45.303810082591809 ], [ 8.792164470354324, 45.304030430935661 ], [ 8.792145769914402, 45.304070799897659 ], [ 8.792108250429772, 45.304151858947364 ], [ 8.792081543336481, 45.304213487342153 ], [ 8.792071239096428, 45.304237293611457 ], [ 8.792026054905158, 45.304306396459815 ], [ 8.792018343110291, 45.304318192314447 ], [ 8.792004552172413, 45.304378773936307 ], [ 8.791998885584814, 45.30440368862044 ], [ 8.791961967787886, 45.304471132226219 ], [ 8.791953740909413, 45.304500288226208 ], [ 8.791944241671652, 45.304534145163068 ], [ 8.791908914025376, 45.304588081377197 ], [ 8.791878774470339, 45.304628653586079 ], [ 8.791868868090786, 45.304641990079084 ], [ 8.791863170038134, 45.304649684932961 ], [ 8.791825619137978, 45.304700426956579 ], [ 8.791793551609061, 45.304754369075397 ], [ 8.791691193715112, 45.304844181589964 ], [ 8.791629982506436, 45.304880840839516 ], [ 8.791571302378179, 45.304915992432178 ], [ 8.791421131569384, 45.304996732198411 ], [ 8.791392035497461, 45.305013831313573 ], [ 8.791352423697411, 45.30503715281381 ], [ 8.791274123624424, 45.305077509951325 ], [ 8.791096543780894, 45.30525718358129 ], [ 8.791038255101936, 45.305315096665993 ], [ 8.790942876964317, 45.305409926973667 ], [ 8.790855136606583, 45.305494380819177 ], [ 8.790774889589832, 45.305571682273268 ], [ 8.790646838561074, 45.305697447145199 ], [ 8.790622372314049, 45.305722163468701 ], [ 8.790526815465936, 45.305818732173492 ], [ 8.790395607451831, 45.305944511671711 ], [ 8.790353954331751, 45.305998444784713 ], [ 8.790323511047932, 45.306038895396362 ], [ 8.790268547292186, 45.306108983235077 ], [ 8.790253011347332, 45.306128811889501 ], [ 8.790200053530318, 45.306227712496003 ], [ 8.790143539071487, 45.306279615409451 ], [ 8.790112047338457, 45.306308551191037 ], [ 8.790059894765344, 45.306383058399419 ], [ 8.790027118645336, 45.306429893865342 ], [ 8.790027094335864, 45.306429913623823 ], [ 8.789908757460632, 45.306524212962309 ], [ 8.789843804622318, 45.306573951558562 ], [ 8.789820775849311, 45.306591605119401 ], [ 8.789726620747018, 45.306622930565666 ], [ 8.789654733622838, 45.306663298387924 ], [ 8.789582945011162, 45.30667666652031 ], [ 8.789523803622343, 45.306712559719408 ], [ 8.789439197597066, 45.306730394960447 ], [ 8.789414371285067, 45.306746328550041 ], [ 8.789383280776567, 45.306766298531656 ], [ 8.789348741333031, 45.30679168461257 ], [ 8.78931612429095, 45.306815671804337 ], [ 8.789244154592811, 45.30687404749925 ], [ 8.789161011584916, 45.306936902344106 ], [ 8.789159730454456, 45.306939077427963 ], [ 8.789116081536058, 45.307013335251931 ], [ 8.789020196472677, 45.307158934720611 ], [ 8.789000623930724, 45.307188680733944 ], [ 8.788989408276789, 45.30720665839614 ], [ 8.788835606789169, 45.307408872373252 ], [ 8.788713931557206, 45.307543645565673 ], [ 8.788592169218202, 45.307701010279722 ], [ 8.788379302477985, 45.307961259087058 ], [ 8.788342253799328, 45.308006564896928 ], [ 8.788311139648599, 45.308066870891558 ], [ 8.788279641221706, 45.308127926884829 ], [ 8.788231363939001, 45.30824042649391 ], [ 8.788149482247821, 45.308393272117847 ], [ 8.788137010706704, 45.308408889886131 ], [ 8.788074180972243, 45.308487645737394 ], [ 8.787938011140046, 45.30865842034288 ], [ 8.787903622500469, 45.308703431195802 ], [ 8.787865917297426, 45.308752833081151 ], [ 8.787806436869337, 45.308878722033747 ], [ 8.787805153806811, 45.30888275679532 ], [ 8.787769330293099, 45.308995660991471 ], [ 8.787694050628794, 45.309090012787195 ], [ 8.789225648574421, 45.309604384963571 ], [ 8.789999470644878, 45.309571694893279 ], [ 8.790290848100366, 45.309230953334875 ] ] ], [ [ [ 9.102720434351134, 45.204013375281619 ], [ 9.102621586520055, 45.203932465904913 ], [ 9.102554776018708, 45.203973026834156 ], [ 9.102632936278486, 45.204053954860193 ], [ 9.102720434351134, 45.204013375281619 ] ] ] ] } }
]
}
